Player,Team,AGE,Athletic_Score,final_commercial_score,potential
Nikola Jokić,DEN,30.0,0.8889707122041737,0.0,0.992221356
Shai Gilgeous-Alexander,OKC,26.0,0.8869874982570862,0.0,0.997382867
Giannis Antetokounmpo,MIL,30.0,0.8274126422782339,1.0,0.992221356
Jayson Tatum,BOS,27.0,0.7598925969995967,0.003420272,0.996117333
Karl-Anthony Towns,NYK,29.0,0.7449027170923107,0.572041005,0.99354172
Anthony Edwards,MIN,23.0,0.7445636373598128,0.0,1.001148618
James Harden,LAC,35.0,0.7330563789034329,0.0,0.985057235
Cade Cunningham,DET,23.0,0.7320943951735216,0.948196073,1.001148618
Alperen Sengun,HOU,22.0,0.7276035468647029,0.0,1.002409382
Donovan Mitchell,CLE,28.0,0.7221829098201225,0.671018596,0.994838627
Stephen Curry,GSW,37.0,0.7211546489363533,0.0,0.981792453
Luka Dončić,LAL,26.0,0.7068130021834246,0.0,0.997382867
Trae Young,ATL,26.0,0.7055352550201405,0.04691431,0.997382867
Ivica Zubac,LAC,28.0,0.7005849127631273,0.0,0.994838627
Devin Booker,PHX,28.0,0.6994484103443492,0.0,0.994838627
Tyrese Haliburton,IND,25.0,0.6950156831736609,0.00035658,0.998640092
Pascal Siakam,IND,31.0,0.6934438461565671,0.33604331,0.990871967
Tyler Herro,MIA,25.0,0.6884255550898933,0.075748167,0.998640092
Franz Wagner,ORL,23.0,0.6800323032519519,0.115949398,1.001148618
Jarrett Allen,CLE,27.0,0.6794697288271455,0.028286003,0.996117333
LeBron James,LAL,40.0,0.6786206026667584,0.0,0.976219711
Jalen Brunson,NYK,28.0,0.6770010430046924,0.899075672,0.994838627
Evan Mobley,CLE,24.0,0.6759733872706626,0.071821941,0.999893768
Domantas Sabonis,SAC,29.0,0.6756241222823522,0.0,0.99354172
Bam Adebayo,MIA,27.0,0.6689354135590782,0.15129064,0.996117333
Kevin Durant,HOU,36.0,0.6671874517553498,0.0,0.983462065
Derrick White,BOS,30.0,0.6643375497943405,0.159558367,0.992221356
Jamal Murray,DEN,28.0,0.663682609566369,0.0,0.994838627
Jalen Green,PHX,23.0,0.6628535023118409,0.0,1.001148618
Darius Garland,CLE,25.0,0.6616693407321497,0.056523548,0.998640092
Jalen Williams,OKC,24.0,0.6606442093727332,0.0,0.999893768
Victor Wembanyama,SAS,21.0,0.6569436655792457,0.0,1.003680877
Austin Reaves,LAL,27.0,0.6546161616390002,0.0,0.996117333
DeMar DeRozan,SAC,35.0,0.6544484619668566,0.0,0.985057235
Jaren Jackson Jr.,MEM,25.0,0.6516612025116268,0.0,0.998640092
Jaylen Brown,BOS,28.0,0.6498956433360888,0.875478066,0.994838627
Anthony Davis,DAL,32.0,0.6453057421835862,0.0,0.989487603
Michael Porter Jr.,BKN,27.0,0.6429759239365138,0.462397958,0.996117333
Josh Hart,NYK,30.0,0.6392625238287306,0.197399635,0.992221356
Deni Avdija,POR,24.0,0.6385400564366616,0.0,0.999893768
Naz Reid,MIN,25.0,0.6377336076256422,0.0,0.998640092
Payton Pritchard,BOS,27.0,0.636977711069485,0.08652796,0.996117333
Mikal Bridges,NYK,28.0,0.6369331337133615,0.21379875,0.994838627
De'Aaron Fox,SAS,27.0,0.6360178284034341,0.0,0.996117333
Nikola Vučević,CHI,34.0,0.6340689760356873,0.0,0.98658762
Christian Braun,DEN,24.0,0.6337784734218471,0.0,0.999893768
Desmond Bane,ORL,27.0,0.632519218452646,0.039988057,0.996117333
Damian Lillard,MIL,34.0,0.6320279078789053,0.0,0.98658762
Julius Randle,MIN,30.0,0.6310986462995195,0.0,0.992221356
OG Anunoby,NYK,27.0,0.6309080649978133,0.302125322,0.996117333
Dyson Daniels,ATL,22.0,0.6265326594704325,0.00525848,1.002409382
Coby White,CHI,25.0,0.6265267447343418,0.03594789,0.998640092
Scottie Barnes,TOR,23.0,0.6245766487040113,0.363957697,1.001148618
Amen Thompson,HOU,22.0,0.6244542669475965,0.0,1.002409382
Zach LaVine,SAC,30.0,0.6243608174251204,0.0,0.992221356
Tyrese Maxey,PHI,24.0,0.6222151597380052,0.923309293,0.999893768
Kyrie Irving,DAL,33.0,0.6166659700187123,0.0,0.988061829
Jalen Duren,DET,21.0,0.6147642875125551,0.132446839,1.003680877
Rudy Gobert,MIN,33.0,0.6139829762831596,0.0,0.988061829
Norman Powell,MIA,32.0,0.6134024707789625,0.286472403,0.989487603
LaMelo Ball,CHA,23.0,0.6130233666246075,0.257557099,1.001148618
Myles Turner,MIL,29.0,0.6099469816563203,0.000657289,0.99354172
Aaron Wiggins,OKC,26.0,0.6095191288905449,0.0,0.997382867
Malik Beasley,DET,28.0,0.608869899976666,0.0,0.994838627
Jaden McDaniels,MIN,24.0,0.6056612200735849,0.0,0.999893768
Josh Giddey,CHI,22.0,0.6052527685717277,0.168277772,1.002409382
Ja Morant,MEM,25.0,0.5933874225837231,0.0,0.998640092
RJ Barrett,TOR,25.0,0.5916051281184582,0.016598701,0.998640092
Ty Jerome,CLE,27.0,0.5875593166126298,0.0,0.996117333
Stephon Castle,SAS,20.0,0.5868075067910854,0.0,1.004968062
Miles Bridges,CHA,27.0,0.5863449350281497,0.011123349,0.996117333
Tobias Harris,DET,32.0,0.582945596398478,0.00459806,0.989487603
Shaedon Sharpe,POR,22.0,0.5825819058482818,0.0,1.002409382
Paolo Banchero,ORL,22.0,0.5822978977752382,0.128969555,1.002409382
Brook Lopez,LAC,37.0,0.5820925986673201,0.0,0.981792453
Malik Monk,SAC,27.0,0.5815760709681248,0.0,0.996117333
Isaiah Hartenstein,OKC,27.0,0.5761049145898818,0.0,0.996117333
Jonas Valančiūnas,DEN,33.0,0.5739520013262238,0.0,0.988061829
Harrison Barnes,SAS,33.0,0.5724672782770965,0.0,0.988061829
Onyeka Okongwu,ATL,24.0,0.5715169208152951,0.004241966,0.999893768
Julian Champagnie,SAS,24.0,0.5709710057430755,0.0,0.999893768
Fred VanVleet,HOU,31.0,0.5670074725956761,0.0,0.990871967
Nickeil Alexander-Walker,ATL,26.0,0.5661417535581936,0.101506157,0.997382867
Jaylen Wells,MEM,21.0,0.5659333457234113,0.0,1.003680877
Anfernee Simons,BOS,26.0,0.5652535345067382,0.023473412,0.997382867
Zach Edey,MEM,23.0,0.5647405090586199,0.0,1.001148618
Keegan Murray,SAC,24.0,0.5639883410233294,0.0,0.999893768
Obi Toppin,IND,27.0,0.563930593251974,2.41e-05,0.996117333
Toumani Camara,POR,25.0,0.5630138653223246,0.0,0.998640092
Kawhi Leonard,LAC,34.0,0.5612913858470954,0.0,0.98658762
Chris Paul,LAC,40.0,0.5601002590331787,0.0,0.976219711
Cameron Johnson,DEN,29.0,0.5574095922160026,0.0,0.99354172
Isaiah Joe,OKC,25.0,0.556664312723745,0.0,0.998640092
De'Andre Hunter,CLE,27.0,0.5555779478499479,0.000306527,0.996117333
Scotty Pippen Jr.,MEM,24.0,0.5554583815993843,0.0,0.999893768
Brandin Podziemski,GSW,22.0,0.5551249084006218,0.0,1.002409382
Bennedict Mathurin,IND,23.0,0.5545672297672346,0.015322311,1.001148618
T.J. McConnell,IND,33.0,0.5545353184375026,0.003070517,0.988061829
CJ McCollum,ATL,33.0,0.5519350884702485,0.017047303,0.988061829
Draymond Green,GSW,35.0,0.5487899562724476,0.0,0.985057235
Dillon Brooks,PHX,29.0,0.5475250755767782,0.0,0.99354172
Russell Westbrook,SAC,36.0,0.5475001665420575,0.0,0.983462065
Buddy Hield,GSW,32.0,0.5466983081338235,0.0,0.989487603
Dennis Schröder,SAC,31.0,0.5457355920072834,0.0,0.990871967
Naji Marshall,DAL,27.0,0.5452103501809271,0.0,0.996117333
Jordan Poole,NOP,26.0,0.5448470342492293,0.0,0.997382867
Keldon Johnson,SAS,25.0,0.5426846268922672,0.0,0.998640092
Quentin Grimes,PHI,25.0,0.5422106937176656,0.004129443,0.998640092
Luguentz Dort,OKC,26.0,0.5413057845788752,0.0,0.997382867
Santi Aldama,MEM,24.0,0.5403542635886844,0.0,0.999893768
Jakob Poeltl,TOR,29.0,0.5400033470392298,0.000537925,0.99354172
Zion Williamson,NOP,24.0,0.5397233984228438,0.0,0.999893768
Collin Sexton,CHA,26.0,0.5394409635199584,0.0,0.997382867
Kevin Porter Jr.,MIL,25.0,0.5381034638765935,0.010830223,0.998640092
Luke Kornet,SAS,29.0,0.5368570459881016,0.0,0.99354172
Spencer Dinwiddie,DAL,32.0,0.5358473303870182,0.0,0.989487603
Tyus Jones,ORL,29.0,0.5346471438452175,0.0,0.99354172
Georges Niang,ATL,32.0,0.5339451681116402,0.0,0.989487603
Goga Bitadze,ORL,25.0,0.533786218195489,0.0,0.998640092
Derrick Jones Jr.,LAC,28.0,0.5335550099803857,0.0,0.994838627
Devin Vassell,SAS,24.0,0.5323045731927276,0.0,0.999893768
Tari Eason,HOU,24.0,0.5307711331693387,0.0,0.999893768
Caris LeVert,DET,30.0,0.5299334686983582,0.0,0.992221356
Miles McBride,NYK,24.0,0.5294824931577777,4.53e-05,0.999893768
Lauri Markkanen,UTA,28.0,0.5290048115809888,0.0,0.994838627
Keon Ellis,SAC,25.0,0.5289262499100084,0.0,0.998640092
Andrew Wiggins,MIA,30.0,0.5284150615539918,0.019478324,0.992221356
Guerschon Yabusele,NYK,29.0,0.5263793330724404,4.06e-05,0.99354172
Duncan Robinson,DET,31.0,0.5252541610548749,0.003329315,0.990871967
Zaccharie Risacher,ATL,20.0,0.5251633549891953,0.0,1.004968062
Sam Hauser,BOS,27.0,0.5241975255570637,0.0,0.996117333
Davion Mitchell,MIA,26.0,0.523819562639929,0.000389967,0.997382867
Ronald Holland II,DET,19.0,0.5235197340208996,0.000117338,1.006276105
Scoot Henderson,POR,21.0,0.5232427875367186,0.0,1.003680877
Anthony Black,ORL,21.0,0.5231363165626236,0.00525848,1.003680877
Jrue Holiday,POR,35.0,0.5209850511595511,0.0,0.985057235
Tim Hardaway Jr.,DEN,33.0,0.5199035716687531,0.0,0.988061829
Cason Wallace,OKC,21.0,0.5192509382485779,0.0,1.003680877
Moses Moody,GSW,23.0,0.5191192185333614,0.0,1.001148618
Kristaps Porziņģis,ATL,29.0,0.5189503243436288,0.0,0.99354172
D'Angelo Russell,DAL,29.0,0.518888997369377,0.0,0.99354172
Keyonte George,UTA,21.0,0.5184128661123061,0.0,1.003680877
Klay Thompson,DAL,35.0,0.5181094679540976,0.0,0.985057235
P.J. Washington,DAL,26.0,0.5180755520731383,0.0,0.997382867
Wendell Carter Jr.,ORL,26.0,0.5179426393144473,0.000279538,0.997382867
Trey Murphy III,NOP,25.0,0.5178946328939343,0.0,0.998640092
Daniel Gafford,DAL,26.0,0.5176979571901684,0.0,0.997382867
Matas Buzelis,CHI,20.0,0.517253580576519,0.009996202,1.004968062
Walker Kessler,UTA,23.0,0.5172237544397088,0.0,1.001148618
Rui Hachimura,LAL,27.0,0.5160007867313604,0.0,0.996117333
Mike Conley,MIN,37.0,0.5158745861508307,0.0,0.981792453
Kevin Huerter,CHI,26.0,0.5148116377642171,0.0,0.997382867
AJ Green,MIL,25.0,0.514575144855172,2.79e-05,0.998640092
Max Christie,DAL,22.0,0.5145743538293681,0.0,1.002409382
Al Horford,GSW,39.0,0.5144989724532788,0.0,0.97818467
Donte DiVincenzo,MIN,28.0,0.5134334124463149,0.0,0.994838627
Kris Dunn,LAC,31.0,0.513426820025362,0.0,0.990871967
Jalen Johnson,ATL,23.0,0.512216343393696,0.557026487,1.001148618
Jabari Smith Jr.,HOU,22.0,0.5120544318178079,0.0,1.002409382
Taurean Prince,MIL,31.0,0.5104144817605695,0.0,0.990871967
John Collins,LAC,27.0,0.5097210648083901,0.0,0.996117333
Aaron Gordon,DEN,29.0,0.5096716672725564,0.0,0.99354172
Jalen Smith,CHI,25.0,0.5092774813452164,0.0,0.998640092
Royce O'Neale,PHX,32.0,0.5087736571798073,0.0,0.989487603
Keon Johnson,BKN,23.0,0.5086509905678253,0.0,1.001148618
Kevon Looney,NOP,29.0,0.5080691885631645,0.0,0.99354172
Brandon Clarke,MEM,28.0,0.5073285820602047,0.0,0.994838627
Dorian Finney-Smith,HOU,32.0,0.5069919625321357,0.0,0.989487603
Andrew Nembhard,IND,25.0,0.5059055476422097,0.044481723,0.998640092
Kenrich Williams,OKC,30.0,0.5055005328072613,0.0,0.992221356
Sam Merrill,CLE,29.0,0.5039671445866952,0.000507707,0.99354172
Donovan Clingan,POR,21.0,0.503427623755122,0.0,1.003680877
Jalen Wilson,BKN,24.0,0.5030108116634315,0.0,0.999893768
Kyle Filipowski,UTA,21.0,0.5019645055870099,0.0,1.003680877
Gary Trent Jr.,MIL,26.0,0.5001947073991091,0.0,0.997382867
Bobby Portis,MIL,30.0,0.4998011336905428,0.001357653,0.992221356
Ausar Thompson,DET,22.0,0.4992831634014863,0.011733516,1.002409382
Dalton Knecht,LAL,24.0,0.4985950180257906,0.0,0.999893768
Kelly Oubre Jr.,PHI,29.0,0.4979703302327937,8.61e-05,0.99354172
Jaime Jaquez Jr.,MIA,24.0,0.4965114943979534,0.008982806,0.999893768
Mason Plumlee,CHA,35.0,0.4963347617802287,0.0,0.985057235
Jamal Shead,TOR,22.0,0.4952789996064902,0.000522615,1.002409382
Chet Holmgren,OKC,23.0,0.4951769644722837,0.0,1.001148618
Cameron Payne,NYK,30.0,0.4951671058870321,0.0,0.992221356
Isaiah Stewart,DET,24.0,0.4950534571102565,0.00525848,0.999893768
Joel Embiid,PHI,31.0,0.4941636930387411,0.271630329,0.990871967
Kel'el Ware,MIA,21.0,0.4915574452339806,0.003154499,1.003680877
Cole Anthony,MIL,25.0,0.490045797228767,0.0,0.998640092
Kentavious Caldwell-Pope,MEM,32.0,0.4890268493049474,0.0,0.989487603
Yves Missi,NOP,21.0,0.4884612593816955,0.0,1.003680877
Luke Kennard,ATL,29.0,0.4875448209394691,0.0,0.99354172
Mark Williams,PHX,23.0,0.4849034986570688,0.0,1.001148618
Paul George,PHI,35.0,0.4842613291055579,0.075748167,0.985057235
Haywood Highsmith,MIA,28.0,0.4839684350801846,0.0,0.994838627
Julian Phillips,CHI,21.0,0.4821043974134212,0.0,1.003680877
Grayson Allen,PHX,29.0,0.4818879394885415,0.0,0.99354172
Nicolas Batum,LAC,36.0,0.4818276203179752,0.0,0.983462065
Jake LaRavia,LAL,23.0,0.4811150852173051,0.0,1.001148618
Ryan Dunn,PHX,22.0,0.4802169734993477,0.0,1.002409382
Jonathan Kuminga,GSW,22.0,0.4801534813473344,0.0,1.002409382
Peyton Watson,DEN,22.0,0.4767311799803284,0.0,1.002409382
Ricky Council IV,PHI,23.0,0.4761987289643964,0.0,1.001148618
Kyle Kuzma,MIL,29.0,0.4760450229734816,0.006176113,0.99354172
Nic Claxton,BKN,26.0,0.4750189789306517,0.006176113,0.997382867
Jonathan Isaac,ORL,27.0,0.4736906594108875,0.0,0.996117333
Simone Fontecchio,MIA,29.0,0.4714542155035041,9.29e-06,0.99354172
Brice Sensabaugh,UTA,21.0,0.4705158092807286,0.0,1.003680877
Alex Caruso,OKC,31.0,0.4703901996677687,0.0,0.990871967
Tristan da Silva,ORL,24.0,0.4688891637058623,0.000451888,0.999893768
Steven Adams,HOU,31.0,0.4684898096218954,0.0,0.990871967
Trey Lyles,SAC,29.0,0.4680013895413708,0.0,0.99354172
Bogdan Bogdanović,LAC,32.0,0.4679414132212237,0.0,0.989487603
Dalano Banton,POR,25.0,0.4670932391671415,0.0,0.998640092
Gabe Vincent,LAL,29.0,0.4656797458678191,0.0,0.99354172
Bradley Beal,LAC,32.0,0.4620998277682259,0.0,0.989487603
Ochai Agbaji,TOR,25.0,0.4620321512536798,0.0,0.998640092
Dean Wade,CLE,28.0,0.4611159625797192,0.0,0.994838627
Brandon Miller,CHA,22.0,0.4608267976533856,0.00851513,1.002409382
Cam Thomas,BKN,23.0,0.4602603237510606,0.006343799,1.001148618
Clint Capela,HOU,31.0,0.4602059125478911,0.0,0.990871967
Justin Champagnie,WAS,24.0,0.459844375372021,0.0,0.999893768
Kyshawn George,WAS,21.0,0.4595961041895447,0.000426127,1.003680877
Immanuel Quickley,TOR,26.0,0.4591579001452206,0.012711833,0.997382867
Jalen Suggs,ORL,24.0,0.4590574332355304,0.002280181,0.999893768
Jeremy Sochan,SAS,22.0,0.4587210260513623,0.0,1.002409382
Dejounte Murray,NOP,28.0,0.4576470434250945,0.0,0.994838627
Amir Coffey,MIL,28.0,0.45752027417502,0.0,0.994838627
Gradey Dick,TOR,21.0,0.4564798638076149,0.000426127,1.003680877
Terry Rozier,MIA,31.0,0.4564785227143424,0.0,0.990871967
Terance Mann,BKN,28.0,0.4561088141742284,0.000155922,0.994838627
Chris Boucher,BOS,32.0,0.4549477479151106,0.0,0.989487603
Jose Alvarado,NOP,27.0,0.4543636441074244,0.0,0.996117333
Neemias Queta,BOS,25.0,0.4543226083633256,0.055038885,0.998640092
Bilal Coulibaly,WAS,20.0,0.4523058054915897,0.000603402,1.004968062
Sandro Mamukelashvili,TOR,26.0,0.4520397388797239,0.000166921,0.997382867
Isaiah Collier,UTA,20.0,0.4512715512827693,0.0,1.004968062
Day'Ron Sharpe,BKN,23.0,0.4510378648960778,0.0,1.001148618
Jusuf Nurkić,UTA,30.0,0.4504518819212108,0.0,0.992221356
Zach Collins,CHI,27.0,0.449734425846331,0.0,0.996117333
Aaron Nesmith,IND,25.0,0.4478127288337135,0.003070517,0.998640092
Dereck Lively II,DAL,21.0,0.4474099994230555,0.0,1.003680877
Trayce Jackson-Davis,GSW,25.0,0.4465979353929493,0.0,0.998640092
Brandon Ingram,TOR,27.0,0.4463185961510554,0.42693446,0.996117333
Thomas Bryant,CLE,27.0,0.4459428776922057,0.0,0.996117333
Max Strus,CLE,29.0,0.4448621437264498,0.0,0.99354172
Corey Kispert,ATL,26.0,0.4439980420423853,0.0,0.997382867
Jared Butler,PHI,24.0,0.4434629003631339,0.0,0.999893768
Gary Payton II,GSW,32.0,0.4426595668350809,0.0,0.989487603
Jaylin Williams,OKC,23.0,0.4418201204948503,0.0,1.001148618
Deandre Ayton,LAL,26.0,0.4416656692997301,0.0,0.997382867
Ziaire Williams,BKN,23.0,0.4403689047163376,0.0,1.001148618
Julian Strawther,DEN,23.0,0.4374940103082299,0.0,1.001148618
Patrick Williams,CHI,23.0,0.4337053144267114,0.0,1.001148618
Jarace Walker,IND,21.0,0.4331750986570478,0.0,1.003680877
Nikola Jović,MIA,22.0,0.4326010567371365,0.0,1.002409382
Josh Green,CHA,24.0,0.4324145209694962,0.0,0.999893768
Nick Richards,PHX,27.0,0.4323620792323376,0.0,0.996117333
Javonte Green,DET,31.0,0.4312413921272466,0.0,0.990871967
Jerami Grant,POR,31.0,0.4303672115149121,0.0,0.990871967
Dalen Terry,CHI,22.0,0.4292956298927208,0.0,1.002409382
Oso Ighodaro,PHX,22.0,0.4290801696555868,0.0,1.002409382
Isaac Okoro,CHI,24.0,0.4283766989731113,0.0,0.999893768
Talen Horton-Tucker,CHI,24.0,0.4281623270278417,0.0,0.999893768
Johnny Juzang,MIN,24.0,0.4277141113348416,0.0,0.999893768
Kris Murray,POR,24.0,0.426317789248144,0.0,0.999893768
Jabari Walker,PHI,22.0,0.4263030870035578,0.0,1.002409382
Seth Curry,GSW,34.0,0.4240846841820874,0.0,0.98658762
Jeremiah Robinson-Earl,DAL,24.0,0.4224539902997595,0.0,0.999893768
Jaxson Hayes,LAL,25.0,0.4209617270641065,0.0,0.998640092
Aaron Holiday,HOU,28.0,0.4197408699802414,0.0,0.994838627
Cam Whitmore,WAS,20.0,0.4191688372460137,0.0,1.004968062
Ryan Rollins,MIL,22.0,0.4190993194476586,0.00169031,1.002409382
Khris Middleton,WAS,33.0,0.4179488459634889,0.0,0.988061829
Kyle Anderson,UTA,31.0,0.4161165991875882,0.0,0.990871967
Jaden Ivey,DET,23.0,0.4157131192811704,5.81e-05,1.001148618
Ayo Dosunmu,CHI,25.0,0.4144435526851963,0.00035658,0.998640092
Ben Sheppard,IND,23.0,0.41385418674073,0.0,1.001148618
Jonathan Mogbo,TOR,23.0,0.4135149757917072,0.0,1.001148618
Vít Krejčí,ATL,25.0,0.41348271266933,0.0,0.998640092
Gui Santos,GSW,23.0,0.4130636508736277,0.0,1.001148618
Jordan Clarkson,NYK,33.0,0.4125684595539058,0.010830223,0.988061829
Jay Huff,IND,27.0,0.4117679518622351,0.000695678,0.996117333
Ben Simmons,LAC,28.0,0.4115296456150294,0.0,0.994838627
Jaden Hardy,DAL,22.0,0.4108792140918545,0.0,1.002409382
Marcus Sasser,DET,24.0,0.4100585985972825,0.0,0.999893768
Tyrese Martin,BKN,26.0,0.4099694048582578,0.0,0.997382867
Trendon Watford,PHI,24.0,0.4093382383497395,0.0,0.999893768
Precious Achiuwa,SAC,25.0,0.4076361341269802,0.0,0.998640092
Jordan Hawkins,NOP,23.0,0.4073867410322736,0.0,1.001148618
Adem Bona,PHI,22.0,0.4072560281661531,0.010544791,1.002409382
Andre Jackson Jr.,MIL,23.0,0.4032204762312478,0.0,1.001148618
Tre Jones,CHI,25.0,0.4015622754570973,0.000974292,0.998640092
Jamison Battle,TOR,24.0,0.4001425558335476,0.0,0.999893768
Cody Martin,IND,29.0,0.3999573199446009,0.0,0.99354172
Kelly Olynyk,SAS,34.0,0.3979870437589726,0.0,0.98658762
Pelle Larsson,MIA,24.0,0.3969284436416004,0.0,0.999893768
Moritz Wagner,ORL,28.0,0.3957422839037064,0.0,0.994838627
Tidjane Salaün,CHA,19.0,0.3955336624100986,0.0,1.006276105
Nick Smith Jr.,LAL,21.0,0.3927000251944766,0.0,1.003680877
Ja'Kobe Walter,TOR,20.0,0.3900588137970238,0.0,1.004968062
Alec Burks,MIA,33.0,0.389359516889084,0.0,0.988061829
Blake Wesley,POR,22.0,0.3892521662423472,0.0,1.002409382
Drew Eubanks,SAC,28.0,0.3886288721216233,0.0,0.994838627
Noah Clowney,BKN,20.0,0.3868452899549793,0.001216057,1.004968062
Quinten Post,GSW,25.0,0.3861830088149164,0.0,0.998640092
Jett Howard,ORL,21.0,0.3856951697343478,0.0,1.003680877
Marcus Smart,LAL,31.0,0.3841020896426988,0.0,0.990871967
Reed Sheppard,HOU,21.0,0.383509721139302,0.0,1.003680877
Paul Reed,DET,26.0,0.3831239465482546,0.0,0.997382867
DeAndre Jordan,NOP,36.0,0.3798453680723919,0.0,0.983462065
Shake Milton,LAL,28.0,0.3795278440723085,0.0,0.994838627
Ajay Mitchell,OKC,23.0,0.3774639309057197,0.0,1.001148618
Dwight Powell,DAL,33.0,0.3768012440266551,0.0,0.988061829
Landry Shamet,NYK,28.0,0.3753036989498254,0.0,0.994838627
Josh Okogie,HOU,26.0,0.3748164406569236,0.0,0.997382867
Orlando Robinson,ORL,24.0,0.3736176453857203,0.0,0.999893768
Caleb Houstan,ATL,22.0,0.3731447599225211,0.0,1.002409382
Svi Mykhailiuk,UTA,28.0,0.3721187517941479,0.0,0.994838627
Lindy Waters III,SAS,27.0,0.3715679253552589,0.0,0.996117333
Malcolm Brogdon,WAS,32.0,0.3713226238887302,0.0,0.989487603
Lonzo Ball,CLE,27.0,0.3712105951653278,0.000378541,0.996117333
Jared McCain,PHI,21.0,0.3706415071727803,0.002159712,1.003680877
Jalen Pickett,DEN,25.0,0.3684257627494696,0.0,0.998640092
Karlo Matković,NOP,24.0,0.3678392077152067,0.0,0.999893768
Garrison Mathews,IND,28.0,0.3676899803356221,0.0,0.994838627
Cory Joseph,ORL,33.0,0.3656813666618435,0.0,0.988061829
Jae'Sean Tate,HOU,29.0,0.3645789451373126,0.0,0.99354172
Caleb Martin,DAL,29.0,0.3620827574480382,0.0,0.99354172
Jaylon Tyson,CLE,22.0,0.3610222016688806,0.000231612,1.002409382
Andre Drummond,PHI,31.0,0.3609983743423893,0.000117338,0.990871967
Collin Gillespie,PHX,26.0,0.3597383206369343,0.0,0.997382867
Mouhamed Gueye,ATL,22.0,0.3585762337478336,0.0,1.002409382
Craig Porter Jr.,CLE,25.0,0.3585464269936132,0.0,0.998640092
Jordan Walsh,BOS,21.0,0.3584955302055098,0.000823894,1.003680877
Dillon Jones,OKC,23.0,0.3565059454397093,0.0,1.001148618
Justin Edwards,PHI,21.0,0.3553405668189219,0.0,1.003680877
Luka Garza,BOS,26.0,0.3544666575419412,5.28e-05,0.997382867
Herbert Jones,NOP,26.0,0.3543485355024203,0.0,0.997382867
Rob Dillingham,MIN,20.0,0.3510859572295219,0.0,1.004968062
Jock Landale,MEM,29.0,0.3500948310244198,0.0,0.99354172
Zeke Nnaji,DEN,24.0,0.3498641368031477,0.0,0.999893768
Bruce Brown,DEN,28.0,0.3496025178088847,0.0,0.994838627
Richaun Holmes,WAS,31.0,0.3490012815039238,0.0,0.990871967
Antonio Reeves,CHA,24.0,0.3485769531549147,0.0,0.999893768
KJ Martin,UTA,24.0,0.3480727848032545,0.0,0.999893768
DaQuan Jeffries,CHA,27.0,0.3475550282515525,0.0,0.996117333
Brandon Williams,DAL,25.0,0.347168723794138,0.0,0.998640092
Bol Bol,PHX,25.0,0.3470158523280836,0.0,0.998640092
Jeff Dowtin Jr.,PHI,28.0,0.3427114944543681,0.0,0.994838627
Jordan McLaughlin,SAS,29.0,0.3401540971694082,0.0,0.99354172
Johnny Furphy,IND,20.0,0.3381456718910614,0.000288296,1.004968062
Josh Minott,BOS,22.0,0.3376737260681679,0.0,1.002409382
Malaki Branham,WAS,22.0,0.3375724001553298,0.0,1.002409382
Jarred Vanderbilt,LAL,26.0,0.3369818700690472,0.0,0.997382867
Tristan Vukcevic,WAS,22.0,0.3368028599542674,0.0,1.002409382
Vince Williams Jr.,MEM,24.0,0.3365304933150452,0.0,0.999893768
Olivier-Maxence Prosper,MEM,22.0,0.3351916020834428,0.0,1.002409382
Eric Gordon,PHI,36.0,0.3345747655572587,0.0,0.983462065
Gary Harris,MIL,30.0,0.3340486904493148,0.0,0.992221356
Duop Reath,POR,29.0,0.3328380236193464,0.0,0.99354172
Kai Jones,DAL,24.0,0.3315587536570444,0.0,0.999893768
Jordan Goodwin,PHX,26.0,0.3313692625268933,0.0,0.997382867
John Konchar,MEM,29.0,0.3311305751498829,0.0,0.99354172
Daniel Theis,NOP,33.0,0.3306819680039773,0.0,0.988061829
Pat Connaughton,CHA,32.0,0.3304601612172316,0.0,0.989487603
Tosan Evbuomwan,NYK,24.0,0.3302332890699256,0.0,0.999893768
A.J. Lawson,TOR,24.0,0.3280410544917826,0.0,0.999893768
Anthony Gill,WAS,32.0,0.327371381622611,0.0,0.989487603
De'Anthony Melton,GSW,27.0,0.326139298069039,0.0,0.996117333
Devin Carter,SAC,23.0,0.3249924847057502,0.0,1.001148618
Micah Potter,IND,27.0,0.3234176769667957,0.0,0.996117333
Jaylen Clark,MIN,23.0,0.3214355892785579,0.0,1.001148618
Lonnie Walker IV,PHI,26.0,0.3202176547985692,0.0,0.997382867
Jevon Carter,CHI,29.0,0.3196867097656432,0.0,0.99354172
Jericho Sims,MIL,26.0,0.3182624200211182,0.0,0.997382867
Kevin Love,UTA,36.0,0.3176140248856464,0.0,0.983462065
Rayan Rupert,POR,21.0,0.3175181943533219,0.0,1.003680877
Dominick Barlow,PHI,22.0,0.3171360853314568,0.0,1.002409382
Marvin Bagley III,WAS,26.0,0.3154906473201977,0.0,0.997382867
KJ Simpson,CHA,22.0,0.3151607489281667,0.0,1.002409382
Grant Williams,CHA,26.0,0.3149793690058834,0.0,0.997382867
Ousmane Dieng,OKC,22.0,0.3148755102891577,0.0,1.002409382
Colby Jones,DET,23.0,0.3145705455128617,0.0,1.001148618
Jaden Springer,UTA,22.0,0.3142325736473785,0.0,1.002409382
Delon Wright,NYK,33.0,0.3134479291204828,0.0,0.988061829
GG Jackson,MEM,20.0,0.3130077223404299,0.0,1.004968062
Tyler Kolek,NYK,24.0,0.3126558429201243,0.000335757,0.999893768
Hunter Tyson,DEN,25.0,0.31161784107167,0.0,0.998640092
Quenton Jackson,IND,26.0,0.3094494368283741,0.0,0.997382867
Jordan Miller,LAC,25.0,0.3094062098767358,0.0,0.998640092
Tre Mann,CHA,24.0,0.3093844723663707,0.000172644,0.999893768
Oscar Tshiebwe,UTA,25.0,0.3077976932509801,0.0,0.998640092
Cody Williams,UTA,20.0,0.307788288952499,0.0,1.004968062
Pat Spencer,GSW,28.0,0.3064931000274329,0.0,0.994838627
Kessler Edwards,DAL,24.0,0.3061813449532502,0.0,0.999893768
Branden Carlson,OKC,26.0,0.3061454191065559,0.0,0.997382867
Danté Exum,DAL,29.0,0.305686647527306,0.0,0.99354172
Charles Bassey,MEM,24.0,0.3039955637131856,0.0,0.999893768
Larry Nance Jr.,CLE,32.0,0.3015825034399956,0.0,0.989487603
Bones Hyland,MIN,24.0,0.3008940197169614,0.0,0.999893768
Jamal Cain,ORL,26.0,0.3008697370551603,0.0,0.997382867
Drew Timme,LAL,24.0,0.2997995555714803,0.0,0.999893768
Mo Bamba,TOR,27.0,0.2979902856824277,0.0,0.996117333
AJ Johnson,WAS,20.0,0.2964746028489394,0.0,1.004968062
Robert Williams III,POR,27.0,0.2962596652837914,0.0,0.996117333
Christian Koloko,ATL,25.0,0.2960185475063946,0.0,0.998640092
Keaton Wallace,ATL,26.0,0.2950454841551733,0.0,0.997382867
Cam Spencer,MEM,25.0,0.2936057149464978,0.0,0.998640092
Doug McDermott,SAC,33.0,0.2931963050621379,0.0,0.988061829
Kyle Lowry,PHI,39.0,0.293042621462994,0.0,0.97818467
Jared Rhoden,TOR,25.0,0.2925405388509852,0.0,0.998640092
Alex Len,LAL,32.0,0.2921999343130964,0.0,0.989487603
Isaac Jones,DET,24.0,0.2918985059929305,0.0,0.999893768
Mitchell Robinson,NYK,27.0,0.2918337111601944,5.1e-06,0.996117333
Maxi Kleber,LAL,33.0,0.2915819329724498,0.0,0.988061829
David Roddy,HOU,24.0,0.2907513006861255,0.0,0.999893768
Bismack Biyombo,SAS,32.0,0.2897569918759843,0.0,0.989487603
Adam Flagler,OKC,25.0,0.2885850617474019,0.0,0.998640092
MarJon Beauchamp,NYK,24.0,0.2880405847579476,0.0,0.999893768
Trevelin Queen,ORL,28.0,0.287825567935743,0.0,0.994838627
Trey Jemison III,NYK,25.0,0.2867191659189851,0.0,0.998640092
Tolu Smith,DET,24.0,0.285261573424069,0.0,0.999893768
Matisse Thybulle,POR,28.0,0.2827762817687337,0.0,0.994838627
Baylor Scheierman,BOS,24.0,0.2824256168379627,0.0,0.999893768
Terrence Shannon Jr.,MIN,24.0,0.2801929075352825,0.0,0.999893768
Wendell Moore Jr.,DET,23.0,0.2799060555562536,0.0,1.001148618
Tristan Thompson,CLE,34.0,0.2790340026158565,0.0,0.98658762
Reggie Jackson,PHI,35.0,0.2775102099236006,0.0,0.985057235
Colin Castleton,TOR,25.0,0.2749314522741723,0.0,0.998640092
Jeff Green,HOU,38.0,0.2745372753575533,0.0,0.980037475
Reece Beekman,BKN,23.0,0.2725865600085404,0.0,1.001148618
Johnny Davis,WAS,23.0,0.2705809595163261,0.0,1.001148618
Elfrid Payton,NOP,31.0,0.270482066896928,0.0,0.990871967
Cam Reddish,LAL,25.0,0.269546661442093,0.0,0.998640092
Kobe Brown,LAC,25.0,0.2693619549947216,0.0,0.998640092
Taj Gibson,CHA,40.0,0.2677853907275145,0.0,0.976219711
Isaiah Wong,CHA,24.0,0.2659168397127939,0.0,0.999893768
Damion Lee,PHX,32.0,0.2634575478632376,0.0,0.989487603
Keion Brooks Jr.,NOP,24.0,0.2630127926351392,0.0,0.999893768
Lamar Stevens,MEM,27.0,0.2612812128853894,0.0,0.996117333
Killian Hayes,BKN,23.0,0.2608059664204118,0.0,1.001148618
Patty Mills,LAC,36.0,0.2597229560317957,0.0,0.983462065
Tyler Smith,MIL,20.0,0.2588379594027385,0.0,1.004968062
Marcus Bagley,PHI,23.0,0.2569716276846064,0.0,1.001148618
Maxwell Lewis,BKN,22.0,0.2557117410273416,0.0,1.002409382
Alex Reese,PHI,26.0,0.2552898973982259,0.0,0.997382867
Torrey Craig,BOS,34.0,0.2545182640175711,0.0,0.98658762
Isaiah Jackson,IND,23.0,0.2527753879521909,0.0,1.001148618
Markelle Fultz,SAC,27.0,0.2526246908076863,0.0,0.996117333
Drew Peterson,CHA,25.0,0.2517497893960495,0.0,0.998640092
Patrick Baldwin Jr.,LAC,22.0,0.2515599542232173,0.0,1.002409382
Xavier Tillman,BOS,26.0,0.2512955534209092,0.0,0.997382867
Yuki Kawamura,MEM,24.0,0.2512133682535211,0.0,0.999893768
Dariq Whitehead,BKN,20.0,0.2502413476165645,0.0,1.004968062
Damion Baugh,CHA,24.0,0.2495424597072624,0.0,0.999893768
Lester Quinones,NOP,24.0,0.248048226407023,0.0,0.999893768
Nate Williams,HOU,26.0,0.2477673453119047,0.0,0.997382867
Jalen Hood-Schifino,PHI,22.0,0.2470995040221089,0.0,1.002409382
Dru Smith,MIA,27.0,0.2455515938816687,0.0,0.996117333
Moses Brown,DAL,25.0,0.2429937329875648,0.0,0.998640092
Oshae Brissett,PHI,27.0,0.2414098895011351,0.0,0.996117333
Bronny James,LAL,20.0,0.2401557658155709,0.0,1.004968062
Cole Swider,TOR,26.0,0.2390376108009868,0.0,0.997382867
Nae'Qwan Tomlin,CLE,24.0,0.2389755673678242,0.0,0.999893768
Chuma Okeke,CLE,26.0,0.2378233771278624,0.0,0.997382867
N'Faly Dante,ATL,23.0,0.2374175040721943,0.0,1.001148618
Tony Bradley,IND,27.0,0.2370099288359983,0.0,0.996117333
JT Thor,WAS,22.0,0.2353868693351063,0.0,1.002409382
Kevin Knox II,GSW,25.0,0.2332159504989255,0.0,0.998640092
Dario Šarić,SAC,31.0,0.2329337397754855,0.0,0.990871967
Ron Harper Jr.,BOS,25.0,0.2316186748632323,0.0,0.998640092
Bruno Fernando,TOR,26.0,0.2311548161764549,0.0,0.997382867
Trey Alexander,NOP,22.0,0.2296194816381441,0.0,1.002409382
Garrett Temple,TOR,39.0,0.2281595735743793,0.0,0.97818467
PJ Hall,CHA,23.0,0.2247757925506195,0.0,1.001148618
Elijah Harkless,UTA,25.0,0.2242467402198486,0.0,0.998640092
Chris Livingston,CLE,21.0,0.2232518201771206,0.0,1.003680877
Keshad Johnson,MIA,24.0,0.2225930994492049,0.0,0.999893768
Daeqwon Plowden,ATL,26.0,0.2209201512517806,0.0,0.997382867
Enrique Freeman,IND,24.0,0.2205616902132379,0.0,0.999893768
Tyson Etienne,BKN,25.0,0.2205401174136873,0.0,0.998640092
Markieff Morris,LAL,35.0,0.2200291235084261,0.0,0.985057235
Sidy Cissoko,POR,21.0,0.2196194166504513,0.0,1.003680877
Josh Christopher,MIA,23.0,0.218297263529836,0.0,1.001148618
Marcus Garrett,CHA,26.0,0.2176852505774923,0.0,0.997382867
Jazian Gortman,DAL,22.0,0.2175422398653353,0.0,1.002409382
Jaylen Martin,WAS,21.0,0.2170848936434595,0.0,1.003680877
Joe Ingles,MIN,37.0,0.2167993867602194,0.0,0.981792453
Ariel Hukporti,NYK,23.0,0.2167931041074911,0.0,1.001148618
Alex Ducas,OKC,24.0,0.2163932601539572,0.0,0.999893768
Spencer Jones,DEN,24.0,0.2154560124510076,0.0,0.999893768
Leonard Miller,MIN,21.0,0.2149261393590787,0.0,1.003680877
TyTy Washington Jr.,LAC,23.0,0.2148021080291772,0.0,1.001148618
Kobe Bufkin,LAL,21.0,0.2137646844585594,0.0,1.003680877
James Wiseman,IND,24.0,0.2107522357000051,0.0,0.999893768
Matt Ryan,NYK,28.0,0.210226649902318,0.0,0.994838627
Pete Nance,MIL,25.0,0.2094565737687066,0.0,0.998640092
Chris Duarte,CHI,28.0,0.2090699593543105,0.0,0.994838627
JD Davison,HOU,22.0,0.2081038213836935,0.0,1.002409382
Cam Christie,LAC,19.0,0.2074391913710824,0.0,1.006276105
Jaylen Sims,CHA,26.0,0.2068279159622342,0.0,0.997382867
Daniss Jenkins,DET,23.0,0.2054223662668584,0.0,1.001148618
Stanley Umude,MIL,26.0,0.2046260957017778,0.0,0.997382867
Jackson Rowe,GSW,28.0,0.200940899788248,0.0,0.994838627
RayJ Dennis,ATL,24.0,0.2008363842177372,0.0,0.999893768
Jacob Toppin,ATL,25.0,0.1993824114026927,0.0,0.998640092
Isaiah Crawford,HOU,23.0,0.1991075202711383,0.0,1.001148618
David Duke Jr.,SAS,25.0,0.198714925646125,0.0,0.998640092
Emoni Bates,CLE,21.0,0.1971565372350712,0.0,1.003680877
Mason Jones,SAC,26.0,0.1970841422499311,0.0,0.997382867
Alondes Williams,DET,26.0,0.1964947113651535,0.0,0.997382867
Taylor Hendricks,UTA,21.0,0.1952983742623371,0.0,1.003680877
Justin Minaya,POR,26.0,0.1941582513125448,0.0,0.997382867
Bryce McGowens,NOP,22.0,0.1932724894376219,0.0,1.002409382
E.J. Liddell,BKN,24.0,0.191705623864027,0.0,0.999893768
Phillip Wheeler,PHI,23.0,0.1916794085141533,0.0,1.001148618
Malachi Flynn,CHA,27.0,0.1893734537380334,0.0,0.996117333
Taze Moore,POR,27.0,0.1893403769353762,0.0,0.996117333
Jamaree Bouyea,PHX,26.0,0.1853870952570205,0.0,0.997382867
Vlatko Čančar,DEN,28.0,0.1813798052971475,0.0,0.994838627
Anton Watson,NYK,24.0,0.1780565219939793,0.0,0.999893768
Josh Richardson,MIA,31.0,0.1774497187441002,0.0,0.990871967
Adama Sanogo,CHI,23.0,0.1758332914048406,0.0,1.001148618
Luke Travers,CLE,23.0,0.1756309721190586,0.0,1.001148618
James Johnson,IND,38.0,0.1755176254743284,0.0,0.980037475
Trentyn Flowers,CHI,20.0,0.1752157210740005,0.0,1.004968062
Liam Robbins,MIL,25.0,0.1751645516185266,0.0,0.998640092
Jalen Bridges,PHX,24.0,0.1742114564447993,0.0,0.999893768
Armel Traore,LAL,22.0,0.1727937147872052,0.0,1.002409382
Harrison Ingram,SAS,22.0,0.171904000004626,0.0,1.002409382
Miles Norris,BOS,25.0,0.1710270365325172,0.0,0.998640092
Bobi Klintman,DET,22.0,0.1706180971781648,0.0,1.002409382
Emanuel Miller,CHI,25.0,0.1704185174691758,0.0,0.998640092
Tristen Newton,MIN,24.0,0.1697243968011443,0.0,0.999893768
Daishen Nix,MIN,23.0,0.1686444788195207,0.0,1.001148618
Jack McVeigh,HOU,29.0,0.1684967062364874,0.0,0.99354172
Ulrich Chomche,TOR,19.0,0.1636639884541222,0.0,1.006276105
Jae Crowder,SAC,34.0,0.1617006785120332,0.0,0.98658762
Braxton Key,GSW,28.0,0.1616515071237901,0.0,0.994838627
Jahmir Young,MIA,24.0,0.1610659261475728,0.0,0.999893768
PJ Dozier,MIN,28.0,0.1591062592106356,0.0,0.994838627
Yuri Collins,GSW,24.0,0.1586985863683397,0.0,0.999893768
Quincy Olivari,LAL,24.0,0.1557714704242555,0.0,0.999893768
Skal Labissiere,SAC,29.0,0.1514957420207167,0.0,0.99354172
D.J. Carton,TOR,24.0,0.151187711529917,0.0,0.999893768
Kevin McCullar Jr.,NYK,24.0,0.1483132400083034,0.0,0.999893768
P.J. Tucker,NYK,40.0,0.1462208120588819,0.0,0.976219711
Isaiah Stevens,MIA,24.0,0.1453591700973385,0.0,0.999893768
Zyon Pullin,MEM,24.0,0.1435934069902597,0.0,0.999893768
Terry Taylor,SAC,25.0,0.1364931349056206,0.0,0.998640092
Malevy Leons,GSW,25.0,0.1360911292264248,0.0,0.998640092
Terence Davis,SAC,28.0,0.1358864594477213,0.0,0.994838627
Riley Minix,SAS,24.0,0.1343160795158347,0.0,0.999893768
Mac McClung,IND,26.0,0.1317537569763076,0.0,0.997382867
Hugo González,BOS,0.0,0.1244685149348186,0.0,1.0
Jesse Edwards,MIN,25.0,0.1101480430213905,0.0,0.998640092
Jimmy Butler,GSW,0.0,0.1096170802999707,0.0,1.0
Jalen McDaniels,WAS,27.0,0.1027279351630258,0.0,0.996117333
Moussa Diabate,CHA,0.0,0.1018024587325719,0.000135605,1.0
Kon Knueppel,CHA,0.0,0.1008122718762351,0.068099099,1.0
Dylan Harper,SAS,0.0,0.0954731174496782,0.0,1.0
Saddiq Bey,NOP,0.0,0.0952841846650894,0.0,1.0
VJ Edgecombe,PHI,0.0,0.0924673885229707,0.084255825,1.0
Joan Beringer,MIN,0.0,0.091713025594819,0.0,1.0
David Jones Garcia,SAS,0.0,0.0889431205962966,0.0,1.0
Kam Jones,IND,0.0,0.0816353152429652,0.0,1.0
Sion James,CHA,0.0,0.0798555971007796,0.0,1.0
Liam McNeeley,CHA,0.0,0.0796080503866954,0.0,1.0
Asa Newell,ATL,0.0,0.079112956958527,0.0,1.0
Cui Yongxi,BKN,0.0,0.0778517778163079,0.0,1.0
Dylan Cardwell,SAC,0.0,0.0778400550304088,0.0,1.0
Myron Gardner,MIA,0.0,0.0778400550304088,0.0,1.0
Ryan Nembhard,DAL,0.0,0.0773566843881395,0.0,1.0
Yanic Konan Niederhäuser,LAC,0.0,0.0770974148881563,0.0,1.0
Mark Sears,MIL,0.0,0.0770974148881563,0.0,1.0
Cody Zeller,ATL,0.0,0.0755769662459539,0.0,1.0
Pacome Dadiet,NYK,0.0,0.0748343261037013,0.0,1.0
Egor Dëmin,BKN,0.0,0.0745516110319199,0.0,1.0
Kasparas Jakučionis,MIA,0.0,0.0738324164614655,0.0,1.0
Chaz Lanier,DET,0.0,0.0738206936755664,0.0,1.0
Curtis Jones,DEN,0.0,0.0735614241755831,0.0,1.0
Vladislav Goldin,MIA,0.0,0.0733138774614989,0.0,1.0
Chris Mañon,LAL,0.0,0.0728070612474315,0.0,1.0
LJ Cryer,GSW,0.0,0.0728070612474315,0.0,1.0
Seth Lundy,ATL,0.0,0.0725595145333473,0.0,1.0
Isaiah Livers,PHX,0.0,0.0723119678192631,0.0,1.0
Adou Thiero,LAL,0.0,0.0723119678192631,0.0,1.0
Kobe Sanders,LAC,0.0,0.0718051516051956,0.0,1.0
Ethan Thompson,IND,0.0,0.0712983353911282,0.0,1.0
Noah Penda,ORL,0.0,0.0712983353911282,0.0,1.0
DaRon Holmes II,DEN,0.0,0.071050788677044,0.0,1.0
Javon Small,MEM,0.0,0.071050788677044,0.0,1.0
Collin Murray-Boyles,TOR,0.0,0.0707680736052626,0.000288296,1.0
Walter Clayton Jr.,UTA,0.0,0.0703198713206905,0.0,1.0
Koby Brea,PHX,0.0,0.06877597710669,0.0,1.0
Chris Youngblood,OKC,0.0,0.0685167076067067,0.0,1.0
Moussa Cisse,DAL,0.0,0.0685167076067067,0.0,1.0
Jase Richardson,ORL,0.0,0.0677740674644541,0.0,1.0
Hunter Dickinson,NOP,0.0,0.0675147979644709,0.0,1.0
Sharife Cooper,WAS,0.0,0.0670079817504034,0.0,1.0
Jamir Watkins,WAS,0.0,0.0664894427504369,0.0,1.0
Jahmyl Telfort,LAC,0.0,0.0659943493222685,0.0,1.0
Will Richard,GSW,0.0,0.0659826265363694,0.0,1.0
Tre Johnson,WAS,0.0,0.0655109786799992,0.000100914,1.0
Nique Clifford,SAC,0.0,0.0654992558941001,0.0,1.0
Alijah Martin,TOR,0.0,0.0654992558941001,0.0,1.0
Thanasis Antetokounmpo,MIL,0.0,0.065487533108201,0.003240744,1.0
Micah Peavy,NOP,0.0,0.0652399863941168,0.0,1.0
Cedric Coward,MEM,0.0,0.0647097246082513,0.0,1.0
Khaman Maluach,PHX,0.0,0.0644856234659652,0.0,1.0
Noa Essengue,CHI,0.0,0.064238076751881,0.0,1.0
Chucky Hepburn,TOR,0.0,0.0637312605378135,0.0,1.0
Hunter Sallis,PHI,0.0,0.0637312605378135,0.0,1.0
Rasheer Fleming,PHX,0.0,0.0634719910378303,0.0,1.0
Brandon Boston Jr.,NOP,0.0,0.062988620395561,0.0,1.0
Caleb Love,POR,0.0,0.0629768976096619,0.0,1.0
Johni Broome,PHI,0.0,0.0624700813955944,0.0,1.0
Christian Wood,LAL,0.0,0.0624583586096954,0.0,1.0
Lachlan Olbrich,CHI,0.0,0.0622108118956112,0.0,1.0
Jahmai Mashack,MEM,0.0,0.061963265181527,0.0,1.0
Taelon Peter,IND,0.0,0.0617039956815437,0.0,1.0
Miles Kelly,DAL,0.0,0.0614564489674595,0.0,1.0
Alexandre Sarr,WAS,0.0,0.0612089022533753,0.0,1.0
Ben Saraf,BKN,0.0,0.0602069926111395,0.012050988,1.0
Nolan Traore,BKN,0.0,0.0592050829689036,0.0,1.0
Mohamed Diawara,NYK,0.0,0.0581914505407687,0.0,1.0
Vasilije Micić,PHX,0.0,0.0579204582548864,0.0,1.0
Carter Bryant,SAS,0.0,0.0579204582548864,0.0,1.0
Derik Queen,NOP,0.0,0.0574722559703143,0.0,1.0
Yang Hansen,POR,0.0,0.0564117323985831,0.005872963,1.0
Monté Morris,IND,0.0,0.0538776513282458,0.0,1.0
Javonte Cooke,POR,0.0,0.0521213787578583,0.0,1.0
Ryan Kalkbrenner,CHA,0.0,0.0508601996156392,0.0,1.0
Ace Bailey,UTA,0.0,0.0506595440451513,0.0,1.0
Tyrese Proctor,CLE,0.0,0.0503768289733699,0.0,1.0
Amari Williams,BOS,0.0,0.0498582899734033,0.0,1.0
Cooper Flagg,DAL,0.0,0.0463222992608302,0.0,1.0
Danny Wolf,BKN,0.0,0.045049397332712,0.012711833,1.0
Bojan Bogdanović,BKN,0.0,0.0420671139778026,0.0,1.0
Brooks Barnhizer,OKC,0.0,0.0387669471934146,0.0,1.0
Nigel Hayes-Davis,PHX,0.0,0.0375057680511955,0.0,1.0
Drake Powell,BKN,0.0,0.0365038584089597,0.0,1.0
Maxime Raynaud,SAC,0.0,0.0362680344807746,0.0,1.0
Jeremiah Fears,NOP,0.0,0.0312467634836962,0.0,1.0
Will Riley,WAS,0.0,0.0261668785571226,0.0,1.0
Carlton Carrington,WAS,0.0,0.0249408677726007,0.0,1.0
