AGE,Performance
19.0,9.4
19.0,9.9
19.0,10.3
19.0,10.4
19.0,10.4
19.0,10.4
19.0,10.6
19.0,11.3
19.0,11.6
19.0,11.7
19.0,12.0
19.0,12.5
19.0,12.6
19.0,12.7
19.0,13.5
19.0,13.6
19.0,13.7
19.0,14.2
19.0,14.2
19.0,14.3
19.0,14.4
19.0,14.7
19.0,14.9
19.0,15.0
19.0,15.0
19.0,15.1
19.0,15.2
19.0,15.2
19.0,15.4
19.0,15.5
19.0,15.7
19.0,15.8
19.0,15.9
19.0,16.1
19.0,16.3
19.0,16.4
19.0,16.5
19.0,16.5
19.0,16.8
19.0,16.9
19.0,16.9
19.0,16.9
19.0,17.1
19.0,17.2
19.0,17.3
19.0,17.8
19.0,17.9
19.0,18.1
19.0,18.2
19.0,18.3
19.0,18.4
19.0,18.5
19.0,18.5
19.0,19.0
19.0,19.0
19.0,19.0
19.0,19.1
19.0,19.1
19.0,19.4
19.0,19.4
19.0,19.4
19.0,19.6
19.0,19.6
19.0,19.7
19.0,19.7
19.0,19.8
19.0,19.8
19.0,20.3
19.0,20.3
19.0,20.3
19.0,20.5
19.0,20.5
19.0,20.5
19.0,20.9
19.0,20.9
19.0,21.1
19.0,21.2
19.0,21.4
19.0,21.5
19.0,21.6
19.0,22.0
19.0,22.2
19.0,22.3
19.0,22.7
19.0,22.8
19.0,23.0
19.0,23.1
19.0,23.5
19.0,23.7
19.0,23.8
19.0,24.0
19.0,24.1
19.0,24.2
19.0,24.2
19.0,24.3
19.0,24.4
19.0,24.9
19.0,25.7
19.0,26.1
19.0,26.5
19.0,27.0
19.0,27.1
19.0,29.0
19.0,30.5
19.0,30.5
19.0,31.3
20.0,0.0
20.0,8.9
20.0,9.1
20.0,10.4
20.0,10.5
20.0,10.6
20.0,11.0
20.0,11.0
20.0,11.0
20.0,11.5
20.0,11.7
20.0,11.8
20.0,11.8
20.0,11.9
20.0,12.0
20.0,12.0
20.0,12.0
20.0,12.0
20.0,12.1
20.0,12.4
20.0,12.5
20.0,12.6
20.0,12.7
20.0,12.7
20.0,12.9
20.0,12.9
20.0,12.9
20.0,13.0
20.0,13.0
20.0,13.0
20.0,13.1
20.0,13.3
20.0,13.4
20.0,13.5
20.0,13.6
20.0,13.6
20.0,13.6
20.0,13.7
20.0,13.7
20.0,13.8
20.0,13.8
20.0,14.1
20.0,14.1
20.0,14.2
20.0,14.2
20.0,14.3
20.0,14.3
20.0,14.3
20.0,14.6
20.0,14.6
20.0,14.6
20.0,14.7
20.0,14.7
20.0,14.8
20.0,14.8
20.0,14.8
20.0,14.9
20.0,14.9
20.0,14.9
20.0,14.9
20.0,15.0
20.0,15.0
20.0,15.0
20.0,15.1
20.0,15.3
20.0,15.4
20.0,15.4
20.0,15.4
20.0,15.4
20.0,15.4
20.0,15.6
20.0,15.7
20.0,15.7
20.0,15.7
20.0,15.8
20.0,15.8
20.0,15.9
20.0,15.9
20.0,15.9
20.0,16.1
20.0,16.2
20.0,16.4
20.0,16.5
20.0,16.6
20.0,16.6
20.0,16.6
20.0,16.8
20.0,16.9
20.0,16.9
20.0,16.9
20.0,16.9
20.0,17.0
20.0,17.1
20.0,17.1
20.0,17.1
20.0,17.2
20.0,17.2
20.0,17.2
20.0,17.2
20.0,17.3
20.0,17.3
20.0,17.3
20.0,17.3
20.0,17.4
20.0,17.4
20.0,17.4
20.0,17.4
20.0,17.4
20.0,17.4
20.0,17.6
20.0,17.6
20.0,17.6
20.0,17.7
20.0,17.7
20.0,17.8
20.0,17.8
20.0,17.8
20.0,17.8
20.0,17.8
20.0,17.8
20.0,17.9
20.0,17.9
20.0,17.9
20.0,17.9
20.0,18.1
20.0,18.1
20.0,18.1
20.0,18.1
20.0,18.2
20.0,18.2
20.0,18.3
20.0,18.4
20.0,18.4
20.0,18.4
20.0,18.4
20.0,18.4
20.0,18.5
20.0,18.5
20.0,18.6
20.0,18.7
20.0,18.7
20.0,18.8
20.0,18.9
20.0,18.9
20.0,18.9
20.0,19.0
20.0,19.0
20.0,19.1
20.0,19.2
20.0,19.2
20.0,19.3
20.0,19.3
20.0,19.4
20.0,19.5
20.0,19.5
20.0,19.6
20.0,19.6
20.0,19.8
20.0,19.8
20.0,19.9
20.0,19.9
20.0,20.0
20.0,20.0
20.0,20.1
20.0,20.1
20.0,20.3
20.0,20.3
20.0,20.3
20.0,20.4
20.0,20.4
20.0,20.5
20.0,20.5
20.0,20.7
20.0,20.7
20.0,20.8
20.0,20.8
20.0,20.9
20.0,20.9
20.0,20.9
20.0,21.1
20.0,21.1
20.0,21.2
20.0,21.2
20.0,21.2
20.0,21.2
20.0,21.3
20.0,21.3
20.0,21.4
20.0,21.4
20.0,21.6
20.0,21.7
20.0,21.7
20.0,21.7
20.0,21.7
20.0,21.9
20.0,22.0
20.0,22.0
20.0,22.1
20.0,22.1
20.0,22.1
20.0,22.1
20.0,22.1
20.0,22.2
20.0,22.2
20.0,22.3
20.0,22.3
20.0,22.4
20.0,22.4
20.0,22.4
20.0,22.5
20.0,22.5
20.0,22.5
20.0,22.6
20.0,22.7
20.0,22.7
20.0,22.8
20.0,22.8
20.0,22.8
20.0,23.0
20.0,23.2
20.0,23.4
20.0,23.4
20.0,23.5
20.0,23.5
20.0,23.8
20.0,23.9
20.0,23.9
20.0,24.0
20.0,24.0
20.0,24.3
20.0,24.6
20.0,24.6
20.0,24.6
20.0,24.6
20.0,24.7
20.0,24.7
20.0,24.9
20.0,24.9
20.0,25.0
20.0,25.2
20.0,25.3
20.0,25.4
20.0,25.4
20.0,25.8
20.0,25.9
20.0,26.0
20.0,26.0
20.0,26.1
20.0,26.4
20.0,26.4
20.0,26.6
20.0,27.2
20.0,27.3
20.0,27.5
20.0,27.5
20.0,27.6
20.0,28.1
20.0,28.2
20.0,28.4
20.0,28.6
20.0,28.9
20.0,29.1
20.0,29.8
20.0,32.2
20.0,36.6
20.0,36.8
21.0,0.0
21.0,0.0
21.0,0.0
21.0,0.0
21.0,5.3
21.0,8.0
21.0,8.0
21.0,9.1
21.0,9.9
21.0,10.2
21.0,10.3
21.0,10.5
21.0,11.3
21.0,11.6
21.0,11.7
21.0,11.7
21.0,11.9
21.0,11.9
21.0,11.9
21.0,12.0
21.0,12.1
21.0,12.1
21.0,12.1
21.0,12.2
21.0,12.3
21.0,12.4
21.0,12.4
21.0,12.5
21.0,12.5
21.0,12.6
21.0,12.7
21.0,12.8
21.0,12.9
21.0,12.9
21.0,13.0
21.0,13.1
21.0,13.3
21.0,13.3
21.0,13.3
21.0,13.3
21.0,13.3
21.0,13.3
21.0,13.4
21.0,13.4
21.0,13.4
21.0,13.5
21.0,13.5
21.0,13.5
21.0,13.6
21.0,13.7
21.0,13.7
21.0,13.7
21.0,13.7
21.0,13.8
21.0,13.9
21.0,13.9
21.0,14.0
21.0,14.0
21.0,14.0
21.0,14.1
21.0,14.3
21.0,14.5
21.0,14.6
21.0,14.6
21.0,14.7
21.0,14.8
21.0,14.8
21.0,14.8
21.0,14.9
21.0,14.9
21.0,14.9
21.0,14.9
21.0,14.9
21.0,15.0
21.0,15.0
21.0,15.1
21.0,15.1
21.0,15.2
21.0,15.2
21.0,15.2
21.0,15.2
21.0,15.2
21.0,15.3
21.0,15.3
21.0,15.3
21.0,15.3
21.0,15.4
21.0,15.4
21.0,15.4
21.0,15.5
21.0,15.5
21.0,15.6
21.0,15.6
21.0,15.6
21.0,15.7
21.0,15.7
21.0,15.7
21.0,15.7
21.0,15.8
21.0,15.8
21.0,15.9
21.0,15.9
21.0,15.9
21.0,15.9
21.0,15.9
21.0,15.9
21.0,16.0
21.0,16.0
21.0,16.1
21.0,16.1
21.0,16.1
21.0,16.1
21.0,16.1
21.0,16.2
21.0,16.2
21.0,16.2
21.0,16.3
21.0,16.3
21.0,16.3
21.0,16.3
21.0,16.3
21.0,16.3
21.0,16.4
21.0,16.4
21.0,16.4
21.0,16.4
21.0,16.5
21.0,16.6
21.0,16.6
21.0,16.6
21.0,16.6
21.0,16.7
21.0,16.7
21.0,16.7
21.0,16.9
21.0,16.9
21.0,16.9
21.0,16.9
21.0,17.0
21.0,17.0
21.0,17.0
21.0,17.0
21.0,17.1
21.0,17.1
21.0,17.1
21.0,17.1
21.0,17.1
21.0,17.2
21.0,17.2
21.0,17.3
21.0,17.3
21.0,17.3
21.0,17.4
21.0,17.4
21.0,17.4
21.0,17.4
21.0,17.4
21.0,17.5
21.0,17.6
21.0,17.6
21.0,17.6
21.0,17.7
21.0,17.7
21.0,17.7
21.0,17.8
21.0,17.8
21.0,17.8
21.0,17.9
21.0,18.0
21.0,18.0
21.0,18.1
21.0,18.1
21.0,18.2
21.0,18.2
21.0,18.2
21.0,18.2
21.0,18.2
21.0,18.3
21.0,18.3
21.0,18.3
21.0,18.3
21.0,18.3
21.0,18.4
21.0,18.4
21.0,18.4
21.0,18.4
21.0,18.4
21.0,18.4
21.0,18.5
21.0,18.6
21.0,18.7
21.0,18.7
21.0,18.7
21.0,18.8
21.0,18.8
21.0,18.8
21.0,18.9
21.0,18.9
21.0,18.9
21.0,19.0
21.0,19.0
21.0,19.0
21.0,19.0
21.0,19.0
21.0,19.1
21.0,19.1
21.0,19.2
21.0,19.2
21.0,19.2
21.0,19.2
21.0,19.2
21.0,19.2
21.0,19.2
21.0,19.3
21.0,19.3
21.0,19.3
21.0,19.3
21.0,19.4
21.0,19.5
21.0,19.5
21.0,19.6
21.0,19.6
21.0,19.7
21.0,19.8
21.0,19.9
21.0,19.9
21.0,20.0
21.0,20.0
21.0,20.0
21.0,20.1
21.0,20.1
21.0,20.2
21.0,20.2
21.0,20.3
21.0,20.3
21.0,20.3
21.0,20.3
21.0,20.3
21.0,20.3
21.0,20.4
21.0,20.5
21.0,20.5
21.0,20.6
21.0,20.6
21.0,20.6
21.0,20.7
21.0,20.7
21.0,20.7
21.0,20.8
21.0,20.8
21.0,20.8
21.0,21.0
21.0,21.0
21.0,21.1
21.0,21.2
21.0,21.2
21.0,21.2
21.0,21.2
21.0,21.4
21.0,21.4
21.0,21.4
21.0,21.4
21.0,21.5
21.0,21.6
21.0,21.7
21.0,21.7
21.0,21.7
21.0,21.7
21.0,21.9
21.0,22.0
21.0,22.1
21.0,22.1
21.0,22.2
21.0,22.3
21.0,22.3
21.0,22.3
21.0,22.4
21.0,22.4
21.0,22.5
21.0,22.5
21.0,22.6
21.0,22.6
21.0,22.7
21.0,22.8
21.0,22.9
21.0,23.0
21.0,23.1
21.0,23.1
21.0,23.2
21.0,23.2
21.0,23.3
21.0,23.4
21.0,23.4
21.0,23.5
21.0,23.5
21.0,23.5
21.0,23.5
21.0,23.6
21.0,23.7
21.0,23.7
21.0,23.7
21.0,23.7
21.0,23.7
21.0,23.8
21.0,23.8
21.0,23.8
21.0,23.9
21.0,23.9
21.0,24.1
21.0,24.1
21.0,24.1
21.0,24.2
21.0,24.3
21.0,24.3
21.0,24.4
21.0,24.4
21.0,24.4
21.0,24.5
21.0,24.8
21.0,24.8
21.0,24.9
21.0,24.9
21.0,24.9
21.0,24.9
21.0,25.0
21.0,25.1
21.0,25.1
21.0,25.1
21.0,25.6
21.0,25.7
21.0,25.9
21.0,26.5
21.0,26.5
21.0,27.0
21.0,27.2
21.0,27.2
21.0,27.2
21.0,27.2
21.0,27.4
21.0,27.5
21.0,27.6
21.0,27.8
21.0,27.8
21.0,28.0
21.0,28.4
21.0,28.6
21.0,29.0
21.0,29.1
21.0,29.7
21.0,29.9
21.0,30.0
21.0,30.0
21.0,30.4
21.0,30.5
21.0,30.7
21.0,30.8
21.0,31.6
21.0,31.7
21.0,34.4
21.0,34.9
21.0,36.0
21.0,40.7
21.0,42.9
21.0,52.5
22.0,0.0
22.0,0.0
22.0,6.1
22.0,6.4
22.0,8.5
22.0,9.0
22.0,9.1
22.0,9.7
22.0,10.0
22.0,10.1
22.0,10.2
22.0,10.3
22.0,10.3
22.0,10.4
22.0,10.5
22.0,10.5
22.0,10.6
22.0,10.6
22.0,10.9
22.0,10.9
22.0,10.9
22.0,11.0
22.0,11.1
22.0,11.2
22.0,11.5
22.0,11.5
22.0,11.6
22.0,11.7
22.0,11.8
22.0,11.9
22.0,11.9
22.0,12.1
22.0,12.1
22.0,12.1
22.0,12.2
22.0,12.2
22.0,12.3
22.0,12.3
22.0,12.3
22.0,12.3
22.0,12.4
22.0,12.4
22.0,12.4
22.0,12.5
22.0,12.6
22.0,12.6
22.0,12.7
22.0,12.7
22.0,12.8
22.0,12.8
22.0,12.8
22.0,12.8
22.0,12.9
22.0,12.9
22.0,13.0
22.0,13.0
22.0,13.0
22.0,13.1
22.0,13.1
22.0,13.1
22.0,13.2
22.0,13.2
22.0,13.2
22.0,13.2
22.0,13.2
22.0,13.3
22.0,13.3
22.0,13.4
22.0,13.4
22.0,13.5
22.0,13.5
22.0,13.5
22.0,13.5
22.0,13.5
22.0,13.6
22.0,13.6
22.0,13.7
22.0,13.7
22.0,13.7
22.0,13.7
22.0,13.8
22.0,13.9
22.0,13.9
22.0,13.9
22.0,13.9
22.0,14.0
22.0,14.0
22.0,14.1
22.0,14.1
22.0,14.1
22.0,14.2
22.0,14.2
22.0,14.2
22.0,14.3
22.0,14.3
22.0,14.3
22.0,14.3
22.0,14.4
22.0,14.4
22.0,14.4
22.0,14.4
22.0,14.4
22.0,14.4
22.0,14.4
22.0,14.5
22.0,14.5
22.0,14.5
22.0,14.5
22.0,14.5
22.0,14.6
22.0,14.6
22.0,14.6
22.0,14.6
22.0,14.6
22.0,14.6
22.0,14.6
22.0,14.7
22.0,14.7
22.0,14.8
22.0,14.8
22.0,14.8
22.0,14.9
22.0,14.9
22.0,14.9
22.0,15.0
22.0,15.0
22.0,15.1
22.0,15.1
22.0,15.1
22.0,15.1
22.0,15.1
22.0,15.1
22.0,15.2
22.0,15.2
22.0,15.3
22.0,15.3
22.0,15.4
22.0,15.5
22.0,15.5
22.0,15.5
22.0,15.6
22.0,15.6
22.0,15.6
22.0,15.6
22.0,15.6
22.0,15.6
22.0,15.7
22.0,15.7
22.0,15.7
22.0,15.7
22.0,15.7
22.0,15.8
22.0,15.8
22.0,15.8
22.0,15.8
22.0,15.8
22.0,15.8
22.0,15.8
22.0,15.9
22.0,15.9
22.0,15.9
22.0,15.9
22.0,15.9
22.0,15.9
22.0,15.9
22.0,15.9
22.0,16.0
22.0,16.0
22.0,16.0
22.0,16.0
22.0,16.0
22.0,16.0
22.0,16.1
22.0,16.1
22.0,16.1
22.0,16.1
22.0,16.1
22.0,16.2
22.0,16.2
22.0,16.3
22.0,16.3
22.0,16.3
22.0,16.4
22.0,16.4
22.0,16.4
22.0,16.4
22.0,16.4
22.0,16.4
22.0,16.4
22.0,16.4
22.0,16.4
22.0,16.4
22.0,16.6
22.0,16.6
22.0,16.6
22.0,16.6
22.0,16.6
22.0,16.6
22.0,16.6
22.0,16.6
22.0,16.7
22.0,16.7
22.0,16.7
22.0,16.7
22.0,16.7
22.0,16.8
22.0,16.9
22.0,16.9
22.0,16.9
22.0,16.9
22.0,17.0
22.0,17.0
22.0,17.1
22.0,17.1
22.0,17.1
22.0,17.1
22.0,17.1
22.0,17.2
22.0,17.2
22.0,17.2
22.0,17.2
22.0,17.2
22.0,17.2
22.0,17.2
22.0,17.2
22.0,17.2
22.0,17.3
22.0,17.3
22.0,17.3
22.0,17.4
22.0,17.4
22.0,17.5
22.0,17.5
22.0,17.5
22.0,17.5
22.0,17.6
22.0,17.6
22.0,17.6
22.0,17.6
22.0,17.7
22.0,17.7
22.0,17.7
22.0,17.8
22.0,17.8
22.0,17.8
22.0,17.9
22.0,17.9
22.0,17.9
22.0,17.9
22.0,17.9
22.0,17.9
22.0,17.9
22.0,18.0
22.0,18.0
22.0,18.1
22.0,18.1
22.0,18.1
22.0,18.1
22.0,18.1
22.0,18.2
22.0,18.2
22.0,18.2
22.0,18.2
22.0,18.3
22.0,18.3
22.0,18.3
22.0,18.4
22.0,18.4
22.0,18.4
22.0,18.4
22.0,18.5
22.0,18.5
22.0,18.5
22.0,18.5
22.0,18.5
22.0,18.5
22.0,18.5
22.0,18.6
22.0,18.6
22.0,18.6
22.0,18.7
22.0,18.7
22.0,18.7
22.0,18.7
22.0,18.7
22.0,18.8
22.0,18.8
22.0,18.9
22.0,18.9
22.0,19.0
22.0,19.0
22.0,19.0
22.0,19.0
22.0,19.0
22.0,19.0
22.0,19.1
22.0,19.1
22.0,19.1
22.0,19.1
22.0,19.1
22.0,19.1
22.0,19.1
22.0,19.2
22.0,19.2
22.0,19.3
22.0,19.4
22.0,19.4
22.0,19.4
22.0,19.5
22.0,19.5
22.0,19.6
22.0,19.6
22.0,19.7
22.0,19.7
22.0,19.7
22.0,19.7
22.0,19.8
22.0,19.8
22.0,19.8
22.0,19.9
22.0,19.9
22.0,19.9
22.0,19.9
22.0,19.9
22.0,20.0
22.0,20.0
22.0,20.0
22.0,20.1
22.0,20.1
22.0,20.1
22.0,20.3
22.0,20.3
22.0,20.4
22.0,20.6
22.0,20.6
22.0,20.6
22.0,20.7
22.0,20.7
22.0,20.8
22.0,20.9
22.0,20.9
22.0,20.9
22.0,21.0
22.0,21.0
22.0,21.0
22.0,21.0
22.0,21.1
22.0,21.1
22.0,21.1
22.0,21.1
22.0,21.2
22.0,21.2
22.0,21.3
22.0,21.3
22.0,21.3
22.0,21.3
22.0,21.4
22.0,21.4
22.0,21.5
22.0,21.6
22.0,21.7
22.0,21.7
22.0,21.7
22.0,21.7
22.0,21.8
22.0,21.9
22.0,22.0
22.0,22.0
22.0,22.1
22.0,22.1
22.0,22.1
22.0,22.2
22.0,22.2
22.0,22.2
22.0,22.3
22.0,22.5
22.0,22.6
22.0,22.6
22.0,22.7
22.0,22.8
22.0,22.8
22.0,22.8
22.0,22.9
22.0,23.0
22.0,23.1
22.0,23.1
22.0,23.2
22.0,23.3
22.0,23.3
22.0,23.4
22.0,23.5
22.0,23.5
22.0,23.6
22.0,23.6
22.0,23.7
22.0,23.7
22.0,23.7
22.0,23.7
22.0,23.8
22.0,23.8
22.0,23.9
22.0,24.1
22.0,24.1
22.0,24.1
22.0,24.2
22.0,24.2
22.0,24.3
22.0,24.4
22.0,24.4
22.0,24.4
22.0,24.5
22.0,24.6
22.0,24.6
22.0,24.7
22.0,24.8
22.0,24.8
22.0,24.9
22.0,25.1
22.0,25.2
22.0,25.3
22.0,25.3
22.0,25.4
22.0,25.4
22.0,25.4
22.0,25.6
22.0,25.7
22.0,25.7
22.0,25.9
22.0,25.9
22.0,26.0
22.0,26.0
22.0,26.0
22.0,26.0
22.0,26.2
22.0,26.2
22.0,26.2
22.0,26.8
22.0,27.3
22.0,27.4
22.0,27.5
22.0,27.7
22.0,27.8
22.0,27.8
22.0,28.0
22.0,28.0
22.0,28.1
22.0,28.3
22.0,28.4
22.0,28.5
22.0,28.8
22.0,28.8
22.0,29.4
22.0,29.4
22.0,29.5
22.0,29.6
22.0,29.7
22.0,29.8
22.0,30.4
22.0,30.5
22.0,30.8
22.0,30.8
22.0,31.0
22.0,31.6
22.0,31.9
22.0,32.3
22.0,32.5
22.0,32.9
22.0,33.0
22.0,33.5
22.0,33.6
22.0,33.7
22.0,34.3
22.0,36.0
22.0,37.4
22.0,39.8
22.0,41.5
22.0,42.8
23.0,0.0
23.0,0.0
23.0,0.0
23.0,0.0
23.0,4.8
23.0,6.4
23.0,6.9
23.0,7.7
23.0,7.9
23.0,8.1
23.0,8.4
23.0,8.6
23.0,8.8
23.0,8.8
23.0,9.0
23.0,9.0
23.0,9.3
23.0,9.4
23.0,9.4
23.0,9.8
23.0,9.8
23.0,9.9
23.0,10.2
23.0,10.2
23.0,10.3
23.0,10.7
23.0,10.7
23.0,10.9
23.0,10.9
23.0,11.0
23.0,11.1
23.0,11.1
23.0,11.3
23.0,11.3
23.0,11.4
23.0,11.4
23.0,11.5
23.0,11.5
23.0,11.5
23.0,11.6
23.0,11.6
23.0,11.8
23.0,11.8
23.0,11.8
23.0,11.8
23.0,11.9
23.0,11.9
23.0,11.9
23.0,11.9
23.0,11.9
23.0,12.0
23.0,12.0
23.0,12.1
23.0,12.1
23.0,12.1
23.0,12.1
23.0,12.1
23.0,12.1
23.0,12.1
23.0,12.2
23.0,12.2
23.0,12.2
23.0,12.3
23.0,12.3
23.0,12.4
23.0,12.4
23.0,12.4
23.0,12.4
23.0,12.4
23.0,12.4
23.0,12.5
23.0,12.6
23.0,12.6
23.0,12.6
23.0,12.6
23.0,12.7
23.0,12.7
23.0,12.8
23.0,12.8
23.0,12.8
23.0,12.8
23.0,12.8
23.0,12.9
23.0,12.9
23.0,12.9
23.0,13.0
23.0,13.1
23.0,13.1
23.0,13.1
23.0,13.2
23.0,13.2
23.0,13.3
23.0,13.3
23.0,13.3
23.0,13.4
23.0,13.4
23.0,13.4
23.0,13.4
23.0,13.4
23.0,13.5
23.0,13.6
23.0,13.6
23.0,13.7
23.0,13.7
23.0,13.7
23.0,13.7
23.0,13.7
23.0,13.8
23.0,13.8
23.0,13.8
23.0,13.8
23.0,13.8
23.0,13.9
23.0,13.9
23.0,13.9
23.0,13.9
23.0,13.9
23.0,13.9
23.0,14.0
23.0,14.0
23.0,14.0
23.0,14.1
23.0,14.1
23.0,14.1
23.0,14.1
23.0,14.1
23.0,14.1
23.0,14.2
23.0,14.2
23.0,14.2
23.0,14.2
23.0,14.3
23.0,14.3
23.0,14.3
23.0,14.4
23.0,14.4
23.0,14.4
23.0,14.5
23.0,14.6
23.0,14.6
23.0,14.6
23.0,14.8
23.0,14.8
23.0,14.8
23.0,14.8
23.0,14.8
23.0,14.9
23.0,14.9
23.0,14.9
23.0,15.0
23.0,15.0
23.0,15.0
23.0,15.0
23.0,15.1
23.0,15.1
23.0,15.1
23.0,15.1
23.0,15.2
23.0,15.2
23.0,15.2
23.0,15.2
23.0,15.2
23.0,15.3
23.0,15.3
23.0,15.4
23.0,15.4
23.0,15.4
23.0,15.4
23.0,15.4
23.0,15.4
23.0,15.4
23.0,15.4
23.0,15.4
23.0,15.4
23.0,15.5
23.0,15.5
23.0,15.5
23.0,15.6
23.0,15.6
23.0,15.6
23.0,15.6
23.0,15.7
23.0,15.7
23.0,15.7
23.0,15.7
23.0,15.7
23.0,15.7
23.0,15.8
23.0,15.8
23.0,15.8
23.0,15.8
23.0,15.8
23.0,15.8
23.0,15.8
23.0,15.8
23.0,15.8
23.0,15.8
23.0,15.8
23.0,15.9
23.0,15.9
23.0,15.9
23.0,15.9
23.0,16.0
23.0,16.0
23.0,16.0
23.0,16.0
23.0,16.1
23.0,16.1
23.0,16.2
23.0,16.2
23.0,16.2
23.0,16.3
23.0,16.3
23.0,16.4
23.0,16.4
23.0,16.4
23.0,16.4
23.0,16.4
23.0,16.4
23.0,16.4
23.0,16.4
23.0,16.4
23.0,16.4
23.0,16.4
23.0,16.4
23.0,16.5
23.0,16.5
23.0,16.5
23.0,16.5
23.0,16.6
23.0,16.6
23.0,16.6
23.0,16.7
23.0,16.7
23.0,16.7
23.0,16.7
23.0,16.8
23.0,16.8
23.0,16.8
23.0,16.8
23.0,16.8
23.0,16.8
23.0,16.8
23.0,16.9
23.0,16.9
23.0,16.9
23.0,16.9
23.0,17.0
23.0,17.0
23.0,17.0
23.0,17.0
23.0,17.1
23.0,17.1
23.0,17.1
23.0,17.1
23.0,17.1
23.0,17.1
23.0,17.1
23.0,17.1
23.0,17.1
23.0,17.2
23.0,17.2
23.0,17.2
23.0,17.2
23.0,17.2
23.0,17.2
23.0,17.2
23.0,17.3
23.0,17.3
23.0,17.3
23.0,17.4
23.0,17.4
23.0,17.4
23.0,17.4
23.0,17.4
23.0,17.5
23.0,17.5
23.0,17.5
23.0,17.6
23.0,17.6
23.0,17.6
23.0,17.6
23.0,17.6
23.0,17.6
23.0,17.7
23.0,17.7
23.0,17.7
23.0,17.7
23.0,17.7
23.0,17.8
23.0,17.9
23.0,17.9
23.0,17.9
23.0,17.9
23.0,17.9
23.0,18.0
23.0,18.0
23.0,18.0
23.0,18.0
23.0,18.1
23.0,18.1
23.0,18.1
23.0,18.1
23.0,18.1
23.0,18.1
23.0,18.1
23.0,18.2
23.0,18.2
23.0,18.2
23.0,18.2
23.0,18.2
23.0,18.3
23.0,18.3
23.0,18.4
23.0,18.4
23.0,18.4
23.0,18.5
23.0,18.6
23.0,18.6
23.0,18.6
23.0,18.7
23.0,18.7
23.0,18.7
23.0,18.7
23.0,18.8
23.0,18.8
23.0,18.8
23.0,18.9
23.0,18.9
23.0,18.9
23.0,19.0
23.0,19.0
23.0,19.0
23.0,19.0
23.0,19.0
23.0,19.0
23.0,19.1
23.0,19.1
23.0,19.1
23.0,19.1
23.0,19.1
23.0,19.2
23.0,19.2
23.0,19.2
23.0,19.2
23.0,19.3
23.0,19.3
23.0,19.3
23.0,19.3
23.0,19.3
23.0,19.4
23.0,19.4
23.0,19.4
23.0,19.4
23.0,19.4
23.0,19.4
23.0,19.4
23.0,19.4
23.0,19.5
23.0,19.5
23.0,19.5
23.0,19.6
23.0,19.6
23.0,19.6
23.0,19.6
23.0,19.6
23.0,19.7
23.0,19.7
23.0,19.7
23.0,19.7
23.0,19.8
23.0,19.8
23.0,19.9
23.0,19.9
23.0,19.9
23.0,19.9
23.0,19.9
23.0,20.0
23.0,20.0
23.0,20.0
23.0,20.0
23.0,20.0
23.0,20.0
23.0,20.0
23.0,20.1
23.0,20.1
23.0,20.1
23.0,20.1
23.0,20.1
23.0,20.1
23.0,20.1
23.0,20.2
23.0,20.2
23.0,20.2
23.0,20.2
23.0,20.2
23.0,20.2
23.0,20.2
23.0,20.2
23.0,20.2
23.0,20.3
23.0,20.4
23.0,20.4
23.0,20.4
23.0,20.4
23.0,20.5
23.0,20.5
23.0,20.5
23.0,20.6
23.0,20.6
23.0,20.7
23.0,20.7
23.0,20.8
23.0,20.8
23.0,20.8
23.0,20.8
23.0,20.9
23.0,20.9
23.0,20.9
23.0,20.9
23.0,20.9
23.0,20.9
23.0,20.9
23.0,20.9
23.0,21.0
23.0,21.1
23.0,21.1
23.0,21.1
23.0,21.1
23.0,21.2
23.0,21.3
23.0,21.3
23.0,21.3
23.0,21.4
23.0,21.4
23.0,21.4
23.0,21.4
23.0,21.4
23.0,21.4
23.0,21.5
23.0,21.5
23.0,21.5
23.0,21.7
23.0,21.7
23.0,21.8
23.0,21.8
23.0,21.8
23.0,21.8
23.0,21.8
23.0,21.8
23.0,21.8
23.0,21.8
23.0,21.8
23.0,21.9
23.0,22.0
23.0,22.1
23.0,22.1
23.0,22.2
23.0,22.2
23.0,22.2
23.0,22.3
23.0,22.4
23.0,22.4
23.0,22.5
23.0,22.5
23.0,22.6
23.0,22.6
23.0,22.6
23.0,22.6
23.0,22.6
23.0,22.7
23.0,22.8
23.0,22.8
23.0,22.8
23.0,22.8
23.0,22.9
23.0,23.0
23.0,23.1
23.0,23.1
23.0,23.1
23.0,23.2
23.0,23.2
23.0,23.3
23.0,23.4
23.0,23.4
23.0,23.5
23.0,23.6
23.0,23.7
23.0,23.7
23.0,23.8
23.0,23.8
23.0,23.9
23.0,24.0
23.0,24.0
23.0,24.1
23.0,24.2
23.0,24.4
23.0,24.4
23.0,24.4
23.0,24.4
23.0,24.4
23.0,24.6
23.0,24.6
23.0,24.6
23.0,24.7
23.0,24.7
23.0,24.7
23.0,24.8
23.0,24.8
23.0,24.8
23.0,25.0
23.0,25.1
23.0,25.3
23.0,25.3
23.0,25.5
23.0,25.6
23.0,26.0
23.0,26.1
23.0,26.3
23.0,26.4
23.0,26.5
23.0,26.5
23.0,26.5
23.0,26.7
23.0,26.9
23.0,27.0
23.0,27.4
23.0,27.5
23.0,27.5
23.0,27.5
23.0,27.8
23.0,27.9
23.0,27.9
23.0,28.0
23.0,28.0
23.0,28.1
23.0,28.1
23.0,28.2
23.0,28.8
23.0,28.9
23.0,29.2
23.0,29.3
23.0,29.5
23.0,29.7
23.0,30.0
23.0,30.2
23.0,30.5
23.0,30.8
23.0,30.8
23.0,31.0
23.0,31.0
23.0,31.2
23.0,31.4
23.0,31.4
23.0,31.5
23.0,32.1
23.0,32.6
23.0,32.6
23.0,33.2
23.0,33.4
23.0,34.4
23.0,34.9
23.0,35.5
23.0,35.9
23.0,37.6
23.0,38.5
23.0,40.0
23.0,40.7
23.0,42.2
23.0,43.4
24.0,0.0
24.0,0.0
24.0,0.0
24.0,0.0
24.0,0.0
24.0,0.0
24.0,0.0
24.0,4.1
24.0,5.1
24.0,6.1
24.0,7.0
24.0,7.2
24.0,7.4
24.0,7.9
24.0,8.1
24.0,8.2
24.0,8.5
24.0,8.5
24.0,8.7
24.0,8.9
24.0,9.1
24.0,9.1
24.0,9.2
24.0,9.4
24.0,9.4
24.0,9.5
24.0,9.5
24.0,9.5
24.0,9.6
24.0,9.6
24.0,9.7
24.0,10.0
24.0,10.1
24.0,10.1
24.0,10.1
24.0,10.3
24.0,10.3
24.0,10.4
24.0,10.6
24.0,10.8
24.0,10.8
24.0,10.8
24.0,10.9
24.0,10.9
24.0,11.0
24.0,11.1
24.0,11.1
24.0,11.2
24.0,11.3
24.0,11.3
24.0,11.3
24.0,11.4
24.0,11.4
24.0,11.5
24.0,11.5
24.0,11.5
24.0,11.6
24.0,11.7
24.0,11.7
24.0,11.7
24.0,11.7
24.0,11.8
24.0,11.8
24.0,11.8
24.0,11.9
24.0,12.0
24.0,12.1
24.0,12.2
24.0,12.2
24.0,12.3
24.0,12.3
24.0,12.3
24.0,12.3
24.0,12.3
24.0,12.3
24.0,12.4
24.0,12.4
24.0,12.4
24.0,12.4
24.0,12.4
24.0,12.4
24.0,12.5
24.0,12.5
24.0,12.5
24.0,12.5
24.0,12.6
24.0,12.6
24.0,12.6
24.0,12.7
24.0,12.7
24.0,12.7
24.0,12.8
24.0,12.8
24.0,12.8
24.0,12.8
24.0,12.9
24.0,12.9
24.0,12.9
24.0,12.9
24.0,12.9
24.0,13.0
24.0,13.0
24.0,13.0
24.0,13.0
24.0,13.0
24.0,13.1
24.0,13.1
24.0,13.2
24.0,13.2
24.0,13.2
24.0,13.2
24.0,13.2
24.0,13.3
24.0,13.3
24.0,13.3
24.0,13.4
24.0,13.4
24.0,13.4
24.0,13.4
24.0,13.5
24.0,13.5
24.0,13.5
24.0,13.6
24.0,13.6
24.0,13.6
24.0,13.6
24.0,13.7
24.0,13.7
24.0,13.7
24.0,13.7
24.0,13.7
24.0,13.8
24.0,13.9
24.0,13.9
24.0,13.9
24.0,13.9
24.0,14.0
24.0,14.0
24.0,14.0
24.0,14.0
24.0,14.0
24.0,14.1
24.0,14.1
24.0,14.1
24.0,14.3
24.0,14.3
24.0,14.4
24.0,14.4
24.0,14.4
24.0,14.5
24.0,14.5
24.0,14.5
24.0,14.5
24.0,14.5
24.0,14.5
24.0,14.5
24.0,14.5
24.0,14.6
24.0,14.6
24.0,14.6
24.0,14.6
24.0,14.6
24.0,14.6
24.0,14.6
24.0,14.7
24.0,14.8
24.0,14.8
24.0,14.8
24.0,14.8
24.0,14.8
24.0,14.9
24.0,14.9
24.0,14.9
24.0,15.0
24.0,15.0
24.0,15.0
24.0,15.0
24.0,15.0
24.0,15.0
24.0,15.0
24.0,15.1
24.0,15.1
24.0,15.1
24.0,15.2
24.0,15.2
24.0,15.2
24.0,15.2
24.0,15.3
24.0,15.3
24.0,15.3
24.0,15.4
24.0,15.4
24.0,15.4
24.0,15.4
24.0,15.4
24.0,15.5
24.0,15.5
24.0,15.5
24.0,15.5
24.0,15.5
24.0,15.5
24.0,15.6
24.0,15.6
24.0,15.6
24.0,15.6
24.0,15.7
24.0,15.7
24.0,15.7
24.0,15.8
24.0,15.8
24.0,15.8
24.0,15.8
24.0,15.8
24.0,15.8
24.0,15.8
24.0,15.8
24.0,15.9
24.0,15.9
24.0,15.9
24.0,15.9
24.0,15.9
24.0,15.9
24.0,15.9
24.0,15.9
24.0,15.9
24.0,16.0
24.0,16.0
24.0,16.0
24.0,16.0
24.0,16.1
24.0,16.1
24.0,16.2
24.0,16.2
24.0,16.2
24.0,16.2
24.0,16.2
24.0,16.2
24.0,16.3
24.0,16.3
24.0,16.3
24.0,16.3
24.0,16.3
24.0,16.4
24.0,16.4
24.0,16.4
24.0,16.4
24.0,16.4
24.0,16.5
24.0,16.5
24.0,16.5
24.0,16.5
24.0,16.6
24.0,16.6
24.0,16.6
24.0,16.6
24.0,16.6
24.0,16.6
24.0,16.6
24.0,16.6
24.0,16.6
24.0,16.7
24.0,16.7
24.0,16.7
24.0,16.7
24.0,16.7
24.0,16.7
24.0,16.8
24.0,16.8
24.0,16.8
24.0,16.8
24.0,16.8
24.0,16.8
24.0,16.9
24.0,16.9
24.0,16.9
24.0,16.9
24.0,16.9
24.0,16.9
24.0,16.9
24.0,17.0
24.0,17.0
24.0,17.0
24.0,17.0
24.0,17.0
24.0,17.0
24.0,17.0
24.0,17.0
24.0,17.0
24.0,17.1
24.0,17.1
24.0,17.1
24.0,17.1
24.0,17.1
24.0,17.1
24.0,17.2
24.0,17.2
24.0,17.2
24.0,17.2
24.0,17.2
24.0,17.2
24.0,17.3
24.0,17.3
24.0,17.3
24.0,17.3
24.0,17.3
24.0,17.3
24.0,17.4
24.0,17.4
24.0,17.4
24.0,17.5
24.0,17.5
24.0,17.5
24.0,17.5
24.0,17.5
24.0,17.5
24.0,17.5
24.0,17.6
24.0,17.6
24.0,17.6
24.0,17.6
24.0,17.6
24.0,17.7
24.0,17.7
24.0,17.7
24.0,17.7
24.0,17.7
24.0,17.7
24.0,17.7
24.0,17.7
24.0,17.8
24.0,17.8
24.0,17.8
24.0,17.8
24.0,17.9
24.0,17.9
24.0,17.9
24.0,17.9
24.0,17.9
24.0,18.0
24.0,18.0
24.0,18.0
24.0,18.0
24.0,18.1
24.0,18.1
24.0,18.1
24.0,18.1
24.0,18.2
24.0,18.2
24.0,18.2
24.0,18.2
24.0,18.2
24.0,18.3
24.0,18.3
24.0,18.3
24.0,18.4
24.0,18.4
24.0,18.4
24.0,18.5
24.0,18.5
24.0,18.5
24.0,18.5
24.0,18.5
24.0,18.5
24.0,18.6
24.0,18.6
24.0,18.6
24.0,18.7
24.0,18.7
24.0,18.7
24.0,18.7
24.0,18.8
24.0,18.8
24.0,18.9
24.0,18.9
24.0,19.0
24.0,19.0
24.0,19.0
24.0,19.1
24.0,19.1
24.0,19.1
24.0,19.1
24.0,19.1
24.0,19.2
24.0,19.3
24.0,19.3
24.0,19.3
24.0,19.3
24.0,19.3
24.0,19.4
24.0,19.4
24.0,19.4
24.0,19.5
24.0,19.5
24.0,19.5
24.0,19.5
24.0,19.5
24.0,19.5
24.0,19.5
24.0,19.5
24.0,19.5
24.0,19.6
24.0,19.6
24.0,19.6
24.0,19.7
24.0,19.7
24.0,19.7
24.0,19.7
24.0,19.7
24.0,19.8
24.0,19.8
24.0,19.9
24.0,19.9
24.0,19.9
24.0,19.9
24.0,19.9
24.0,20.0
24.0,20.0
24.0,20.1
24.0,20.1
24.0,20.2
24.0,20.2
24.0,20.2
24.0,20.2
24.0,20.3
24.0,20.3
24.0,20.4
24.0,20.5
24.0,20.5
24.0,20.5
24.0,20.6
24.0,20.7
24.0,20.7
24.0,20.7
24.0,20.7
24.0,20.8
24.0,20.8
24.0,20.8
24.0,20.9
24.0,20.9
24.0,20.9
24.0,20.9
24.0,20.9
24.0,20.9
24.0,20.9
24.0,21.0
24.0,21.0
24.0,21.1
24.0,21.1
24.0,21.1
24.0,21.2
24.0,21.3
24.0,21.3
24.0,21.3
24.0,21.3
24.0,21.4
24.0,21.4
24.0,21.4
24.0,21.5
24.0,21.5
24.0,21.5
24.0,21.6
24.0,21.6
24.0,21.6
24.0,21.7
24.0,21.7
24.0,21.7
24.0,21.7
24.0,21.8
24.0,21.8
24.0,21.8
24.0,21.8
24.0,21.9
24.0,21.9
24.0,22.0
24.0,22.1
24.0,22.1
24.0,22.1
24.0,22.1
24.0,22.3
24.0,22.4
24.0,22.4
24.0,22.5
24.0,22.5
24.0,22.5
24.0,22.6
24.0,22.7
24.0,22.8
24.0,22.9
24.0,22.9
24.0,22.9
24.0,22.9
24.0,23.0
24.0,23.0
24.0,23.0
24.0,23.1
24.0,23.2
24.0,23.2
24.0,23.3
24.0,23.3
24.0,23.3
24.0,23.4
24.0,23.4
24.0,23.5
24.0,23.5
24.0,23.5
24.0,23.5
24.0,23.6
24.0,23.6
24.0,23.6
24.0,23.7
24.0,23.7
24.0,23.8
24.0,23.8
24.0,23.9
24.0,23.9
24.0,23.9
24.0,23.9
24.0,24.0
24.0,24.0
24.0,24.0
24.0,24.0
24.0,24.1
24.0,24.1
24.0,24.4
24.0,24.6
24.0,24.7
24.0,24.8
24.0,24.9
24.0,24.9
24.0,24.9
24.0,25.0
24.0,25.1
24.0,25.1
24.0,25.2
24.0,25.3
24.0,25.3
24.0,25.4
24.0,25.4
24.0,25.6
24.0,25.6
24.0,25.6
24.0,25.7
24.0,25.8
24.0,25.8
24.0,25.8
24.0,25.9
24.0,26.0
24.0,26.1
24.0,26.1
24.0,26.1
24.0,26.2
24.0,26.4
24.0,26.6
24.0,26.9
24.0,27.0
24.0,27.1
24.0,27.3
24.0,27.4
24.0,27.5
24.0,27.6
24.0,27.8
24.0,27.8
24.0,27.8
24.0,28.0
24.0,28.2
24.0,28.6
24.0,28.7
24.0,28.8
24.0,29.1
24.0,29.1
24.0,29.1
24.0,29.3
24.0,29.7
24.0,29.7
24.0,29.8
24.0,30.0
24.0,30.4
24.0,30.4
24.0,30.4
24.0,30.8
24.0,31.7
24.0,32.3
24.0,32.6
24.0,32.7
24.0,32.7
24.0,32.8
24.0,33.3
24.0,33.3
24.0,33.5
24.0,34.7
24.0,36.0
24.0,38.1
24.0,44.0
24.0,45.0
24.0,72.5
25.0,0.0
25.0,3.0
25.0,6.0
25.0,6.8
25.0,7.2
25.0,7.2
25.0,7.8
25.0,8.4
25.0,8.8
25.0,8.9
25.0,8.9
25.0,8.9
25.0,9.6
25.0,9.7
25.0,9.9
25.0,10.1
25.0,10.2
25.0,10.3
25.0,10.5
25.0,10.6
25.0,10.8
25.0,10.8
25.0,10.9
25.0,10.9
25.0,10.9
25.0,11.0
25.0,11.0
25.0,11.1
25.0,11.1
25.0,11.1
25.0,11.1
25.0,11.2
25.0,11.3
25.0,11.3
25.0,11.4
25.0,11.5
25.0,11.5
25.0,11.7
25.0,11.8
25.0,11.8
25.0,11.8
25.0,11.8
25.0,11.8
25.0,12.0
25.0,12.1
25.0,12.1
25.0,12.2
25.0,12.2
25.0,12.2
25.0,12.3
25.0,12.3
25.0,12.3
25.0,12.4
25.0,12.5
25.0,12.5
25.0,12.5
25.0,12.5
25.0,12.5
25.0,12.5
25.0,12.6
25.0,12.6
25.0,12.7
25.0,12.7
25.0,12.7
25.0,12.8
25.0,12.9
25.0,12.9
25.0,12.9
25.0,13.0
25.0,13.0
25.0,13.1
25.0,13.1
25.0,13.1
25.0,13.1
25.0,13.2
25.0,13.2
25.0,13.2
25.0,13.2
25.0,13.2
25.0,13.3
25.0,13.4
25.0,13.4
25.0,13.4
25.0,13.5
25.0,13.5
25.0,13.5
25.0,13.5
25.0,13.5
25.0,13.6
25.0,13.6
25.0,13.6
25.0,13.6
25.0,13.7
25.0,13.7
25.0,13.7
25.0,13.7
25.0,13.7
25.0,13.8
25.0,13.8
25.0,13.8
25.0,13.8
25.0,13.8
25.0,13.8
25.0,13.9
25.0,13.9
25.0,14.0
25.0,14.0
25.0,14.0
25.0,14.0
25.0,14.1
25.0,14.1
25.0,14.1
25.0,14.1
25.0,14.1
25.0,14.2
25.0,14.2
25.0,14.3
25.0,14.3
25.0,14.4
25.0,14.5
25.0,14.5
25.0,14.5
25.0,14.6
25.0,14.6
25.0,14.7
25.0,14.7
25.0,14.7
25.0,14.7
25.0,14.8
25.0,14.8
25.0,14.8
25.0,14.8
25.0,14.8
25.0,14.8
25.0,14.9
25.0,14.9
25.0,14.9
25.0,14.9
25.0,14.9
25.0,15.0
25.0,15.0
25.0,15.0
25.0,15.0
25.0,15.0
25.0,15.1
25.0,15.1
25.0,15.1
25.0,15.1
25.0,15.1
25.0,15.2
25.0,15.3
25.0,15.4
25.0,15.5
25.0,15.5
25.0,15.5
25.0,15.5
25.0,15.6
25.0,15.6
25.0,15.7
25.0,15.7
25.0,15.7
25.0,15.7
25.0,15.7
25.0,15.7
25.0,15.7
25.0,15.7
25.0,15.9
25.0,15.9
25.0,15.9
25.0,16.0
25.0,16.0
25.0,16.0
25.0,16.0
25.0,16.0
25.0,16.0
25.0,16.1
25.0,16.1
25.0,16.1
25.0,16.1
25.0,16.1
25.0,16.2
25.0,16.2
25.0,16.2
25.0,16.3
25.0,16.3
25.0,16.3
25.0,16.4
25.0,16.4
25.0,16.4
25.0,16.4
25.0,16.4
25.0,16.4
25.0,16.4
25.0,16.5
25.0,16.5
25.0,16.5
25.0,16.5
25.0,16.5
25.0,16.6
25.0,16.6
25.0,16.6
25.0,16.6
25.0,16.6
25.0,16.6
25.0,16.7
25.0,16.7
25.0,16.7
25.0,16.7
25.0,16.7
25.0,16.8
25.0,16.8
25.0,16.8
25.0,16.8
25.0,16.8
25.0,16.8
25.0,16.9
25.0,16.9
25.0,16.9
25.0,17.0
25.0,17.0
25.0,17.1
25.0,17.1
25.0,17.1
25.0,17.2
25.0,17.2
25.0,17.2
25.0,17.2
25.0,17.2
25.0,17.2
25.0,17.2
25.0,17.3
25.0,17.3
25.0,17.3
25.0,17.3
25.0,17.3
25.0,17.4
25.0,17.4
25.0,17.4
25.0,17.4
25.0,17.4
25.0,17.4
25.0,17.4
25.0,17.5
25.0,17.5
25.0,17.5
25.0,17.5
25.0,17.6
25.0,17.6
25.0,17.6
25.0,17.7
25.0,17.7
25.0,17.7
25.0,17.7
25.0,17.7
25.0,17.8
25.0,17.8
25.0,17.8
25.0,17.8
25.0,17.8
25.0,17.9
25.0,17.9
25.0,18.0
25.0,18.0
25.0,18.0
25.0,18.1
25.0,18.1
25.0,18.1
25.0,18.1
25.0,18.2
25.0,18.2
25.0,18.3
25.0,18.3
25.0,18.3
25.0,18.3
25.0,18.4
25.0,18.4
25.0,18.5
25.0,18.5
25.0,18.5
25.0,18.5
25.0,18.5
25.0,18.6
25.0,18.6
25.0,18.6
25.0,18.7
25.0,18.7
25.0,18.8
25.0,18.8
25.0,18.8
25.0,18.9
25.0,18.9
25.0,18.9
25.0,18.9
25.0,18.9
25.0,18.9
25.0,19.0
25.0,19.0
25.0,19.0
25.0,19.0
25.0,19.0
25.0,19.1
25.0,19.1
25.0,19.1
25.0,19.1
25.0,19.1
25.0,19.1
25.0,19.1
25.0,19.2
25.0,19.2
25.0,19.2
25.0,19.3
25.0,19.3
25.0,19.3
25.0,19.3
25.0,19.3
25.0,19.3
25.0,19.4
25.0,19.4
25.0,19.4
25.0,19.4
25.0,19.4
25.0,19.5
25.0,19.5
25.0,19.5
25.0,19.5
25.0,19.5
25.0,19.6
25.0,19.6
25.0,19.6
25.0,19.7
25.0,19.7
25.0,19.8
25.0,19.8
25.0,19.8
25.0,19.8
25.0,19.8
25.0,19.8
25.0,19.8
25.0,19.8
25.0,19.8
25.0,19.8
25.0,20.0
25.0,20.2
25.0,20.2
25.0,20.2
25.0,20.3
25.0,20.3
25.0,20.3
25.0,20.4
25.0,20.4
25.0,20.4
25.0,20.6
25.0,20.7
25.0,20.7
25.0,20.7
25.0,20.7
25.0,20.7
25.0,20.8
25.0,20.8
25.0,20.8
25.0,20.9
25.0,20.9
25.0,20.9
25.0,20.9
25.0,20.9
25.0,20.9
25.0,21.0
25.0,21.0
25.0,21.0
25.0,21.1
25.0,21.1
25.0,21.1
25.0,21.1
25.0,21.1
25.0,21.1
25.0,21.2
25.0,21.2
25.0,21.2
25.0,21.2
25.0,21.4
25.0,21.4
25.0,21.4
25.0,21.5
25.0,21.5
25.0,21.6
25.0,21.6
25.0,21.6
25.0,21.7
25.0,21.7
25.0,21.8
25.0,21.8
25.0,21.9
25.0,22.1
25.0,22.1
25.0,22.1
25.0,22.2
25.0,22.2
25.0,22.3
25.0,22.3
25.0,22.4
25.0,22.4
25.0,22.5
25.0,22.6
25.0,22.7
25.0,22.7
25.0,22.7
25.0,22.9
25.0,22.9
25.0,22.9
25.0,23.0
25.0,23.0
25.0,23.0
25.0,23.1
25.0,23.1
25.0,23.3
25.0,23.3
25.0,23.3
25.0,23.3
25.0,23.5
25.0,23.5
25.0,23.5
25.0,23.7
25.0,23.8
25.0,23.9
25.0,23.9
25.0,24.0
25.0,24.0
25.0,24.1
25.0,24.1
25.0,24.2
25.0,24.3
25.0,24.3
25.0,24.3
25.0,24.3
25.0,24.4
25.0,24.6
25.0,24.6
25.0,24.7
25.0,24.9
25.0,24.9
25.0,25.0
25.0,25.0
25.0,25.1
25.0,25.1
25.0,25.1
25.0,25.2
25.0,25.2
25.0,25.3
25.0,25.3
25.0,25.7
25.0,25.8
25.0,25.9
25.0,25.9
25.0,26.1
25.0,26.1
25.0,26.3
25.0,26.3
25.0,26.4
25.0,26.5
25.0,26.5
25.0,26.5
25.0,26.6
25.0,26.7
25.0,26.8
25.0,27.2
25.0,27.3
25.0,27.5
25.0,27.5
25.0,27.6
25.0,28.0
25.0,28.1
25.0,28.1
25.0,28.4
25.0,28.5
25.0,28.6
25.0,28.9
25.0,29.0
25.0,29.1
25.0,29.1
25.0,29.5
25.0,29.5
25.0,29.6
25.0,30.1
25.0,30.1
25.0,30.2
25.0,30.4
25.0,30.5
25.0,30.5
25.0,30.8
25.0,31.0
25.0,31.0
25.0,31.1
25.0,31.3
25.0,32.0
25.0,32.2
25.0,32.8
25.0,32.9
25.0,32.9
25.0,33.3
25.0,33.9
25.0,35.4
25.0,37.1
25.0,37.5
25.0,41.4
25.0,42.8
25.0,43.8
25.0,43.9
26.0,7.1
26.0,7.6
26.0,8.6
26.0,8.6
26.0,8.7
26.0,9.2
26.0,9.5
26.0,9.6
26.0,9.6
26.0,9.7
26.0,9.8
26.0,9.8
26.0,10.1
26.0,10.2
26.0,10.2
26.0,10.3
26.0,10.4
26.0,10.6
26.0,10.6
26.0,10.6
26.0,10.7
26.0,10.8
26.0,10.9
26.0,11.1
26.0,11.1
26.0,11.6
26.0,11.7
26.0,12.1
26.0,12.1
26.0,12.1
26.0,12.1
26.0,12.2
26.0,12.3
26.0,12.5
26.0,12.5
26.0,12.5
26.0,12.6
26.0,12.7
26.0,12.7
26.0,12.7
26.0,12.7
26.0,12.7
26.0,12.7
26.0,12.7
26.0,12.7
26.0,12.8
26.0,12.9
26.0,12.9
26.0,13.0
26.0,13.0
26.0,13.0
26.0,13.1
26.0,13.1
26.0,13.1
26.0,13.2
26.0,13.2
26.0,13.2
26.0,13.2
26.0,13.2
26.0,13.3
26.0,13.3
26.0,13.3
26.0,13.3
26.0,13.4
26.0,13.4
26.0,13.4
26.0,13.4
26.0,13.4
26.0,13.5
26.0,13.5
26.0,13.6
26.0,13.6
26.0,13.6
26.0,13.6
26.0,13.6
26.0,13.7
26.0,13.7
26.0,13.7
26.0,13.7
26.0,13.7
26.0,13.7
26.0,13.9
26.0,14.0
26.0,14.0
26.0,14.0
26.0,14.0
26.0,14.0
26.0,14.1
26.0,14.1
26.0,14.1
26.0,14.1
26.0,14.2
26.0,14.2
26.0,14.3
26.0,14.3
26.0,14.3
26.0,14.3
26.0,14.4
26.0,14.4
26.0,14.5
26.0,14.5
26.0,14.6
26.0,14.6
26.0,14.6
26.0,14.7
26.0,14.7
26.0,14.7
26.0,14.7
26.0,14.8
26.0,14.8
26.0,14.8
26.0,14.8
26.0,14.8
26.0,14.8
26.0,14.9
26.0,14.9
26.0,14.9
26.0,15.0
26.0,15.0
26.0,15.0
26.0,15.0
26.0,15.0
26.0,15.1
26.0,15.1
26.0,15.2
26.0,15.2
26.0,15.2
26.0,15.2
26.0,15.3
26.0,15.3
26.0,15.3
26.0,15.3
26.0,15.4
26.0,15.4
26.0,15.4
26.0,15.4
26.0,15.4
26.0,15.4
26.0,15.4
26.0,15.5
26.0,15.5
26.0,15.6
26.0,15.6
26.0,15.7
26.0,15.7
26.0,15.7
26.0,15.8
26.0,15.8
26.0,15.9
26.0,15.9
26.0,15.9
26.0,16.0
26.0,16.0
26.0,16.0
26.0,16.0
26.0,16.1
26.0,16.2
26.0,16.2
26.0,16.2
26.0,16.2
26.0,16.2
26.0,16.2
26.0,16.2
26.0,16.2
26.0,16.3
26.0,16.3
26.0,16.3
26.0,16.3
26.0,16.3
26.0,16.3
26.0,16.4
26.0,16.4
26.0,16.4
26.0,16.5
26.0,16.6
26.0,16.6
26.0,16.6
26.0,16.6
26.0,16.6
26.0,16.7
26.0,16.7
26.0,16.7
26.0,16.7
26.0,16.7
26.0,16.8
26.0,16.8
26.0,16.9
26.0,17.0
26.0,17.0
26.0,17.0
26.0,17.0
26.0,17.0
26.0,17.1
26.0,17.1
26.0,17.2
26.0,17.2
26.0,17.2
26.0,17.2
26.0,17.3
26.0,17.3
26.0,17.3
26.0,17.3
26.0,17.4
26.0,17.4
26.0,17.5
26.0,17.5
26.0,17.5
26.0,17.5
26.0,17.5
26.0,17.6
26.0,17.6
26.0,17.6
26.0,17.6
26.0,17.6
26.0,17.7
26.0,17.7
26.0,17.7
26.0,17.7
26.0,17.8
26.0,17.8
26.0,17.8
26.0,17.8
26.0,17.9
26.0,18.1
26.0,18.1
26.0,18.1
26.0,18.1
26.0,18.1
26.0,18.1
26.0,18.1
26.0,18.1
26.0,18.2
26.0,18.2
26.0,18.3
26.0,18.3
26.0,18.4
26.0,18.4
26.0,18.4
26.0,18.5
26.0,18.5
26.0,18.5
26.0,18.5
26.0,18.5
26.0,18.5
26.0,18.6
26.0,18.7
26.0,18.7
26.0,18.7
26.0,18.7
26.0,18.8
26.0,18.9
26.0,18.9
26.0,18.9
26.0,18.9
26.0,19.0
26.0,19.0
26.0,19.1
26.0,19.2
26.0,19.2
26.0,19.3
26.0,19.3
26.0,19.3
26.0,19.4
26.0,19.4
26.0,19.5
26.0,19.5
26.0,19.5
26.0,19.5
26.0,19.5
26.0,19.5
26.0,19.6
26.0,19.6
26.0,19.6
26.0,19.6
26.0,19.6
26.0,19.6
26.0,19.6
26.0,19.6
26.0,19.7
26.0,19.7
26.0,19.8
26.0,19.8
26.0,19.8
26.0,19.8
26.0,19.9
26.0,20.0
26.0,20.0
26.0,20.1
26.0,20.2
26.0,20.3
26.0,20.3
26.0,20.4
26.0,20.4
26.0,20.4
26.0,20.4
26.0,20.6
26.0,20.6
26.0,20.6
26.0,20.6
26.0,20.7
26.0,20.7
26.0,20.7
26.0,20.7
26.0,20.9
26.0,21.0
26.0,21.0
26.0,21.0
26.0,21.0
26.0,21.1
26.0,21.1
26.0,21.1
26.0,21.3
26.0,21.3
26.0,21.5
26.0,21.6
26.0,21.7
26.0,21.9
26.0,22.0
26.0,22.1
26.0,22.2
26.0,22.2
26.0,22.3
26.0,22.3
26.0,22.4
26.0,22.5
26.0,22.5
26.0,22.5
26.0,22.6
26.0,22.6
26.0,22.7
26.0,22.7
26.0,22.8
26.0,22.8
26.0,22.8
26.0,22.8
26.0,23.0
26.0,23.0
26.0,23.1
26.0,23.1
26.0,23.1
26.0,23.2
26.0,23.3
26.0,23.3
26.0,23.3
26.0,23.3
26.0,23.4
26.0,23.5
26.0,23.5
26.0,23.6
26.0,23.7
26.0,23.8
26.0,23.8
26.0,23.9
26.0,24.0
26.0,24.2
26.0,24.2
26.0,24.3
26.0,24.4
26.0,24.4
26.0,24.4
26.0,24.6
26.0,24.6
26.0,24.7
26.0,24.8
26.0,24.8
26.0,24.9
26.0,25.0
26.0,25.0
26.0,25.1
26.0,25.4
26.0,25.5
26.0,25.7
26.0,25.9
26.0,26.1
26.0,26.1
26.0,26.2
26.0,26.3
26.0,26.4
26.0,26.5
26.0,26.6
26.0,26.8
26.0,27.0
26.0,27.2
26.0,27.2
26.0,27.2
26.0,27.2
26.0,27.6
26.0,27.6
26.0,27.8
26.0,27.9
26.0,27.9
26.0,28.0
26.0,28.3
26.0,28.5
26.0,28.5
26.0,28.7
26.0,28.8
26.0,28.8
26.0,28.8
26.0,28.9
26.0,29.1
26.0,29.2
26.0,29.2
26.0,29.3
26.0,29.3
26.0,29.5
26.0,29.6
26.0,29.6
26.0,29.6
26.0,29.8
26.0,29.8
26.0,30.1
26.0,30.6
26.0,30.6
26.0,31.0
26.0,31.2
26.0,31.4
26.0,31.5
26.0,31.6
26.0,31.8
26.0,31.9
26.0,32.1
26.0,32.5
26.0,32.5
26.0,34.4
26.0,34.8
26.0,35.3
26.0,36.5
26.0,54.6
27.0,0.0
27.0,0.0
27.0,0.0
27.0,0.0
27.0,5.0
27.0,7.0
27.0,7.3
27.0,8.1
27.0,8.3
27.0,8.6
27.0,9.1
27.0,9.2
27.0,9.4
27.0,9.6
27.0,9.7
27.0,10.0
27.0,10.2
27.0,10.3
27.0,10.4
27.0,10.5
27.0,10.7
27.0,10.8
27.0,10.8
27.0,10.9
27.0,10.9
27.0,10.9
27.0,11.0
27.0,11.0
27.0,11.1
27.0,11.1
27.0,11.2
27.0,11.3
27.0,11.5
27.0,11.5
27.0,11.5
27.0,11.6
27.0,11.7
27.0,11.9
27.0,11.9
27.0,11.9
27.0,12.0
27.0,12.0
27.0,12.0
27.0,12.1
27.0,12.2
27.0,12.2
27.0,12.2
27.0,12.2
27.0,12.3
27.0,12.3
27.0,12.4
27.0,12.5
27.0,12.5
27.0,12.6
27.0,12.6
27.0,12.7
27.0,12.8
27.0,12.8
27.0,12.8
27.0,12.8
27.0,12.9
27.0,12.9
27.0,12.9
27.0,12.9
27.0,13.0
27.0,13.0
27.0,13.3
27.0,13.3
27.0,13.4
27.0,13.5
27.0,13.5
27.0,13.5
27.0,13.6
27.0,13.7
27.0,13.7
27.0,13.7
27.0,13.8
27.0,13.9
27.0,13.9
27.0,13.9
27.0,14.0
27.0,14.0
27.0,14.1
27.0,14.2
27.0,14.2
27.0,14.2
27.0,14.3
27.0,14.3
27.0,14.3
27.0,14.4
27.0,14.4
27.0,14.4
27.0,14.4
27.0,14.4
27.0,14.5
27.0,14.5
27.0,14.5
27.0,14.6
27.0,14.6
27.0,14.6
27.0,14.7
27.0,14.7
27.0,14.8
27.0,14.8
27.0,14.8
27.0,15.0
27.0,15.1
27.0,15.2
27.0,15.2
27.0,15.2
27.0,15.3
27.0,15.3
27.0,15.3
27.0,15.3
27.0,15.3
27.0,15.4
27.0,15.4
27.0,15.5
27.0,15.5
27.0,15.6
27.0,15.6
27.0,15.6
27.0,15.6
27.0,15.7
27.0,15.7
27.0,15.8
27.0,15.8
27.0,15.9
27.0,16.1
27.0,16.1
27.0,16.2
27.0,16.2
27.0,16.3
27.0,16.3
27.0,16.3
27.0,16.4
27.0,16.4
27.0,16.4
27.0,16.5
27.0,16.5
27.0,16.5
27.0,16.6
27.0,16.6
27.0,16.6
27.0,16.7
27.0,16.7
27.0,16.7
27.0,16.7
27.0,16.8
27.0,16.8
27.0,16.9
27.0,16.9
27.0,17.0
27.0,17.0
27.0,17.0
27.0,17.0
27.0,17.0
27.0,17.1
27.0,17.1
27.0,17.1
27.0,17.1
27.0,17.2
27.0,17.2
27.0,17.2
27.0,17.2
27.0,17.2
27.0,17.3
27.0,17.3
27.0,17.3
27.0,17.3
27.0,17.4
27.0,17.4
27.0,17.4
27.0,17.4
27.0,17.4
27.0,17.5
27.0,17.5
27.0,17.5
27.0,17.6
27.0,17.6
27.0,17.6
27.0,17.7
27.0,17.7
27.0,17.7
27.0,17.8
27.0,17.8
27.0,17.9
27.0,18.0
27.0,18.0
27.0,18.0
27.0,18.1
27.0,18.1
27.0,18.1
27.0,18.2
27.0,18.2
27.0,18.2
27.0,18.3
27.0,18.3
27.0,18.3
27.0,18.3
27.0,18.4
27.0,18.4
27.0,18.5
27.0,18.5
27.0,18.5
27.0,18.6
27.0,18.7
27.0,18.7
27.0,18.8
27.0,18.8
27.0,19.0
27.0,19.0
27.0,19.0
27.0,19.0
27.0,19.0
27.0,19.0
27.0,19.0
27.0,19.0
27.0,19.0
27.0,19.2
27.0,19.3
27.0,19.3
27.0,19.3
27.0,19.4
27.0,19.4
27.0,19.4
27.0,19.5
27.0,19.5
27.0,19.6
27.0,19.6
27.0,19.7
27.0,19.7
27.0,19.7
27.0,19.7
27.0,19.9
27.0,20.0
27.0,20.0
27.0,20.1
27.0,20.2
27.0,20.2
27.0,20.3
27.0,20.3
27.0,20.3
27.0,20.4
27.0,20.4
27.0,20.4
27.0,20.5
27.0,20.5
27.0,20.5
27.0,20.6
27.0,20.6
27.0,20.7
27.0,20.7
27.0,20.7
27.0,20.8
27.0,20.8
27.0,20.9
27.0,21.1
27.0,21.1
27.0,21.1
27.0,21.3
27.0,21.4
27.0,21.4
27.0,21.5
27.0,21.5
27.0,21.5
27.0,21.6
27.0,21.6
27.0,21.6
27.0,21.6
27.0,21.7
27.0,21.7
27.0,21.7
27.0,21.8
27.0,21.8
27.0,22.0
27.0,22.1
27.0,22.2
27.0,22.2
27.0,22.3
27.0,22.4
27.0,22.4
27.0,22.4
27.0,22.5
27.0,22.6
27.0,22.6
27.0,22.6
27.0,22.7
27.0,22.7
27.0,22.8
27.0,22.8
27.0,22.9
27.0,22.9
27.0,23.0
27.0,23.0
27.0,23.1
27.0,23.2
27.0,23.4
27.0,23.4
27.0,23.5
27.0,23.5
27.0,23.6
27.0,23.6
27.0,23.7
27.0,23.7
27.0,23.7
27.0,23.8
27.0,23.9
27.0,23.9
27.0,23.9
27.0,23.9
27.0,24.0
27.0,24.0
27.0,24.0
27.0,24.2
27.0,24.3
27.0,24.5
27.0,24.6
27.0,24.7
27.0,24.8
27.0,24.9
27.0,25.1
27.0,25.1
27.0,25.2
27.0,25.4
27.0,25.5
27.0,25.6
27.0,25.7
27.0,25.7
27.0,25.8
27.0,25.9
27.0,26.2
27.0,26.3
27.0,26.4
27.0,26.5
27.0,26.5
27.0,26.5
27.0,26.6
27.0,26.6
27.0,26.7
27.0,26.8
27.0,27.1
27.0,27.2
27.0,27.2
27.0,27.3
27.0,27.3
27.0,27.4
27.0,27.4
27.0,27.6
27.0,27.9
27.0,28.0
27.0,28.1
27.0,28.3
27.0,28.3
27.0,28.7
27.0,28.9
27.0,29.1
27.0,29.2
27.0,29.3
27.0,29.7
27.0,29.8
27.0,30.2
27.0,30.3
27.0,30.6
27.0,30.6
27.0,31.4
27.0,31.6
27.0,31.9
27.0,32.5
27.0,32.6
27.0,32.6
27.0,34.0
27.0,34.1
27.0,34.2
27.0,34.3
27.0,34.9
27.0,35.4
27.0,37.2
27.0,47.2
28.0,0.0
28.0,8.0
28.0,8.2
28.0,9.2
28.0,9.2
28.0,9.4
28.0,9.7
28.0,9.9
28.0,10.4
28.0,10.6
28.0,10.6
28.0,10.8
28.0,11.0
28.0,11.0
28.0,11.1
28.0,11.1
28.0,11.2
28.0,11.2
28.0,11.3
28.0,11.4
28.0,11.5
28.0,11.5
28.0,11.6
28.0,11.6
28.0,11.7
28.0,11.7
28.0,11.7
28.0,11.8
28.0,12.0
28.0,12.0
28.0,12.1
28.0,12.2
28.0,12.4
28.0,12.4
28.0,12.6
28.0,12.6
28.0,12.7
28.0,12.8
28.0,12.9
28.0,13.0
28.0,13.1
28.0,13.1
28.0,13.1
28.0,13.1
28.0,13.2
28.0,13.3
28.0,13.3
28.0,13.3
28.0,13.3
28.0,13.3
28.0,13.4
28.0,13.4
28.0,13.5
28.0,13.5
28.0,13.5
28.0,13.5
28.0,13.6
28.0,13.6
28.0,13.6
28.0,13.7
28.0,13.7
28.0,13.8
28.0,13.9
28.0,13.9
28.0,14.0
28.0,14.0
28.0,14.1
28.0,14.1
28.0,14.2
28.0,14.3
28.0,14.3
28.0,14.3
28.0,14.4
28.0,14.4
28.0,14.4
28.0,14.5
28.0,14.5
28.0,14.5
28.0,14.6
28.0,14.6
28.0,14.7
28.0,14.7
28.0,14.7
28.0,14.8
28.0,14.9
28.0,14.9
28.0,15.0
28.0,15.0
28.0,15.0
28.0,15.0
28.0,15.0
28.0,15.0
28.0,15.1
28.0,15.1
28.0,15.2
28.0,15.2
28.0,15.3
28.0,15.3
28.0,15.3
28.0,15.3
28.0,15.3
28.0,15.4
28.0,15.4
28.0,15.4
28.0,15.4
28.0,15.5
28.0,15.5
28.0,15.6
28.0,15.6
28.0,15.6
28.0,15.7
28.0,15.8
28.0,15.8
28.0,15.8
28.0,15.9
28.0,15.9
28.0,15.9
28.0,15.9
28.0,16.0
28.0,16.0
28.0,16.1
28.0,16.1
28.0,16.1
28.0,16.1
28.0,16.2
28.0,16.2
28.0,16.2
28.0,16.2
28.0,16.2
28.0,16.2
28.0,16.3
28.0,16.3
28.0,16.3
28.0,16.3
28.0,16.3
28.0,16.4
28.0,16.4
28.0,16.4
28.0,16.5
28.0,16.6
28.0,16.6
28.0,16.6
28.0,16.7
28.0,16.7
28.0,16.7
28.0,16.8
28.0,16.8
28.0,16.8
28.0,16.9
28.0,17.0
28.0,17.0
28.0,17.0
28.0,17.0
28.0,17.1
28.0,17.2
28.0,17.2
28.0,17.2
28.0,17.3
28.0,17.3
28.0,17.3
28.0,17.4
28.0,17.4
28.0,17.4
28.0,17.5
28.0,17.5
28.0,17.5
28.0,17.6
28.0,17.6
28.0,17.6
28.0,17.7
28.0,17.7
28.0,17.8
28.0,17.8
28.0,17.8
28.0,17.8
28.0,17.8
28.0,17.9
28.0,17.9
28.0,17.9
28.0,17.9
28.0,18.0
28.0,18.1
28.0,18.2
28.0,18.2
28.0,18.3
28.0,18.3
28.0,18.3
28.0,18.3
28.0,18.3
28.0,18.4
28.0,18.5
28.0,18.6
28.0,18.6
28.0,18.7
28.0,19.0
28.0,19.0
28.0,19.0
28.0,19.0
28.0,19.0
28.0,19.1
28.0,19.1
28.0,19.2
28.0,19.2
28.0,19.4
28.0,19.4
28.0,19.4
28.0,19.5
28.0,19.5
28.0,19.6
28.0,19.6
28.0,19.8
28.0,19.8
28.0,20.0
28.0,20.0
28.0,20.0
28.0,20.0
28.0,20.0
28.0,20.2
28.0,20.2
28.0,20.2
28.0,20.3
28.0,20.3
28.0,20.5
28.0,20.5
28.0,20.6
28.0,20.7
28.0,20.7
28.0,20.8
28.0,20.8
28.0,20.8
28.0,20.9
28.0,21.1
28.0,21.2
28.0,21.2
28.0,21.3
28.0,21.3
28.0,21.3
28.0,21.4
28.0,21.5
28.0,21.6
28.0,21.8
28.0,22.0
28.0,22.1
28.0,22.1
28.0,22.1
28.0,22.3
28.0,22.4
28.0,22.4
28.0,22.4
28.0,22.5
28.0,22.5
28.0,22.6
28.0,22.6
28.0,22.7
28.0,22.8
28.0,22.8
28.0,22.8
28.0,22.9
28.0,22.9
28.0,23.0
28.0,23.1
28.0,23.1
28.0,23.1
28.0,23.2
28.0,23.4
28.0,23.6
28.0,23.8
28.0,23.8
28.0,23.8
28.0,23.9
28.0,24.0
28.0,24.4
28.0,24.4
28.0,24.5
28.0,24.7
28.0,24.8
28.0,24.9
28.0,24.9
28.0,25.1
28.0,25.2
28.0,25.3
28.0,25.3
28.0,25.4
28.0,25.5
28.0,25.6
28.0,25.7
28.0,25.9
28.0,25.9
28.0,26.1
28.0,26.4
28.0,26.4
28.0,26.5
28.0,26.6
28.0,26.9
28.0,27.1
28.0,27.2
28.0,27.3
28.0,27.4
28.0,27.7
28.0,27.8
28.0,28.0
28.0,28.1
28.0,28.4
28.0,28.5
28.0,28.8
28.0,28.8
28.0,28.9
28.0,28.9
28.0,29.2
28.0,29.3
28.0,29.3
28.0,29.3
28.0,29.5
28.0,29.5
28.0,29.5
28.0,29.6
28.0,29.7
28.0,29.7
28.0,29.7
28.0,30.1
28.0,30.4
28.0,30.8
28.0,30.9
28.0,31.5
28.0,33.0
28.0,33.5
28.0,36.1
28.0,37.0
28.0,38.8
28.0,41.7
28.0,43.6
29.0,0.0
29.0,5.2
29.0,7.7
29.0,7.9
29.0,8.6
29.0,9.4
29.0,9.4
29.0,10.3
29.0,10.4
29.0,10.5
29.0,10.5
29.0,10.6
29.0,10.7
29.0,10.7
29.0,10.7
29.0,11.0
29.0,11.2
29.0,11.3
29.0,11.4
29.0,11.4
29.0,11.4
29.0,11.7
29.0,11.7
29.0,12.0
29.0,12.0
29.0,12.5
29.0,12.6
29.0,12.6
29.0,12.7
29.0,12.7
29.0,12.8
29.0,12.8
29.0,12.9
29.0,13.0
29.0,13.0
29.0,13.1
29.0,13.2
29.0,13.2
29.0,13.2
29.0,13.3
29.0,13.3
29.0,13.4
29.0,13.4
29.0,13.5
29.0,13.5
29.0,13.5
29.0,13.6
29.0,13.6
29.0,13.6
29.0,13.6
29.0,13.7
29.0,13.7
29.0,13.8
29.0,13.8
29.0,13.9
29.0,13.9
29.0,13.9
29.0,14.0
29.0,14.0
29.0,14.0
29.0,14.1
29.0,14.1
29.0,14.1
29.0,14.3
29.0,14.3
29.0,14.3
29.0,14.3
29.0,14.4
29.0,14.4
29.0,14.4
29.0,14.4
29.0,14.4
29.0,14.6
29.0,14.6
29.0,14.7
29.0,14.7
29.0,14.8
29.0,15.0
29.0,15.1
29.0,15.2
29.0,15.2
29.0,15.3
29.0,15.3
29.0,15.5
29.0,15.6
29.0,15.7
29.0,15.7
29.0,15.7
29.0,15.7
29.0,15.7
29.0,15.7
29.0,15.7
29.0,15.7
29.0,15.7
29.0,15.7
29.0,15.8
29.0,15.8
29.0,15.8
29.0,15.8
29.0,15.9
29.0,16.1
29.0,16.1
29.0,16.2
29.0,16.2
29.0,16.2
29.0,16.2
29.0,16.3
29.0,16.3
29.0,16.3
29.0,16.3
29.0,16.3
29.0,16.3
29.0,16.4
29.0,16.7
29.0,16.8
29.0,16.8
29.0,16.8
29.0,16.9
29.0,16.9
29.0,17.0
29.0,17.0
29.0,17.1
29.0,17.1
29.0,17.2
29.0,17.3
29.0,17.3
29.0,17.3
29.0,17.3
29.0,17.3
29.0,17.3
29.0,17.6
29.0,17.6
29.0,17.7
29.0,17.8
29.0,17.8
29.0,17.8
29.0,17.9
29.0,17.9
29.0,18.0
29.0,18.0
29.0,18.1
29.0,18.1
29.0,18.3
29.0,18.3
29.0,18.4
29.0,18.4
29.0,18.4
29.0,18.4
29.0,18.5
29.0,18.5
29.0,18.5
29.0,18.5
29.0,18.5
29.0,18.6
29.0,18.6
29.0,18.7
29.0,18.7
29.0,18.7
29.0,18.7
29.0,18.8
29.0,18.8
29.0,18.9
29.0,18.9
29.0,18.9
29.0,19.0
29.0,19.0
29.0,19.1
29.0,19.1
29.0,19.1
29.0,19.1
29.0,19.4
29.0,19.4
29.0,19.4
29.0,19.5
29.0,19.5
29.0,19.5
29.0,19.5
29.0,19.6
29.0,19.6
29.0,19.6
29.0,19.7
29.0,19.7
29.0,19.7
29.0,19.7
29.0,19.8
29.0,20.0
29.0,20.0
29.0,20.0
29.0,20.1
29.0,20.1
29.0,20.2
29.0,20.2
29.0,20.3
29.0,20.3
29.0,20.4
29.0,20.4
29.0,20.6
29.0,20.6
29.0,20.6
29.0,20.8
29.0,20.8
29.0,20.9
29.0,21.0
29.0,21.0
29.0,21.1
29.0,21.3
29.0,21.6
29.0,21.6
29.0,21.7
29.0,21.8
29.0,21.9
29.0,21.9
29.0,22.0
29.0,22.0
29.0,22.0
29.0,22.0
29.0,22.1
29.0,22.1
29.0,22.2
29.0,22.3
29.0,22.4
29.0,22.4
29.0,22.4
29.0,22.6
29.0,22.8
29.0,22.9
29.0,22.9
29.0,22.9
29.0,23.1
29.0,23.1
29.0,23.5
29.0,23.6
29.0,23.8
29.0,23.8
29.0,24.0
29.0,24.1
29.0,24.1
29.0,24.2
29.0,24.5
29.0,24.5
29.0,24.6
29.0,24.7
29.0,25.0
29.0,25.1
29.0,25.1
29.0,25.3
29.0,25.3
29.0,25.4
29.0,25.6
29.0,25.7
29.0,25.8
29.0,25.9
29.0,25.9
29.0,26.0
29.0,26.1
29.0,26.3
29.0,26.3
29.0,26.4
29.0,26.5
29.0,26.8
29.0,26.9
29.0,27.1
29.0,27.2
29.0,27.4
29.0,27.9
29.0,28.4
29.0,28.6
29.0,29.2
29.0,29.4
29.0,29.4
29.0,29.5
29.0,29.6
29.0,29.8
29.0,29.9
29.0,30.2
29.0,30.3
29.0,30.4
29.0,30.4
29.0,31.0
29.0,31.3
29.0,33.0
29.0,34.1
29.0,39.6
29.0,40.5
30.0,0.0
30.0,6.6
30.0,7.6
30.0,8.8
30.0,8.9
30.0,9.1
30.0,9.4
30.0,9.5
30.0,10.1
30.0,10.3
30.0,10.5
30.0,10.6
30.0,11.1
30.0,11.3
30.0,11.3
30.0,11.5
30.0,11.6
30.0,11.6
30.0,11.8
30.0,11.9
30.0,12.0
30.0,12.2
30.0,12.2
30.0,12.3
30.0,12.4
30.0,12.4
30.0,12.5
30.0,12.5
30.0,12.5
30.0,12.6
30.0,12.7
30.0,12.7
30.0,12.7
30.0,12.8
30.0,12.8
30.0,12.9
30.0,12.9
30.0,12.9
30.0,13.0
30.0,13.1
30.0,13.2
30.0,13.2
30.0,13.2
30.0,13.2
30.0,13.3
30.0,13.3
30.0,13.4
30.0,13.4
30.0,13.5
30.0,13.6
30.0,13.6
30.0,13.7
30.0,13.8
30.0,13.8
30.0,13.9
30.0,13.9
30.0,13.9
30.0,13.9
30.0,14.0
30.0,14.0
30.0,14.0
30.0,14.0
30.0,14.1
30.0,14.2
30.0,14.2
30.0,14.2
30.0,14.3
30.0,14.3
30.0,14.3
30.0,14.3
30.0,14.3
30.0,14.4
30.0,14.4
30.0,14.5
30.0,14.5
30.0,14.6
30.0,14.6
30.0,14.7
30.0,14.7
30.0,14.7
30.0,14.7
30.0,14.7
30.0,14.7
30.0,14.8
30.0,14.9
30.0,15.0
30.0,15.2
30.0,15.2
30.0,15.4
30.0,15.5
30.0,15.6
30.0,15.6
30.0,15.6
30.0,15.7
30.0,15.7
30.0,15.9
30.0,15.9
30.0,16.0
30.0,16.2
30.0,16.3
30.0,16.3
30.0,16.3
30.0,16.3
30.0,16.5
30.0,16.5
30.0,16.5
30.0,16.6
30.0,16.6
30.0,16.6
30.0,16.7
30.0,16.7
30.0,16.7
30.0,16.7
30.0,16.7
30.0,16.8
30.0,16.9
30.0,17.1
30.0,17.1
30.0,17.3
30.0,17.4
30.0,17.4
30.0,17.4
30.0,17.5
30.0,17.5
30.0,17.5
30.0,17.6
30.0,17.6
30.0,17.6
30.0,17.6
30.0,17.7
30.0,17.7
30.0,17.8
30.0,17.9
30.0,18.0
30.0,18.0
30.0,18.0
30.0,18.0
30.0,18.1
30.0,18.1
30.0,18.1
30.0,18.2
30.0,18.2
30.0,18.3
30.0,18.4
30.0,18.4
30.0,18.5
30.0,18.5
30.0,18.6
30.0,18.6
30.0,18.7
30.0,18.8
30.0,19.0
30.0,19.0
30.0,19.1
30.0,19.1
30.0,19.1
30.0,19.2
30.0,19.2
30.0,19.2
30.0,19.3
30.0,19.3
30.0,19.4
30.0,19.4
30.0,19.4
30.0,19.4
30.0,19.5
30.0,19.5
30.0,19.6
30.0,19.7
30.0,19.8
30.0,19.8
30.0,19.8
30.0,19.8
30.0,19.8
30.0,19.9
30.0,19.9
30.0,19.9
30.0,20.0
30.0,20.1
30.0,20.1
30.0,20.3
30.0,20.3
30.0,20.3
30.0,20.4
30.0,20.5
30.0,20.6
30.0,20.6
30.0,20.6
30.0,20.8
30.0,20.8
30.0,20.9
30.0,20.9
30.0,21.1
30.0,21.2
30.0,21.3
30.0,21.5
30.0,21.8
30.0,21.9
30.0,22.0
30.0,22.2
30.0,22.2
30.0,22.3
30.0,22.5
30.0,22.7
30.0,22.8
30.0,22.9
30.0,22.9
30.0,23.2
30.0,23.3
30.0,23.4
30.0,23.4
30.0,23.5
30.0,23.6
30.0,23.7
30.0,23.7
30.0,23.8
30.0,23.9
30.0,24.0
30.0,24.1
30.0,24.2
30.0,24.3
30.0,24.5
30.0,24.9
30.0,25.0
30.0,25.1
30.0,25.5
30.0,25.8
30.0,25.9
30.0,25.9
30.0,26.1
30.0,26.3
30.0,26.7
30.0,26.7
30.0,26.9
30.0,27.1
30.0,27.1
30.0,27.3
30.0,27.4
30.0,27.5
30.0,27.8
30.0,28.4
30.0,28.9
30.0,29.0
30.0,29.0
30.0,29.1
30.0,29.3
30.0,29.5
30.0,30.0
30.0,30.4
30.0,30.9
30.0,31.4
30.0,31.7
30.0,34.2
30.0,35.2
30.0,36.3
30.0,43.2
31.0,1.9
31.0,7.9
31.0,8.7
31.0,8.9
31.0,9.4
31.0,9.6
31.0,10.0
31.0,10.3
31.0,10.3
31.0,10.4
31.0,10.7
31.0,10.9
31.0,11.2
31.0,11.3
31.0,11.4
31.0,11.7
31.0,11.8
31.0,11.8
31.0,11.8
31.0,12.0
31.0,12.1
31.0,12.1
31.0,12.3
31.0,12.3
31.0,12.4
31.0,12.5
31.0,12.6
31.0,12.6
31.0,12.8
31.0,12.8
31.0,12.8
31.0,12.9
31.0,13.0
31.0,13.1
31.0,13.1
31.0,13.3
31.0,13.3
31.0,13.5
31.0,13.6
31.0,13.6
31.0,13.6
31.0,13.7
31.0,13.8
31.0,14.0
31.0,14.0
31.0,14.0
31.0,14.0
31.0,14.1
31.0,14.1
31.0,14.1
31.0,14.1
31.0,14.2
31.0,14.3
31.0,14.3
31.0,14.3
31.0,14.3
31.0,14.4
31.0,14.4
31.0,14.6
31.0,14.6
31.0,14.7
31.0,14.7
31.0,14.8
31.0,15.1
31.0,15.2
31.0,15.2
31.0,15.4
31.0,15.4
31.0,15.5
31.0,15.5
31.0,15.6
31.0,15.7
31.0,15.7
31.0,15.9
31.0,16.1
31.0,16.2
31.0,16.3
31.0,16.3
31.0,16.4
31.0,16.4
31.0,16.4
31.0,16.4
31.0,16.6
31.0,16.8
31.0,16.8
31.0,16.8
31.0,16.8
31.0,16.8
31.0,16.9
31.0,16.9
31.0,17.0
31.0,17.1
31.0,17.2
31.0,17.2
31.0,17.2
31.0,17.2
31.0,17.3
31.0,17.3
31.0,17.3
31.0,17.4
31.0,17.4
31.0,17.4
31.0,17.5
31.0,17.6
31.0,17.6
31.0,17.7
31.0,17.8
31.0,17.8
31.0,17.9
31.0,17.9
31.0,17.9
31.0,18.0
31.0,18.0
31.0,18.3
31.0,18.4
31.0,18.4
31.0,18.5
31.0,18.5
31.0,18.6
31.0,18.9
31.0,19.0
31.0,19.1
31.0,19.1
31.0,19.1
31.0,19.2
31.0,19.2
31.0,19.2
31.0,19.3
31.0,19.3
31.0,19.3
31.0,19.3
31.0,19.3
31.0,19.5
31.0,19.5
31.0,19.6
31.0,19.7
31.0,19.7
31.0,19.8
31.0,19.9
31.0,20.1
31.0,20.1
31.0,20.2
31.0,20.4
31.0,20.5
31.0,20.6
31.0,20.7
31.0,20.7
31.0,20.7
31.0,20.8
31.0,20.8
31.0,20.8
31.0,21.6
31.0,21.7
31.0,21.7
31.0,22.0
31.0,22.0
31.0,22.1
31.0,22.3
31.0,22.5
31.0,22.6
31.0,22.6
31.0,22.6
31.0,22.7
31.0,22.8
31.0,22.8
31.0,22.9
31.0,23.0
31.0,23.1
31.0,23.4
31.0,23.5
31.0,23.5
31.0,23.7
31.0,23.7
31.0,23.8
31.0,24.2
31.0,24.4
31.0,24.4
31.0,24.5
31.0,24.5
31.0,24.6
31.0,24.6
31.0,24.7
31.0,24.9
31.0,25.3
31.0,25.7
31.0,26.1
31.0,26.1
31.0,26.1
31.0,26.4
31.0,26.6
31.0,26.9
31.0,27.0
31.0,27.3
31.0,27.4
31.0,27.6
31.0,28.1
31.0,28.1
31.0,28.4
31.0,29.3
31.0,29.6
31.0,29.7
31.0,29.7
31.0,29.8
31.0,30.4
31.0,31.4
31.0,31.6
31.0,33.6
31.0,33.7
31.0,34.4
32.0,6.0
32.0,9.1
32.0,9.4
32.0,9.6
32.0,9.8
32.0,10.2
32.0,10.4
32.0,10.5
32.0,10.5
32.0,11.0
32.0,11.3
32.0,11.3
32.0,11.6
32.0,11.8
32.0,11.9
32.0,12.1
32.0,12.3
32.0,12.5
32.0,12.7
32.0,12.7
32.0,12.9
32.0,12.9
32.0,13.0
32.0,13.0
32.0,13.1
32.0,13.2
32.0,13.2
32.0,13.2
32.0,13.2
32.0,13.3
32.0,13.4
32.0,13.6
32.0,13.7
32.0,13.8
32.0,13.8
32.0,13.9
32.0,14.1
32.0,14.1
32.0,14.4
32.0,14.4
32.0,14.4
32.0,14.6
32.0,14.7
32.0,14.7
32.0,14.8
32.0,14.8
32.0,14.9
32.0,14.9
32.0,14.9
32.0,15.0
32.0,15.1
32.0,15.1
32.0,15.1
32.0,15.2
32.0,15.2
32.0,15.3
32.0,15.4
32.0,15.5
32.0,15.6
32.0,15.6
32.0,15.7
32.0,15.7
32.0,15.8
32.0,15.8
32.0,15.8
32.0,15.9
32.0,16.1
32.0,16.1
32.0,16.3
32.0,16.5
32.0,16.7
32.0,16.9
32.0,16.9
32.0,16.9
32.0,16.9
32.0,16.9
32.0,17.1
32.0,17.1
32.0,17.2
32.0,17.3
32.0,17.4
32.0,17.5
32.0,17.5
32.0,17.5
32.0,17.5
32.0,17.6
32.0,17.7
32.0,17.7
32.0,17.8
32.0,17.8
32.0,17.8
32.0,17.9
32.0,18.2
32.0,18.4
32.0,18.4
32.0,18.6
32.0,18.6
32.0,18.7
32.0,18.9
32.0,18.9
32.0,19.1
32.0,19.2
32.0,19.2
32.0,19.2
32.0,19.4
32.0,19.6
32.0,19.8
32.0,20.0
32.0,20.5
32.0,20.5
32.0,20.6
32.0,20.8
32.0,21.2
32.0,21.2
32.0,21.2
32.0,21.5
32.0,21.7
32.0,21.9
32.0,21.9
32.0,22.0
32.0,22.0
32.0,22.1
32.0,22.1
32.0,22.1
32.0,22.3
32.0,22.4
32.0,22.6
32.0,22.7
32.0,22.8
32.0,23.1
32.0,23.2
32.0,23.4
32.0,23.7
32.0,23.7
32.0,23.7
32.0,23.9
32.0,23.9
32.0,24.0
32.0,24.2
32.0,24.4
32.0,24.5
32.0,24.6
32.0,24.7
32.0,24.8
32.0,25.0
32.0,25.2
32.0,25.8
32.0,26.1
32.0,26.2
32.0,26.4
32.0,26.4
32.0,26.5
32.0,26.5
32.0,27.0
32.0,27.2
32.0,27.4
32.0,27.8
32.0,28.6
32.0,29.1
32.0,29.1
32.0,29.5
32.0,30.0
32.0,30.2
32.0,31.2
32.0,31.8
32.0,32.4
32.0,33.8
32.0,34.8
33.0,7.0
33.0,7.6
33.0,8.7
33.0,8.8
33.0,9.0
33.0,9.2
33.0,9.5
33.0,9.6
33.0,10.4
33.0,10.7
33.0,11.2
33.0,11.4
33.0,11.4
33.0,11.5
33.0,12.0
33.0,12.5
33.0,12.5
33.0,12.5
33.0,12.5
33.0,12.7
33.0,12.7
33.0,12.7
33.0,12.7
33.0,12.8
33.0,13.3
33.0,13.9
33.0,14.0
33.0,14.1
33.0,14.4
33.0,14.5
33.0,14.8
33.0,15.0
33.0,15.1
33.0,15.3
33.0,15.3
33.0,15.4
33.0,15.5
33.0,15.5
33.0,15.7
33.0,15.7
33.0,15.8
33.0,16.1
33.0,16.1
33.0,16.3
33.0,16.4
33.0,16.4
33.0,16.4
33.0,16.5
33.0,16.6
33.0,16.6
33.0,16.6
33.0,16.7
33.0,16.7
33.0,16.8
33.0,16.8
33.0,16.9
33.0,17.0
33.0,17.0
33.0,17.0
33.0,17.1
33.0,17.2
33.0,17.2
33.0,17.4
33.0,17.5
33.0,17.5
33.0,17.6
33.0,17.7
33.0,17.8
33.0,17.8
33.0,17.9
33.0,18.1
33.0,18.4
33.0,18.4
33.0,18.5
33.0,18.6
33.0,18.6
33.0,18.7
33.0,18.7
33.0,18.9
33.0,19.0
33.0,19.3
33.0,19.3
33.0,19.5
33.0,19.6
33.0,19.6
33.0,19.7
33.0,19.9
33.0,20.0
33.0,20.1
33.0,20.4
33.0,20.4
33.0,20.6
33.0,21.1
33.0,21.2
33.0,21.6
33.0,21.7
33.0,21.7
33.0,21.9
33.0,22.0
33.0,22.0
33.0,22.5
33.0,22.5
33.0,22.6
33.0,22.8
33.0,23.1
33.0,23.1
33.0,23.2
33.0,23.3
33.0,23.9
33.0,24.2
33.0,24.9
33.0,25.0
33.0,25.1
33.0,25.6
33.0,25.6
33.0,25.7
33.0,25.9
33.0,25.9
33.0,26.1
33.0,26.6
33.0,26.9
33.0,27.2
33.0,27.3
33.0,27.7
33.0,27.8
33.0,28.4
33.0,28.4
33.0,30.8
33.0,31.2
33.0,31.6
33.0,33.3
34.0,0.0
34.0,8.0
34.0,8.7
34.0,8.7
34.0,9.3
34.0,10.6
34.0,10.6
34.0,10.8
34.0,11.1
34.0,11.2
34.0,11.4
34.0,11.5
34.0,11.5
34.0,11.8
34.0,11.9
34.0,12.0
34.0,12.3
34.0,12.6
34.0,12.6
34.0,12.9
34.0,13.1
34.0,13.2
34.0,13.5
34.0,13.7
34.0,13.7
34.0,13.7
34.0,13.7
34.0,13.8
34.0,14.1
34.0,14.3
34.0,14.3
34.0,14.4
34.0,14.5
34.0,14.7
34.0,14.7
34.0,14.8
34.0,15.0
34.0,15.2
34.0,15.6
34.0,15.6
34.0,15.7
34.0,15.8
34.0,15.8
34.0,15.9
34.0,15.9
34.0,16.1
34.0,16.1
34.0,16.2
34.0,16.4
34.0,16.6
34.0,16.6
34.0,16.7
34.0,16.8
34.0,17.2
34.0,17.5
34.0,17.5
34.0,17.8
34.0,17.9
34.0,19.2
34.0,19.3
34.0,19.3
34.0,19.6
34.0,19.7
34.0,19.7
34.0,20.0
34.0,20.0
34.0,20.2
34.0,20.2
34.0,20.5
34.0,20.6
34.0,20.7
34.0,20.8
34.0,20.9
34.0,21.4
34.0,21.6
34.0,21.8
34.0,21.9
34.0,22.4
34.0,22.8
34.0,22.8
34.0,23.3
34.0,23.4
34.0,23.5
34.0,23.6
34.0,23.6
34.0,24.0
34.0,24.5
34.0,24.6
34.0,24.6
34.0,25.7
34.0,25.8
34.0,27.7
34.0,27.8
34.0,28.1
34.0,30.7
34.0,31.0
34.0,31.6
34.0,31.6
35.0,5.9
35.0,7.2
35.0,8.1
35.0,8.6
35.0,9.3
35.0,9.7
35.0,9.8
35.0,10.4
35.0,10.4
35.0,10.6
35.0,10.6
35.0,10.7
35.0,11.6
35.0,11.7
35.0,12.3
35.0,12.6
35.0,12.6
35.0,12.8
35.0,13.2
35.0,13.4
35.0,13.7
35.0,13.7
35.0,13.9
35.0,14.3
35.0,14.4
35.0,14.4
35.0,14.4
35.0,14.5
35.0,14.6
35.0,14.8
35.0,15.1
35.0,15.1
35.0,15.2
35.0,15.4
35.0,15.7
35.0,15.9
35.0,16.0
35.0,16.0
35.0,16.2
35.0,16.2
35.0,16.3
35.0,16.3
35.0,16.5
35.0,17.2
35.0,17.2
35.0,17.5
35.0,17.9
35.0,17.9
35.0,18.0
35.0,18.2
35.0,18.2
35.0,18.5
35.0,18.5
35.0,18.6
35.0,18.9
35.0,18.9
35.0,19.3
35.0,19.5
35.0,20.4
35.0,20.5
35.0,20.5
35.0,20.8
35.0,21.2
35.0,21.7
35.0,21.9
35.0,22.2
35.0,22.3
35.0,22.6
35.0,22.8
35.0,24.2
35.0,24.6
35.0,24.9
35.0,25.0
35.0,25.2
35.0,27.0
35.0,29.0
35.0,29.2
35.0,29.6
35.0,29.6
35.0,31.3
35.0,31.5
36.0,4.8
36.0,8.5
36.0,9.0
36.0,9.8
36.0,10.0
36.0,10.1
36.0,10.4
36.0,11.0
36.0,11.3
36.0,11.6
36.0,11.6
36.0,11.7
36.0,11.7
36.0,11.8
36.0,11.9
36.0,12.2
36.0,12.6
36.0,12.7
36.0,12.8
36.0,12.8
36.0,13.0
36.0,13.4
36.0,14.0
36.0,14.2
36.0,14.4
36.0,14.6
36.0,15.6
36.0,15.6
36.0,15.8
36.0,15.9
36.0,16.0
36.0,16.0
36.0,16.2
36.0,16.7
36.0,16.7
36.0,16.9
36.0,17.0
36.0,17.7
36.0,17.9
36.0,18.7
36.0,18.9
36.0,19.2
36.0,19.7
36.0,21.1
36.0,21.3
36.0,22.4
36.0,22.7
36.0,23.1
36.0,23.4
36.0,23.8
36.0,24.6
36.0,25.5
36.0,26.2
36.0,27.6
36.0,28.7
36.0,29.8
36.0,31.9
36.0,39.9
37.0,6.0
37.0,6.5
37.0,9.4
37.0,10.8
37.0,10.9
37.0,11.1
37.0,11.2
37.0,11.7
37.0,12.0
37.0,12.2
37.0,12.9
37.0,14.4
37.0,15.0
37.0,15.3
37.0,15.5
37.0,18.0
37.0,18.2
37.0,18.5
37.0,19.2
37.0,20.4
37.0,20.4
37.0,21.7
37.0,21.9
37.0,23.7
37.0,25.5
37.0,27.9
37.0,32.2
37.0,32.3
38.0,5.3
38.0,9.0
38.0,10.1
38.0,11.0
38.0,11.4
38.0,13.0
38.0,13.4
38.0,13.8
38.0,13.9
38.0,14.7
38.0,15.0
38.0,15.4
38.0,15.6
38.0,15.6
38.0,17.8
38.0,19.9
38.0,20.8
38.0,21.9
38.0,23.6
38.0,25.4
38.0,25.8
38.0,33.3
39.0,6.0
39.0,9.4
39.0,9.8
39.0,11.3
39.0,13.4
39.0,13.8
39.0,14.0
39.0,14.8
39.0,15.4
39.0,17.6
39.0,18.5
39.0,20.4
39.0,20.5
39.0,27.9
39.0,29.2
