Rank,Player,Team,AGE,RAPM_offense,RAPM_defense,USG_percent,PLUS_MINUS_value,Attendance,Performance,Athletic_Score,Salary
1,Nikola Jokić,DEN,30,5.2,-1.1,0.285,594,85.37,51.72857143,0.888970712,55224526
3,Giannis Antetokounmpo,MIL,30,4.1,-0.4,0.346,334,81.71,47.71641791,0.827412642,54126450
4,Jayson Tatum,BOS,27,0.9,-1,0.301,534,87.8,40.15277778,0.759892597,54126450
5,Karl-Anthony Towns,NYK,29,2.4,0.7,0.265,378,87.8,39.30555556,0.744902717,53142264
6,Anthony Edwards,MIN,23,1.6,0.6,0.307,291,96.34,36.44303797,0.744563637,45550512
7,James Harden,LAC,35,1.6,0.8,0.286,344,96.34,35.15189873,0.733056379,39182693
8,Cade Cunningham,DET,23,1.7,-0.4,0.323,175,85.37,38.68571429,0.732094395,46394100
9,Alperen Sengun,HOU,22,2.2,-0.5,0.259,410,92.68,33.68421053,0.727603547,33944954
10,Donovan Mitchell,CLE,28,2.3,-1,0.298,522,86.59,32.95774648,0.72218291,46394100
11,Stephen Curry,GSW,37,4.8,1.6,0.286,299,85.37,33.7,0.721154649,59606817
12,Luka Dončić,LAL,26,2.8,-0.1,0.328,344,60.98,42.62,0.706813002,45999660
13,Trae Young,ATL,26,2.2,2.1,0.285,34,92.68,35.59210526,0.705535255,43031940
14,Ivica Zubac,LAC,28,-0.3,-1.3,0.192,514,97.56,32.275,0.700584913,18102000
15,Devin Booker,PHX,28,2.1,0.1,0.285,-177,91.46,34.93333333,0.69944841,53142264
16,Tyrese Haliburton,IND,25,3.3,-0.1,0.21,222,89.02,31.83561644,0.695015683,45550512
17,Pascal Siakam,IND,31,1.2,-0.8,0.237,312,95.12,30.56410256,0.693443846,45550512
18,Tyler Herro,MIA,25,1,0.7,0.271,99,93.9,33.12987013,0.688425555,31000000
19,Franz Wagner,ORL,23,2.3,-1.8,0.306,247,73.17,33.88333333,0.680032303,38661750
20,Jarrett Allen,CLE,27,2,-0.6,0.156,514,100,25.75609756,0.679469729,20000000
21,LeBron James,LAL,40,-0.2,0.7,0.291,-54,85.37,38.28571429,0.678620603,52627153
22,Jalen Brunson,NYK,28,2.9,1.7,0.289,146,79.27,34.70769231,0.677001043,34944001
23,Evan Mobley,CLE,24,0.2,-1.4,0.226,546,86.59,31.4084507,0.675973387,46394100
24,Domantas Sabonis,SAC,29,0.2,0.3,0.213,144,85.37,37.2,0.675624122,42336000
25,Bam Adebayo,MIA,27,-0.1,-0.7,0.232,27,95.12,31.87179487,0.668935414,37096620
26,Kevin Durant,HOU,36,2.2,-0.1,0.283,-38,75.61,35.82258065,0.667187452,54708609
27,Derrick White,BOS,30,1.2,-1.6,0.195,540,92.68,25.93421053,0.66433755,26350000
28,Jamal Murray,DEN,28,3.1,1.5,0.235,331,81.71,31.13432836,0.66368261,46394100
29,Jalen Green,PHX,23,0.3,0.8,0.267,166,100,27.76829268,0.662853502,33333333
30,Darius Garland,CLE,25,0.7,1.7,0.265,499,91.46,29.02666667,0.661669341,39446090
31,Jalen Williams,OKC,24,-0.2,0.1,0.27,456,84.15,32.17391304,0.660644209,6580997
32,Victor Wembanyama,SAS,21,0.8,-3.1,0.3,102,56.1,40.63043478,0.656943666,13376880
33,Austin Reaves,LAL,27,1.6,0.5,0.23,195,89.02,29.46575342,0.654616162,13937574
34,DeMar DeRozan,SAC,35,0.6,1.4,0.244,110,93.9,30.37662338,0.654448462,24750000
35,Jaren Jackson Jr.,MEM,25,-1.7,-1.1,0.274,331,90.24,30.51351351,0.651661203,35000000
36,Jaylen Brown,BOS,28,1.6,0.8,0.282,402,76.83,31.46031746,0.649895643,53142264
37,Anthony Davis,DAL,32,-0.2,-1,0.301,25,62.2,40.94117647,0.645305742,54126450
38,Michael Porter Jr.,BKN,27,1.4,1.2,0.197,265,93.9,27.1038961,0.642975924,38333050
39,Josh Hart,NYK,30,0.3,0,0.151,203,93.9,28.94805195,0.639262524,19472240
40,Deni Avdija,POR,24,3.3,0.5,0.228,-78,87.8,26.83333333,0.638540056,14375000
41,Naz Reid,MIN,25,0.5,-1.3,0.21,340,97.56,22.7625,0.637733608,21551724
42,Payton Pritchard,BOS,27,2.1,0.5,0.186,430,97.56,21.6375,0.636977711,7232143
43,Mikal Bridges,NYK,28,-0.5,-0.9,0.192,334,100,24.32926829,0.636933134,24900000
44,De'Aaron Fox,SAS,27,1.1,-0.2,0.274,-69,75.61,33.72580645,0.636017828,37096620
45,Nikola Vučević,CHI,34,0.1,0.7,0.221,-98,89.02,31.97260274,0.634068976,21481481
46,Christian Braun,DEN,24,0.2,-1.2,0.155,480,96.34,23.72151899,0.633778473,4921797
47,Desmond Bane,ORL,27,0.9,0.1,0.227,143,84.15,29.75362319,0.632519218,36725670
48,Damian Lillard,MIL,34,0.4,-0.6,0.269,53,70.73,35.29310345,0.632027908,48787676
49,Julius Randle,MIN,30,1.3,0.4,0.246,166,84.15,28.47826087,0.631098646,30864198
50,OG Anunoby,NYK,27,0.3,-1.3,0.195,301,90.24,26.04054054,0.630908065,39568966
51,Dyson Daniels,ATL,22,1.7,-0.4,0.178,-65,92.68,26.10526316,0.626532659,7707709
52,Coby White,CHI,25,1.7,0.6,0.237,-141,90.24,27.2972973,0.626526745,12888889
53,Scottie Barnes,TOR,23,-0.1,-1.2,0.262,-130,79.27,32.36923077,0.624576649,38661750
54,Amen Thompson,HOU,22,1.1,-1.7,0.172,268,84.15,26.76811594,0.624454267,9690600
55,Zach LaVine,SAC,30,0,1.3,0.251,-70,90.24,29.87837838,0.624360817,45999660
56,Tyrese Maxey,PHI,24,2.4,0.6,0.293,-124,63.41,35.53846154,0.62221516,37958760
57,Kyrie Irving,DAL,33,2.4,-0.3,0.264,124,60.98,33.66,0.61666597,36566002
58,Jalen Duren,DET,21,1.2,0.5,0.161,36,95.12,24.88461538,0.614764288,6483144
59,Rudy Gobert,MIN,33,-0.6,-3.3,0.129,327,87.8,25.68055556,0.613982976,35000000
60,Norman Powell,MIA,32,1.6,-1.4,0.255,352,73.17,26.58333333,0.613402471,20482758
61,LaMelo Ball,CHA,23,3.1,1.5,0.342,-130,57.32,35.36170213,0.613023367,37958760
62,Myles Turner,MIL,29,0.9,-0.2,0.207,202,87.8,24.68055556,0.609946982,25318251
63,Aaron Wiggins,OKC,26,2.2,-0.3,0.2,514,92.68,17.78947368,0.609519129,9672897
64,Malik Beasley,DET,28,-0.2,-0.8,0.215,175,100,20.53658537,0.6088699,6000000
65,Jaden McDaniels,MIN,24,0.1,-0.8,0.16,172,100,21,0.60566122,24393103
66,Josh Giddey,CHI,22,0.6,1,0.214,-68,85.37,28.82857143,0.605252769,25000000
67,Ja Morant,MEM,25,-0.2,-0.9,0.312,226,60.98,32.32,0.593387423,39446090
68,RJ Barrett,TOR,25,1,0.7,0.281,-139,70.73,31.03448276,0.591605128,25796429
69,Ty Jerome,CLE,27,2.6,-0.1,0.229,302,85.37,18.24285714,0.587559317,2560975
70,Stephon Castle,SAS,20,-0.5,-0.1,0.253,-239,98.78,21.45679012,0.586807507,9560520
71,Miles Bridges,CHA,27,-0.4,0.9,0.273,-259,78.05,30.96875,0.586344935,25000000
72,Tobias Harris,DET,32,-0.3,-1.1,0.173,187,89.02,22.49315068,0.582945596,26634146
73,Shaedon Sharpe,POR,22,-0.3,0.1,0.25,-138,87.8,24.79166667,0.582581906,8399983
74,Paolo Banchero,ORL,22,-0.2,1.2,0.33,-21,56.1,36.58695652,0.582297898,15334769
75,Brook Lopez,LAC,37,-1.1,-0.8,0.157,134,97.56,21.2375,0.582092599,8750000
76,Malik Monk,SAC,27,0.7,0.7,0.236,116,79.27,25.6,0.581576071,18797619
77,Isaiah Hartenstein,OKC,27,0.9,-1.4,0.165,417,69.51,25.96491228,0.576104915,28500000
78,Jonas Valančiūnas,DEN,33,0.6,0.6,0.222,-304,98.78,19.71604938,0.573952001,10395000
79,Harrison Barnes,SAS,33,1.4,1.3,0.157,-25,100,17.80487805,0.572467278,19000000
80,Onyeka Okongwu,ATL,24,-1.4,0.4,0.169,40,90.24,25.17567568,0.571516921,15000000
81,Julian Champagnie,SAS,24,1.9,0,0.164,-67,100,15.43902439,0.570971006,3000000
82,Fred VanVleet,HOU,31,1.1,-1.2,0.176,264,73.17,23.83333333,0.567007473,25000000
83,Nickeil Alexander-Walker,ATL,26,0.2,-0.2,0.155,270,100,15.19512195,0.566141754,15161800
84,Jaylen Wells,MEM,21,1.9,0.7,0.156,186,96.34,15.30379747,0.565933346,1955377
85,Anfernee Simons,BOS,26,-0.6,0.9,0.241,-220,85.37,25.65714286,0.565253535,27678571
86,Zach Edey,MEM,23,2.3,-1.6,0.156,164,80.49,19.03030303,0.564740509,6045000
87,Keegan Murray,SAC,24,-1,-0.9,0.148,46,92.68,21.42105263,0.563988341,11144093
88,Obi Toppin,IND,27,1.9,0.8,0.191,-77,96.34,16.26582278,0.563930593,14000000
89,Toumani Camara,POR,25,-0.2,-1,0.143,-114,95.12,20.05128205,0.563013865,2221677
90,Kawhi Leonard,LAC,34,2,-1.2,0.28,296,45.12,30.67567568,0.561291386,50000000
91,Chris Paul,LAC,40,-0.8,0.8,0.137,4,100,19.75609756,0.560100259,3634153
92,Cameron Johnson,DEN,29,2.1,0.2,0.224,-200,69.51,26.14035088,0.557409592,20543478
93,Isaiah Joe,OKC,25,0.7,-0.2,0.166,550,90.24,14.72972973,0.556664313,2164993
94,De'Andre Hunter,CLE,27,1.3,0.9,0.221,88,78.05,22.171875,0.555577948,21696429
95,Scotty Pippen Jr.,MEM,24,-0.7,-0.5,0.188,44,96.34,17.46835443,0.555458382,2270735
96,Brandin Podziemski,GSW,22,0.4,-2.1,0.177,261,78.05,20.296875,0.555124908,3687960
97,Bennedict Mathurin,IND,23,-1.3,0.9,0.222,94,87.8,22.375,0.55456723,9187573
98,T.J. McConnell,IND,33,0.2,-0.1,0.226,-56,96.34,15.93670886,0.554535318,10200000
99,CJ McCollum,ATL,33,1.2,1.4,0.266,-279,68.29,28.32142857,0.551935088,33333333
100,Draymond Green,GSW,35,-1.2,-2,0.157,275,82.93,20.66176471,0.548789956,25892857
101,Dillon Brooks,PHX,29,-1.7,-0.4,0.176,207,91.46,19.41333333,0.547525076,21124110
102,Russell Westbrook,SAC,36,-1.9,2.2,0.23,-24,91.46,22.96,0.547500167,3634153
103,Buddy Hield,GSW,32,-1.1,1,0.196,141,100,15.98780488,0.546698308,9219512
104,Dennis Schröder,SAC,31,-1,0.6,0.211,-72,91.46,20.24,0.545735592,13025250
105,Naji Marshall,DAL,27,0.2,-0.8,0.197,-137,84.15,20.56521739,0.54521035,9000000
106,Jordan Poole,NOP,26,-1.3,0.8,0.281,-558,82.93,26.55882353,0.544847034,31848215
107,Keldon Johnson,SAS,25,-0.5,0.6,0.207,-217,93.9,19.07792208,0.542684627,17500000
108,Quentin Grimes,PHI,25,-1.4,0.2,0.218,-261,91.46,21.32,0.542210694,8741209
109,Luguentz Dort,OKC,26,-0.3,-0.2,0.133,547,86.59,16.81690141,0.541305785,17722222
110,Santi Aldama,MEM,24,0.4,1.1,0.179,149,79.27,21.92307692,0.540354264,18485916
111,Jakob Poeltl,TOR,29,-0.4,-0.4,0.184,-37,69.51,27.28070175,0.540003347,19500000
112,Zion Williamson,NOP,24,1,0.3,0.325,-42,36.59,36.2,0.539723398,39446090
113,Collin Sexton,CHA,26,0.7,1.2,0.264,-286,76.83,23.6031746,0.539440964,18975000
114,Kevin Porter Jr.,MIL,25,-1.4,-0.6,0.248,27,91.46,16.84,0.538103464,5134000
115,Luke Kornet,SAS,29,0.5,-1.5,0.111,401,89.02,14,0.536857046,11000000
116,Spencer Dinwiddie,DAL,32,-0.2,1.1,0.175,-222,96.34,17.91139241,0.53584733,3000000
117,Tyus Jones,ORL,29,-1.1,1.2,0.16,-92,98.78,17.77777778,0.534647144,7000000
118,Georges Niang,ATL,32,-0.1,1.2,0.177,194,96.34,14.26582278,0.533945168,8500000
119,Goga Bitadze,ORL,25,1,-0.7,0.142,80,85.37,16.81428571,0.533786218,8333333
120,Derrick Jones Jr.,LAC,28,-0.8,-0.3,0.16,249,93.9,14.93506494,0.53355501,10000000
121,Devin Vassell,SAS,24,0.2,0.8,0.217,-262,78.05,23.5625,0.532304573,27000000
122,Tari Eason,HOU,24,1.1,-0.9,0.185,145,69.51,21.28070175,0.530771133,5675766
123,Caris LeVert,DET,30,-0.1,-0.6,0.191,258,78.05,18.875,0.529933469,14104000
124,Miles McBride,NYK,24,2.1,-0.9,0.162,211,78.05,15.65625,0.529482493,4333333
125,Lauri Markkanen,UTA,28,2.1,-0.8,0.231,-186,57.32,26.04255319,0.529004812,46394100
126,Keon Ellis,SAC,25,-0.4,-0.7,0.125,64,97.56,13.8875,0.52892625,2120693
127,Andrew Wiggins,MIA,30,-1,0.6,0.238,-100,73.17,25.26666667,0.528415062,28223215
128,Guerschon Yabusele,NYK,29,0.9,0.9,0.163,-118,85.37,18.65714286,0.526379333,5500000
129,Duncan Robinson,DET,31,0.2,0.5,0.187,66,90.24,15.13513514,0.525254161,16834692
130,Zaccharie Risacher,ATL,20,-0.2,1.4,0.203,-121,91.46,17.32,0.525163355,13197720
131,Sam Hauser,BOS,27,1.5,0.1,0.14,325,86.59,13.01408451,0.524197526,10044644
132,Davion Mitchell,MIA,26,0.5,-1.1,0.135,-3,90.24,14.56756757,0.523819563,11600000
133,Ronald Holland II,DET,19,-0.2,-2.3,0.177,-55,98.78,10.07407407,0.523519734,6500000
134,Scoot Henderson,POR,21,0.6,1.4,0.22,-38,80.49,19.3030303,0.523242788,10748040
135,Anthony Black,ORL,21,-1.3,-0.2,0.19,-40,95.12,15.3974359,0.523136317,7970280
136,Jrue Holiday,POR,35,-0.8,-1.3,0.156,339,75.61,19.4516129,0.520985051,32400000
137,Tim Hardaway Jr.,DEN,33,0.2,1.3,0.151,25,93.9,14.8961039,0.519903572,3634153
138,Cason Wallace,OKC,21,-0.4,-1.5,0.124,369,82.93,15.67647059,0.519250938,5820240
139,Moses Moody,GSW,23,-0.6,-0.9,0.17,132,90.24,14.12162162,0.519119219,11574075
140,Kristaps Porziņģis,ATL,29,-0.6,-0.3,0.253,173,51.22,29.28571429,0.518950324,30731707
141,D'Angelo Russell,DAL,29,0.5,-1,0.228,0,70.73,20.03448276,0.518888997,5685000
142,Keyonte George,UTA,21,0.1,3.3,0.237,-512,81.71,24.28358209,0.518412866,4278960
143,Klay Thompson,DAL,35,-1.9,0.4,0.214,-79,87.8,19.27777778,0.518109468,16666667
144,P.J. Washington,DAL,26,-1.4,-0.5,0.198,49,69.51,24.80701754,0.518075552,14152174
145,Wendell Carter Jr.,ORL,26,-0.7,-1.1,0.159,-13,82.93,18.52941176,0.517942639,10850000
146,Trey Murphy III,NOP,25,-0.9,0.5,0.229,-384,64.63,29.66037736,0.517894633,25000000
147,Daniel Gafford,DAL,26,0.5,-0.7,0.186,35,69.51,21.54385965,0.517697957,14386320
148,Matas Buzelis,CHI,20,-1.1,-0.1,0.181,-35,97.56,13.4375,0.517253581,5455560
149,Walker Kessler,UTA,23,-0.2,-0.7,0.133,-329,70.73,26.43103448,0.517223754,4878938
150,Rui Hachimura,LAL,27,0.7,-0.5,0.156,158,71.95,19.91525424,0.516000787,18259259
151,Mike Conley,MIN,37,-0.3,0.1,0.141,265,86.59,15.50704225,0.515874586,10774038
152,Kevin Huerter,CHI,26,0.4,-0.1,0.171,104,84.15,15.42028986,0.514811638,17991071
153,AJ Green,MIL,25,0.8,-1.5,0.123,227,89.02,11.32876712,0.514575145,2301587
154,Max Christie,DAL,22,-0.5,0.5,0.15,-83,95.12,14.87179487,0.514574354,7714286
155,Al Horford,GSW,39,0.4,-0.9,0.136,397,73.17,17.93333333,0.514498972,5685000
156,Donte DiVincenzo,MIN,28,0.1,0.2,0.188,174,75.61,18.82258065,0.513433412,11990000
157,Kris Dunn,LAC,31,-0.4,-0.3,0.126,262,90.24,13.72972973,0.51342682,5426400
158,Jalen Johnson,ATL,23,-1.1,-1.1,0.214,55,43.9,33.5,0.512216343,30000000
159,Jabari Smith Jr.,HOU,22,0.2,-0.6,0.16,250,69.51,20.38596491,0.512054432,12350392
160,Taurean Prince,MIL,31,-0.6,0.7,0.123,-22,97.56,13.8375,0.510414482,3303774
161,John Collins,LAC,27,0.9,-0.1,0.234,-16,48.78,28.525,0.509721065,26580000
162,Aaron Gordon,DEN,29,-0.5,-1.9,0.186,301,62.2,22.01960784,0.509671667,22841455
163,Jalen Smith,CHI,25,2,0.3,0.201,-36,78.05,15.15625,0.509277481,9000000
164,Royce O'Neale,PHX,32,-0.9,0,0.151,-155,91.46,16.36,0.508773657,10125000
165,Keon Johnson,BKN,23,-1.5,0.7,0.212,-423,96.34,16.5443038,0.508650991,2165000
166,Kevon Looney,NOP,29,-0.4,-0.6,0.125,117,92.68,12.73684211,0.508069189,8000000
167,Brandon Clarke,MEM,28,0.9,-0.9,0.15,181,78.05,15.203125,0.507328582,12500000
168,Dorian Finney-Smith,HOU,32,1,-1.6,0.123,309,76.83,14.46031746,0.506991963,12700000
169,Andrew Nembhard,IND,25,-0.9,-0.1,0.163,204,79.27,18.04615385,0.505905548,18102000
170,Kenrich Williams,OKC,30,0.9,-0.6,0.151,329,84.15,11.42028986,0.505500533,7163000
171,Sam Merrill,CLE,29,0,-1.3,0.14,321,86.59,11.35211268,0.503967145,8482144
172,Donovan Clingan,POR,21,0,-0.8,0.135,-2,81.71,16.59701493,0.503427624,7178400
173,Jalen Wilson,BKN,24,-0.6,0.8,0.161,-262,96.34,14.30379747,0.503010812,2221677
174,Kyle Filipowski,UTA,21,-0.1,0.8,0.184,-366,87.8,17.19444444,0.501964506,9219512
175,Gary Trent Jr.,MIL,26,-0.1,2.8,0.168,70,90.24,15.04054054,0.500194707,3697105
176,Bobby Portis,MIL,30,-0.3,0.7,0.234,95,59.76,24.46938776,0.499801134,13445754
177,Ausar Thompson,DET,22,-0.2,-1.1,0.185,67,71.95,18.45762712,0.499283163,8775000
178,Dalton Knecht,LAL,24,-0.7,1,0.181,-73,95.12,12.6025641,0.498595018,4010160
179,Kelly Oubre Jr.,PHI,29,-1,0.8,0.186,-258,73.17,23.73333333,0.49797033,8382150
180,Jaime Jaquez Jr.,MIA,24,0.5,-0.5,0.194,-152,80.49,15.1969697,0.496511494,3861600
181,Mason Plumlee,CHA,35,0.6,0.7,0.105,54,90.24,12.74324324,0.496334762,3634153
182,Jamal Shead,TOR,22,0.1,-0.3,0.179,-234,91.46,12.2,0.495279,1955377
183,Chet Holmgren,OKC,23,1.3,-1.9,0.214,294,39.02,26.15625,0.495176964,13731368
184,Cameron Payne,NYK,30,-0.7,-0.3,0.2,204,87.8,11.25,0.495167106,3000000
185,Isaiah Stewart,DET,24,-0.5,-0.6,0.121,9,87.8,14.13888889,0.495053457,15000000
186,Joel Embiid,PHI,31,0.5,-0.9,0.342,-57,23.17,34.84210526,0.494163693,55224526
187,Kel'el Ware,MIA,21,-0.8,0.8,0.169,39,78.05,18.453125,0.491557445,4443360
188,Cole Anthony,MIL,25,-1.2,-0.2,0.238,-16,81.71,14.91044776,0.490045797,2667947
189,Kentavious Caldwell-Pope,MEM,32,-2.3,-0.8,0.121,11,93.9,13.62337662,0.489026849,21621500
190,Yves Missi,NOP,21,-1.2,1.2,0.141,-514,89.02,19.42465753,0.488461259,3353040
191,Luke Kennard,ATL,29,0.9,1.1,0.14,122,79.27,14.72307692,0.487544821,11000000
192,Mark Williams,PHX,23,-0.5,-0.1,0.21,-301,53.66,28.22727273,0.484903499,6276531
193,Paul George,PHI,35,-0.1,-1.1,0.233,-83,50,25.63414634,0.484261329,51666090
194,Haywood Highsmith,MIA,28,-0.9,-0.6,0.111,61,90.24,12.06756757,0.483968435,2500000
195,Julian Phillips,CHI,21,-0.1,-0.5,0.126,30,96.34,7.658227848,0.482104397,2221677
196,Grayson Allen,PHX,29,0.5,0.9,0.169,-79,78.05,15.765625,0.481887939,16875000
197,Nicolas Batum,LAC,36,-0.3,-0.5,0.087,152,95.12,8.576923077,0.48182762,5601600
198,Jake LaRavia,LAL,23,0.9,1.1,0.14,126,80.49,13.24242424,0.481115085,6000000
199,Ryan Dunn,PHX,22,-0.7,-0.4,0.161,-169,90.24,11.87837838,0.480216973,2657760
200,Jonathan Kuminga,GSW,22,-0.4,0,0.271,8,57.32,21.87234043,0.480153481,22500000
201,Peyton Watson,DEN,22,-0.4,0.2,0.138,-26,82.93,14.16176471,0.47673118,4356476
202,Ricky Council IV,PHI,23,-0.2,1,0.196,-159,89.02,11.45205479,0.476198729,1862250
203,Kyle Kuzma,MIL,29,-2.7,1.2,0.233,-419,79.27,21.46153846,0.476045023,22077272
204,Nic Claxton,BKN,26,-3,0.7,0.166,-497,85.37,21.01428571,0.475018979,25000000
205,Jonathan Isaac,ORL,27,-1.7,-1.9,0.155,-38,86.59,11.85915493,0.473690659,15000000
206,Simone Fontecchio,MIA,29,-1,-0.3,0.152,16,91.46,9.533333333,0.471454216,8307692
207,Brice Sensabaugh,UTA,21,-0.5,2.6,0.208,-285,86.59,14.63380282,0.470515809,2693760
208,Alex Caruso,OKC,31,-0.3,-3.1,0.147,321,65.85,14.03703704,0.4703902,18102000
209,Tristan da Silva,ORL,24,-1.3,0.2,0.149,-127,90.24,11.97297297,0.468889164,3809520
210,Steven Adams,HOU,31,1.7,-2.3,0.127,172,70.73,10.5862069,0.46848981,14130435
211,Trey Lyles,SAC,29,-0.5,0,0.139,-70,84.15,12.66666667,0.46800139,7096231
212,Bogdan Bogdanović,LAC,32,0.3,-0.6,0.183,106,65.85,16.03703704,0.467941413,16020000
213,Dalano Banton,POR,25,-0.9,0.9,0.237,-55,81.71,12.6119403,0.467093239,7096231
214,Gabe Vincent,LAL,29,-0.3,-0.3,0.131,48,87.8,9.347222222,0.465679746,11500000
215,Bradley Beal,LAC,32,-1.8,1.5,0.219,-273,64.63,23.79245283,0.462099828,5354000
216,Ochai Agbaji,TOR,25,-1.3,-0.6,0.144,-214,78.05,16.265625,0.462032151,6383525
217,Dean Wade,CLE,28,0.5,-1.7,0.101,284,71.95,11.61016949,0.461115963,6623456
218,Brandon Miller,CHA,22,0.7,-0.3,0.27,-124,32.93,28.51851852,0.460826798,11968800
219,Cam Thomas,BKN,23,1.3,2.1,0.328,-92,30.49,29.24,0.460260324,7096231
220,Clint Capela,HOU,31,-1.5,-1,0.16,-79,67.07,19.25454545,0.460205913,6700000
221,Justin Champagnie,WAS,24,0.7,1.6,0.15,-288,75.61,16.20967742,0.459844375,2349578
222,Kyshawn George,WAS,21,-1.1,0.7,0.156,-361,82.93,15.66176471,0.459596104,2966760
223,Immanuel Quickley,TOR,26,0.4,-0.4,0.246,-39,40.24,25.48484848,0.4591579,32500000
224,Jalen Suggs,ORL,24,-0.5,-2,0.268,3,42.68,23.4,0.459057433,35000000
225,Jeremy Sochan,SAS,22,-1.2,0.5,0.184,-88,65.85,20.09259259,0.458721026,7096231
226,Dejounte Murray,NOP,28,-0.3,1.3,0.263,-207,37.8,30.29032258,0.457647043,26783568
227,Amir Coffey,MIL,28,-2.4,0.3,0.15,-66,87.8,13,0.457520274,2874436
228,Gradey Dick,TOR,21,-0.3,1.3,0.209,-210,65.85,19.31481481,0.456479864,4990560
229,Terry Rozier,MIA,31,-2.1,0.8,0.195,-141,78.05,16.515625,0.456478523,26643031
230,Terance Mann,BKN,28,0.1,1.6,0.145,-95,81.71,12.71641791,0.456108814,15500000
231,Chris Boucher,BOS,32,1.2,0.1,0.208,5,60.98,15.58,0.454947748,3287409
232,Jose Alvarado,NOP,27,-0.7,-0.4,0.193,-232,68.29,17.42857143,0.454363644,4500000
233,Neemias Queta,BOS,25,0.4,-1.2,0.136,155,75.61,9.85483871,0.454322608,2349578
234,Bilal Coulibaly,WAS,20,-1.1,0.6,0.175,-587,71.95,20.57627119,0.452305805,7275600
235,Sandro Mamukelashvili,TOR,26,0.3,-0.8,0.202,-28,74.39,10.37704918,0.452039739,2461463
236,Isaiah Collier,UTA,20,-2.1,2.8,0.186,-403,86.59,16.47887324,0.451271551,2638200
237,Day'Ron Sharpe,BKN,23,-0.6,-1.4,0.186,64,60.98,16.76,0.451037865,6250000
238,Jusuf Nurkić,UTA,30,-1,-1.3,0.202,-184,62.2,18.49019608,0.450451882,19375000
239,Zach Collins,CHI,27,-1.1,-0.2,0.166,-29,78.05,12.5625,0.449734426,18080496
240,Aaron Nesmith,IND,25,0.8,0.2,0.171,198,54.88,17.51111111,0.447812729,11000000
241,Dereck Lively II,DAL,21,2.3,-1.3,0.132,121,43.9,19.55555556,0.447409999,5253360
242,Trayce Jackson-Davis,GSW,25,-0.7,0.5,0.164,-61,75.61,13.51612903,0.446597935,2221677
243,Brandon Ingram,TOR,27,0.5,-0.4,0.305,-128,21.95,30.61111111,0.446318596,38095238
244,Thomas Bryant,CLE,27,-1,0.5,0.162,-37,80.49,11.6969697,0.445942878,3287409
245,Max Strus,CLE,29,-0.4,-0.3,0.143,221,60.98,16.6,0.444862144,15936452
246,Corey Kispert,ATL,26,-0.5,1.4,0.169,-274,74.39,15.81967213,0.443998042,7549713
247,Jared Butler,PHI,24,-1.1,0.7,0.222,-131,73.17,14.1,0.4434629,4221360
248,Gary Payton II,GSW,32,-0.4,0,0.156,45,75.61,11.25806452,0.442659567,3303774
249,Jaylin Williams,OKC,23,0.2,-1.9,0.141,302,57.32,14.38297872,0.44182012,8450704
250,Deandre Ayton,LAL,26,-1.3,1.1,0.197,-162,48.78,26.175,0.441665669,8104000
251,Ziaire Williams,BKN,23,-1.9,0.8,0.179,-330,76.83,16.28571429,0.440368905,6250000
252,Julian Strawther,DEN,23,-1.7,0.7,0.173,-71,79.27,12.47692308,0.43749401,2674200
253,Patrick Williams,CHI,23,-2.3,0.2,0.165,-182,76.83,14.61904762,0.433705314,18000000
254,Jarace Walker,IND,21,-3.5,0.8,0.165,-146,91.46,10.68,0.433175099,6665520
255,Nikola Jović,MIA,22,-0.4,-0.9,0.178,-20,56.1,17.30434783,0.432601057,4445417
256,Josh Green,CHA,24,-0.7,0.4,0.115,-364,82.93,11.83823529,0.432414521,13666667
257,Nick Richards,PHX,27,-1.2,2.2,0.169,-235,69.51,18.10526316,0.432362079,5000000
258,Javonte Green,DET,31,-1.4,-1.2,0.113,-212,82.93,10.07352941,0.431241392,2874436
259,Jerami Grant,POR,31,-1.1,0.7,0.192,-202,57.32,20.4893617,0.430367212,32000001
260,Dalen Terry,CHI,22,-1.7,-0.3,0.142,-172,89.02,7.575342466,0.42929563,5399118
261,Oso Ighodaro,PHX,22,-0.1,-1.8,0.103,-21,74.39,9.278688525,0.42908017,1955377
262,Isaac Okoro,CHI,24,0.7,0,0.124,253,67.07,10.18181818,0.428376699,11000000
263,Talen Horton-Tucker,CHI,24,0.3,0.6,0.208,19,70.73,9.551724138,0.428162327,3586956.5
264,Johnny Juzang,MIN,24,-1.2,0.8,0.174,-357,78.05,13.03125,0.427714111,3586956.5
265,Kris Murray,POR,24,-1.7,-0.9,0.133,-50,84.15,7.913043478,0.426317789,3132000
266,Jabari Walker,PHI,22,0.1,0.1,0.156,15,73.17,9.433333333,0.426303087,3586956.5
267,Seth Curry,GSW,34,-1.5,-0.1,0.151,-171,82.93,9.102941176,0.424084684,2777830
268,Jeremiah Robinson-Earl,DAL,24,-0.5,2.4,0.14,-331,80.49,12.36363636,0.42245399,3586956.5
269,Jaxson Hayes,LAL,25,-1.3,-0.2,0.12,87,68.29,13.375,0.420961727,3449323
270,Aaron Holiday,HOU,28,-1.2,-0.9,0.162,88,75.61,7.967741935,0.41974087,3080921
271,Cam Whitmore,WAS,20,-0.1,1.5,0.231,-1,62.2,13.23529412,0.419168837,3539760
272,Ryan Rollins,MIL,22,-0.6,-0.4,0.179,83,68.29,10.125,0.419099319,4000000
273,Khris Middleton,WAS,33,0.2,0.6,0.208,39,45.12,19.2972973,0.417948846,33296296
274,Kyle Anderson,UTA,31,-2.8,-0.7,0.152,-22,74.39,12.19672131,0.416116599,3586956.5
275,Jaden Ivey,DET,23,-0.5,1.1,0.256,-62,36.59,24.03333333,0.415713119,10107163
276,Ayo Dosunmu,CHI,25,-0.9,1.4,0.163,-234,56.1,20.15217391,0.414443553,7518518
277,Ben Sheppard,IND,23,-0.6,0.8,0.108,-59,76.83,9.904761905,0.413854187,2790720
278,Jonathan Mogbo,TOR,23,-2.8,0.3,0.145,-241,76.83,13.73015873,0.413514976,1955377
279,Vít Krejčí,ATL,25,-1.1,0.2,0.131,-66,69.51,12.75438596,0.413482713,3586956.5
280,Gui Santos,GSW,23,-0.2,-1.2,0.126,165,68.29,8.428571429,0.413063651,2221677
281,Jordan Clarkson,NYK,33,-1.5,0.6,0.269,-204,45.12,21.89189189,0.41256846,3634153
282,Jay Huff,IND,27,-3.9,-1.1,0.194,25,78.05,10.0625,0.411767952,2349578
283,Ben Simmons,LAC,28,-0.6,0.1,0.133,-56,62.2,14.52941176,0.411529646,3586956.5
284,Jaden Hardy,DAL,22,-1.7,0.5,0.244,-65,69.51,10.8245614,0.410879214,6000000
285,Marcus Sasser,DET,24,-1,0.3,0.187,41,69.51,9.894736842,0.410058599,2886720
286,Tyrese Martin,BKN,26,-2.1,1.3,0.179,-258,73.17,13.88333333,0.409969405,2191897
287,Trendon Watford,PHI,24,-0.6,0,0.226,-65,53.66,15.47727273,0.409338238,2461463
288,Precious Achiuwa,SAC,25,-2.3,0.5,0.143,-48,69.51,13.94736842,0.407636134,2453285
289,Jordan Hawkins,NOP,23,-1.5,1.6,0.204,-317,68.29,14.69642857,0.407386741,3586956.5
290,Adem Bona,PHI,22,-1,-0.1,0.135,-112,70.73,11.0862069,0.407256028,1955377
291,Andre Jackson Jr.,MIL,23,-1.3,0.9,0.115,-33,81.71,7.23880597,0.403220476,2221677
292,Tre Jones,CHI,25,0.1,0,0.136,-31,56.1,14.13043478,0.401562275,8000000
293,Jamison Battle,TOR,24,-1.2,0.4,0.147,-183,71.95,10.6779661,0.400142556,1955377
294,Cody Martin,IND,29,-2.2,-1,0.142,-105,64.63,13.66037736,0.39995732,3586956.5
295,Kelly Olynyk,SAS,34,-0.8,0.5,0.185,-58,53.66,15.77272727,0.397987044,13445122
296,Pelle Larsson,MIA,24,0.4,0,0.141,10,67.07,7.690909091,0.396928444,1955377
297,Moritz Wagner,ORL,28,0.2,0.3,0.254,-17,36.59,18.76666667,0.395742284,5000000
298,Tidjane Salaün,CHA,19,-2.2,-0.3,0.15,-321,73.17,11.53333333,0.395533662,7863240
299,Nick Smith Jr.,LAL,21,-2.8,1.6,0.205,-398,73.17,13.41666667,0.392700025,3586956.5
300,Ja'Kobe Walter,TOR,20,-2,0.9,0.179,-83,63.41,13.32692308,0.390058814,3638160
301,Alec Burks,MIA,33,-0.7,0.5,0.16,110,59.76,11.04081633,0.389359517,3080921
302,Blake Wesley,POR,22,-0.5,0.4,0.165,-9,70.73,6.568965517,0.389252166,2378870
303,Drew Eubanks,SAC,28,-2.3,0.3,0.149,-126,74.39,9.344262295,0.388628872,3080921
304,Noah Clowney,BKN,20,-0.3,0.6,0.185,-261,56.1,13.91304348,0.38684529,3398640
305,Quinten Post,GSW,25,-0.8,-0.5,0.197,43,51.22,12.97619048,0.386183009,1955377
306,Jett Howard,ORL,21,-0.8,0.8,0.181,-86,73.17,6.15,0.38569517,5529720
307,Marcus Smart,LAL,31,0.4,-1.1,0.198,42,41.46,14.11764706,0.38410209,5134000
308,Reed Sheppard,HOU,21,0.2,0.2,0.171,-50,63.41,7.634615385,0.383509721,10603560
309,Paul Reed,DET,26,0.5,-0.9,0.179,43,54.88,8.644444444,0.383123947,5335894
310,DeAndre Jordan,NOP,36,-1.9,0.1,0.126,-47,68.29,9.803571429,0.379845368,3592381
311,Shake Milton,LAL,28,-1.9,0.2,0.162,-118,69.51,8.947368421,0.379527844,3080921
312,Ajay Mitchell,OKC,23,0.3,-3.4,0.159,127,43.9,10.16666667,0.377463931,3000000
313,Dwight Powell,DAL,33,0.7,-0.6,0.073,-14,67.07,5.6,0.376801244,4000000
314,Landry Shamet,NYK,28,-0.3,-0.3,0.143,88,60.98,7.54,0.375303699,3080921
315,Josh Okogie,HOU,26,0,-0.6,0.185,-13,48.78,11.625,0.374816441,3080921
316,Orlando Robinson,ORL,24,-1.1,0.5,0.177,-87,53.66,13.27272727,0.373617645,3080921
317,Caleb Houstan,ATL,22,-0.7,0.3,0.115,-66,70.73,6.275862069,0.37314476,3080921
318,Svi Mykhailiuk,UTA,28,0.6,0.2,0.198,-106,46.34,12.47368421,0.372118752,3080921
319,Lindy Waters III,SAS,27,-1,0.3,0.145,13,63.41,8.384615385,0.371567925,2461463
320,Malcolm Brogdon,WAS,32,0.1,0,0.231,-121,29.27,19.75,0.371322624,3080921
321,Lonzo Ball,CLE,27,-1.2,-1.5,0.152,100,42.68,14.94285714,0.371210595,10000000
322,Jared McCain,PHI,21,-0.4,-0.6,0.243,-27,28.05,19.39130435,0.370641507,3080921
323,Jalen Pickett,DEN,25,-0.6,-0.8,0.13,52,59.76,7.714285714,0.368425763,2221677
324,Karlo Matković,NOP,24,-1.5,0,0.155,-89,51.22,14.28571429,0.367839208,1755198
325,Garrison Mathews,IND,28,-1,0.3,0.153,-60,57.32,10.85106383,0.36768998,3080921
326,Cory Joseph,ORL,33,0.3,0.4,0.126,35,60.98,6.7,0.365681367,3080921
327,Jae'Sean Tate,HOU,29,-1.5,-1.1,0.126,51,63.41,6.980769231,0.364578945,3080921
328,Caleb Martin,DAL,29,-2.6,-0.4,0.143,-155,54.88,14.24444444,0.362082757,8556451
329,Jaylon Tyson,CLE,22,0.4,0,0.164,-2,57.32,6.319148936,0.361022202,3492480
330,Andre Drummond,PHI,31,-1.7,0.7,0.183,-245,48.78,15.975,0.360998374,5000000
331,Collin Gillespie,PHX,26,1.4,-0.9,0.17,-29,40.24,10.87878788,0.359738321,2378870
332,Mouhamed Gueye,ATL,22,0,-1.2,0.155,87,40.24,12.39393939,0.358576234,2221677
333,Craig Porter Jr.,CLE,25,-0.1,0.9,0.155,-45,62.2,6.274509804,0.358546427,2221677
334,Jordan Walsh,BOS,21,1.2,0.3,0.11,25,63.41,3.384615385,0.35849553,2221677
335,Dillon Jones,OKC,23,-1.7,-0.3,0.131,75,65.85,5.666666667,0.356505945,3080921
336,Justin Edwards,PHI,21,-0.7,3.8,0.165,-280,53.66,15.31818182,0.355340567,2048494
337,Luka Garza,BOS,26,1.6,-0.3,0.241,1,47.56,5.128205128,0.354466658,2461463
338,Herbert Jones,NOP,26,0.3,-2.4,0.146,-20,24.39,17.95,0.354348536,3080921
339,Rob Dillingham,MIN,20,-2.1,0,0.215,19,59.76,6.836734694,0.351085957,6576120
340,Jock Landale,MEM,29,0.6,1.2,0.148,-25,51.22,8.952380952,0.350094831,2461463
341,Zeke Nnaji,DEN,24,-2.5,0.1,0.119,-23,69.51,6.070175439,0.349864137,8177778
342,Bruce Brown,DEN,28,-1.4,1.6,0.169,-226,50,14.46341463,0.349602518,3080921
343,Richaun Holmes,WAS,31,-0.1,0,0.143,-36,37.8,14.83870968,0.349001282,3080921
344,Antonio Reeves,CHA,24,-0.3,1,0.183,-150,53.66,9.136363636,0.348576953,3080921
345,KJ Martin,UTA,24,-0.3,0.4,0.112,-142,52.44,10.74418605,0.348072785,3080921
346,DaQuan Jeffries,CHA,27,-0.8,1.5,0.136,-276,57.32,11.04255319,0.347555028,3080921
347,Brandon Williams,DAL,25,-0.3,0.5,0.218,10,40.24,12.09090909,0.347168724,2270735
348,Bol Bol,PHX,25,-0.3,0,0.204,-37,43.9,10.66666667,0.347015852,3080921
349,Jeff Dowtin Jr.,PHI,28,-1.1,0.7,0.176,-103,50,10.82926829,0.342711494,3080921
350,Jordan McLaughlin,SAS,29,0.2,-0.6,0.134,57,56.1,3.913043478,0.340154097,2874436
351,Johnny Furphy,IND,20,-0.5,0.1,0.118,22,60.98,4.2,0.338145672,1955377
352,Josh Minott,BOS,22,0,-0.1,0.16,-16,56.1,4.347826087,0.337673726,2378870
353,Malaki Branham,WAS,22,-1.8,1,0.233,-33,57.32,6.446808511,0.3375724,4962033
354,Jarred Vanderbilt,LAL,26,-0.4,-0.4,0.116,35,43.9,10.72222222,0.33698187,11571429
355,Tristan Vukcevic,WAS,22,-2.4,1,0.252,-125,42.68,14.02857143,0.33680286,3080921
356,Vince Williams Jr.,MEM,24,0.8,-0.8,0.166,6,32.93,11.77777778,0.336530493,3080921
357,Olivier-Maxence Prosper,MEM,22,-2.9,0.5,0.158,-104,63.41,7.403846154,0.335191602,3080921
358,Eric Gordon,PHI,36,-0.5,0.3,0.14,-72,47.56,9.923076923,0.334574766,3634153
359,Gary Harris,MIL,30,-0.9,-0.1,0.09,86,58.54,5.416666667,0.33404869,3080921
360,Duop Reath,POR,29,-1,1.1,0.162,-55,56.1,7,0.332838024,2221677
361,Kai Jones,DAL,24,-0.8,0.1,0.128,-21,48.78,9.2,0.331558754,3080921
362,Jordan Goodwin,PHX,26,0.2,-1.4,0.134,-11,35.37,11.37931034,0.331369263,2349578
363,John Konchar,MEM,29,-1.9,-1.2,0.077,58,56.1,7.239130435,0.331130575,6165000
364,Daniel Theis,NOP,33,-0.4,0.4,0.111,-61,46.34,10.5,0.330681968,3080921
365,Pat Connaughton,CHA,32,-1.5,0.5,0.151,-13,50,9.536585366,0.330460161,9423869
366,Tosan Evbuomwan,NYK,24,-1.7,-0.2,0.183,-66,34.15,15.60714286,0.330233289,3080921
367,A.J. Lawson,TOR,24,0,0.7,0.189,-17,31.71,13.73076923,0.328041054,3080921
368,Anthony Gill,WAS,32,-1.6,-0.4,0.124,-73,62.2,4.156862745,0.327371382,2667947
369,De'Anthony Melton,GSW,27,2.5,-1.2,0.223,27,7.32,16.33333333,0.326139298,3080921
370,Devin Carter,SAC,23,-0.3,-0.5,0.169,43,43.9,7.277777778,0.324992485,4923720
371,Micah Potter,IND,27,0,0.4,0.102,-104,46.34,9.315789474,0.323417677,1527805
372,Jaylen Clark,MIN,23,-0.9,-0.8,0.115,44,48.78,6.8,0.321435589,2191897
373,Lonnie Walker IV,PHI,26,-0.7,0.8,0.214,-142,24.39,17.5,0.320217655,3080921
374,Jevon Carter,CHI,29,-0.4,0.1,0.2,37,43.9,6.583333333,0.31968671,3080921
375,Jericho Sims,MIL,26,-3.4,0.1,0.074,25,64.63,6.113207547,0.31826242,2461463
376,Kevin Love,UTA,36,1.5,1.1,0.23,-25,28.05,10.56521739,0.317614025,4150000
377,Rayan Rupert,POR,21,-2.8,0.5,0.156,-86,63.41,4.615384615,0.317518194,2221677
378,Dominick Barlow,PHI,22,0,0,0.141,-2,42.68,7.771428571,0.317136085,3080921
379,Marvin Bagley III,WAS,26,0.2,-0.2,0.2,-10,37.8,7.612903226,0.315490647,3080921
380,KJ Simpson,CHA,22,-2.3,1.4,0.188,-278,43.9,13.52777778,0.315160749,3080921
381,Grant Williams,CHA,26,-0.3,0.1,0.146,10,19.51,18,0.314979369,13645500
382,Ousmane Dieng,OKC,22,-1.2,-0.8,0.152,45,45.12,7.027027027,0.31487551,6670882
383,Colby Jones,DET,23,-0.7,0.3,0.138,-112,47.56,7.794871795,0.314570546,3080921
384,Jaden Springer,UTA,22,-0.8,0.1,0.139,-32,52.44,4.930232558,0.314232574,3080921
385,Delon Wright,NYK,33,-1.7,-1,0.111,1,48.78,7.325,0.313447929,3080921
386,GG Jackson,MEM,20,-0.3,1.4,0.219,-68,35.37,10.89655172,0.313007722,3080921
387,Tyler Kolek,NYK,24,-0.9,-0.9,0.152,-1,50,4.292682927,0.312655843,2191897
388,Hunter Tyson,DEN,25,-3.3,-0.4,0.146,-98,62.2,4.588235294,0.311617841,2221677
389,Quenton Jackson,IND,26,-0.6,-1.1,0.167,-1,34.15,9.607142857,0.309449437,3080921
390,Jordan Miller,LAC,25,-0.6,0.2,0.175,-63,45.12,6.486486486,0.30940621,3080921
391,Tre Mann,CHA,24,-0.7,1.6,0.25,-55,15.85,18.92307692,0.309384472,8000000
392,Oscar Tshiebwe,UTA,25,0.3,0.2,0.144,-11,17.07,17.28571429,0.307797693,3080921
393,Cody Williams,UTA,20,-2.4,1.9,0.122,-339,60.98,7.94,0.307788289,5742480
394,Pat Spencer,GSW,28,-1.4,-0.2,0.204,-17,47.56,4.897435897,0.3064931,3080921
395,Kessler Edwards,DAL,24,-0.9,1.4,0.11,-158,48.78,8.7,0.306181345,3080921
396,Branden Carlson,OKC,26,0,0.2,0.185,41,39.02,6.53125,0.306145419,3080921
397,Danté Exum,DAL,29,0,-0.3,0.193,-48,24.39,12.8,0.305686648,3080921
398,Charles Bassey,MEM,24,-1.8,0.6,0.164,-129,43.9,9.638888889,0.303995564,3080921
399,Larry Nance Jr.,CLE,32,-2,-0.3,0.155,-95,29.27,15.04166667,0.301582503,3634153
400,Bones Hyland,MIN,24,-0.7,-0.8,0.274,-31,29.27,8.458333333,0.30089402,3634153
401,Jamal Cain,ORL,26,-1.3,1.3,0.167,-132,45.12,8.459459459,0.300869737,3634153
402,Drew Timme,LAL,24,-1.2,0.3,0.205,-66,10.98,20.44444444,0.299799556,3634153
403,Mo Bamba,TOR,27,-1.7,0,0.15,-75,39.02,10.03125,0.297990286,3634153
404,AJ Johnson,WAS,20,-1.6,0.3,0.173,-152,35.37,11.55172414,0.296474603,3090480
405,Robert Williams III,POR,27,-0.6,-0.3,0.12,-17,24.39,14.2,0.296259665,13285713
406,Christian Koloko,ATL,25,-1.2,-1.1,0.104,-7,45.12,5.675675676,0.296018548,3634153
407,Keaton Wallace,ATL,26,-2.3,-0.6,0.164,-19,37.8,9.774193548,0.295045484,2296274
408,Cam Spencer,MEM,25,1.2,-0.1,0.148,40,30.49,6.96,0.293605715,2537989
409,Doug McDermott,SAC,33,-1.1,1.9,0.15,27,51.22,4.19047619,0.293196305,3634153
410,Kyle Lowry,PHI,39,-2.2,-0.6,0.1,-71,42.68,9.257142857,0.293042621,3634153
411,Jared Rhoden,TOR,25,0.7,0.2,0.183,64,17.07,12.78571429,0.292540539,3634153
412,Alex Len,LAL,32,-2,0.5,0.101,-153,56.1,4.717391304,0.292199934,3634153
413,Isaac Jones,DET,24,-1.5,0.6,0.152,-64,48.78,5.05,0.291898506,1955377
414,Mitchell Robinson,NYK,27,0.4,-0.4,0.109,23,20.73,13.23529412,0.291833711,12954546
415,Maxi Kleber,LAL,33,-0.7,-0.3,0.085,-17,41.46,7.176470588,0.291581933,11000000
416,David Roddy,HOU,24,-1.3,0.7,0.159,-76,40.24,8.272727273,0.290751301,3634153
417,Bismack Biyombo,SAS,32,-1.3,1.1,0.124,-100,34.15,12.32142857,0.289756992,3634153
418,Adam Flagler,OKC,25,-1.5,-0.5,0.207,7,45.12,3,0.288585062,3634153
419,MarJon Beauchamp,NYK,24,-1.3,-0.2,0.222,9,42.68,3.542857143,0.288040585,3634153
420,Trevelin Queen,ORL,28,-1.5,0.3,0.176,-86,37.8,8.483870968,0.287825568,3634153
421,Trey Jemison III,NYK,25,-1.6,0.3,0.121,-18,46.34,5.684210526,0.286719166,3634153
422,Tolu Smith,DET,24,-0.4,-0.4,0.2,7,1.22,20,0.285261573,3634153
423,Matisse Thybulle,POR,28,-1.2,-1,0.135,1,18.29,14.73333333,0.282776282,11550000
424,Baylor Scheierman,BOS,24,-1.5,-0.3,0.143,29,37.8,7.032258065,0.282425617,2619000
425,Terrence Shannon Jr.,MIN,24,-1.2,1.1,0.166,11,39.02,6.6875,0.280192908,2674080
426,Wendell Moore Jr.,DET,23,-2.4,0.4,0.133,-134,43.9,7.916666667,0.279906056,3634153
427,Tristan Thompson,CLE,34,-2.7,0,0.123,-85,48.78,5.65,0.279034003,3634153
428,Reggie Jackson,PHI,35,-1.9,0.2,0.17,-19,37.8,7.258064516,0.27751021,3634153
429,Colin Castleton,TOR,25,-1.8,-0.1,0.125,-30,31.71,10.30769231,0.274931452,3634153
430,Jeff Green,HOU,38,-1.4,1.7,0.144,-38,39.02,7.84375,0.274537275,3634153
431,Reece Beekman,BKN,23,-1.9,0.1,0.122,-117,43.9,5.805555556,0.27258656,3634153
432,Johnny Davis,WAS,23,-1.2,0.4,0.15,-26,41.46,4.205882353,0.27058096,3634153
433,Elfrid Payton,NOP,31,-2.6,0.2,0.151,-149,29.27,12.75,0.270482067,3634153
434,Cam Reddish,LAL,25,-1.3,0.2,0.084,-91,40.24,6.787878788,0.269546661,3634153
435,Kobe Brown,LAC,25,-2.2,1.2,0.134,-53,48.78,4.125,0.269361955,2654880
436,Taj Gibson,CHA,40,-3.4,-0.2,0.132,-124,45.12,6.756756757,0.267785391,3634153
437,Isaiah Wong,CHA,24,-1.6,-0.6,0.22,-6,24.39,8.65,0.26591684,3634153
438,Damion Lee,PHX,32,-1.4,0,0.269,25,30.49,4.4,0.263457548,3634153
439,Keion Brooks Jr.,NOP,24,-1.6,1.2,0.169,-145,17.07,15.78571429,0.263012793,3634153
440,Lamar Stevens,MEM,27,-0.6,-1.1,0.21,67,20.73,6.941176471,0.261281213,3634153
441,Killian Hayes,BKN,23,-0.5,0.8,0.145,-24,7.32,17,0.260805966,3634153
442,Patty Mills,LAC,36,-1.8,-0.4,0.15,-15,35.37,5.448275862,0.259722956,3634153
443,Tyler Smith,MIL,20,-0.2,-0.3,0.205,8,28.05,4.130434783,0.258837959,3634153
444,Marcus Bagley,PHI,23,-1.1,0.6,0.128,-84,12.2,16.1,0.256971628,3634153
445,Maxwell Lewis,BKN,22,-2.1,0.4,0.164,-68,34.15,6.857142857,0.255711741,3634153
446,Alex Reese,PHI,26,0.4,0.2,0.123,19,18.29,9.4,0.255289897,3634153
447,Torrey Craig,BOS,34,-2,0.4,0.139,-49,31.71,8.076923077,0.254518264,3634153
448,Isaiah Jackson,IND,23,-0.4,0.2,0.164,10,6.1,14.8,0.252775388,7600000
449,Markelle Fultz,SAC,27,-0.5,-0.4,0.196,5,25.61,5,0.252624691,3634153
450,Drew Peterson,CHA,25,-0.3,-0.2,0.121,46,30.49,4.24,0.251749789,2135085.5
451,Patrick Baldwin Jr.,LAC,22,0.1,-0.2,0.151,29,29.27,3.375,0.251559954,2135085.5
452,Xavier Tillman,BOS,26,-1.6,-0.2,0.125,-12,40.24,2.606060606,0.251295553,2546675
453,Yuki Kawamura,MEM,24,0.7,-0.2,0.167,27,26.83,2.909090909,0.251213368,2135085.5
454,Dariq Whitehead,BKN,20,-0.7,0.6,0.189,-64,24.39,7.35,0.250241348,2135085.5
455,Damion Baugh,CHA,24,-1.9,1,0.186,-169,18.29,13.4,0.24954246,2135085.5
456,Lester Quinones,NOP,24,-0.6,0.2,0.213,-26,15.85,9.230769231,0.248048226,2135085.5
457,Nate Williams,HOU,26,0.2,0.4,0.212,-24,24.39,4.25,0.247767345,2135085.5
458,Jalen Hood-Schifino,PHI,22,-0.6,1.2,0.164,-96,18.29,10.93333333,0.247099504,2135085.5
459,Dru Smith,MIA,27,-2.5,-1.9,0.131,38,17.07,11.14285714,0.245551594,2378870
460,Moses Brown,DAL,25,-0.9,0.6,0.216,-14,15.85,9.307692308,0.242993733,2135085.5
461,Oshae Brissett,PHI,27,-0.3,0,0.154,-31,7.32,12.83333333,0.24140989,2135085.5
462,Bronny James,LAL,20,-1.8,0.4,0.199,-71,32.93,3.740740741,0.240155766,1955377
463,Cole Swider,TOR,26,-0.1,-0.2,0.155,54,12.2,9.1,0.239037611,2135085.5
464,Nae'Qwan Tomlin,CLE,24,-0.9,-0.2,0.23,7,6.1,11.6,0.238975567,2135085.5
465,Chuma Okeke,CLE,26,-0.7,0.4,0.093,-28,10.98,13.44444444,0.237823377,2135085.5
466,N'Faly Dante,ATL,23,0.3,0.1,0.133,-11,4.88,12.75,0.237417504,2048494
467,Tony Bradley,IND,27,-1,0.3,0.182,44,17.07,8.214285714,0.237009929,2135085.5
468,JT Thor,WAS,22,-1,-0.2,0.132,-96,24.39,6.65,0.235386869,2135085.5
469,Kevin Knox II,GSW,25,0.4,0.3,0.202,-3,17.07,5,0.23321595,2135085.5
470,Dario Šarić,SAC,31,-1,0,0.157,-49,19.51,7.625,0.23293374,2135085.5
471,Ron Harper Jr.,BOS,25,-0.5,0.1,0.205,-1,1.22,13,0.231618675,2135085.5
472,Bruno Fernando,TOR,26,-1.5,0.5,0.182,-22,20.73,7.411764706,0.231154816,2135085.5
473,Trey Alexander,NOP,22,-0.9,-0.1,0.165,-25,29.27,2.208333333,0.229619482,2135085.5
474,Garrett Temple,TOR,39,-2.5,0.5,0.129,-28,34.15,4.357142857,0.228159574,3634153
475,PJ Hall,CHA,23,-0.8,-0.4,0.176,-2,23.17,3.210526316,0.224775793,2135085.5
476,Elijah Harkless,UTA,25,0.2,-0.8,0.12,31,12.2,6.9,0.22424674,2135085.5
477,Chris Livingston,CLE,21,-1,-0.3,0.15,-29,25.61,3.285714286,0.22325182,2135085.5
478,Keshad Johnson,MIA,24,-0.6,-0.3,0.145,5,19.51,5,0.222593099,1955377
479,Daeqwon Plowden,ATL,26,-0.5,-0.4,0.181,29,7.32,8.666666667,0.220920151,2135085.5
480,Enrique Freeman,IND,24,-0.8,0.5,0.109,-19,26.83,3.863636364,0.22056169,2135085.5
481,Tyson Etienne,BKN,25,-0.7,0.5,0.177,-70,8.54,10.28571429,0.220540117,2135085.5
482,Markieff Morris,LAL,35,-1.7,0.4,0.202,-28,18.29,6.666666667,0.220029124,2135085.5
483,Sidy Cissoko,POR,21,-2,-1.1,0.156,8,26.83,2.727272727,0.219619417,2135085.5
484,Josh Christopher,MIA,23,-0.4,0.2,0.235,-5,17.07,3.357142857,0.218297264,2135085.5
485,Marcus Garrett,CHA,26,-1.2,0.3,0.193,-39,4.88,11.5,0.217685251,2135085.5
486,Jazian Gortman,DAL,22,0,-0.1,0.195,11,19.51,2.0625,0.21754224,2135085.5
487,Jaylen Martin,WAS,21,-1.7,1.1,0.155,-131,19.51,8.5,0.217084894,2135085.5
488,Joe Ingles,MIN,37,0.5,0.4,0.113,2,23.17,2.210526316,0.216799387,3634153
489,Ariel Hukporti,NYK,23,-2.4,-0.1,0.113,-63,30.49,4.2,0.216793104,1955377
490,Alex Ducas,OKC,24,-0.8,0.1,0.115,-22,25.61,3.238095238,0.21639326,2135085.5
491,Spencer Jones,DEN,24,-0.4,0,0.128,-45,24.39,2.65,0.215456012,2135085.5
492,Leonard Miller,MIN,21,-0.2,-0.3,0.239,-12,15.85,2.461538462,0.214926139,2221677
493,TyTy Washington Jr.,LAC,23,-0.9,0.3,0.187,2,19.51,4,0.214802108,2135085.5
494,Kobe Bufkin,LAL,21,-2.3,-0.2,0.203,-23,12.2,8.8,0.213764684,2135085.5
495,James Wiseman,IND,24,-1.6,1.5,0.455,-4,1.22,7,0.210752236,131970
496,Matt Ryan,NYK,28,-1.7,-0.6,0.208,-40,23.17,2,0.21022665,2135085.5
497,Pete Nance,MIL,25,-0.6,-0.6,0.116,-14,15.85,5.307692308,0.209456574,2135085.5
498,Chris Duarte,CHI,28,-1.1,0.2,0.151,12,20.73,3.764705882,0.209069959,2135085.5
499,JD Davison,HOU,22,-1.3,0.6,0.228,-28,19.51,3.25,0.208103821,2135085.5
500,Cam Christie,LAC,19,-1,-1.2,0.192,-10,15.85,3.076923077,0.207439191,4041228.5
501,Jaylen Sims,CHA,26,-0.8,0.5,0.159,-47,7.32,9.333333333,0.206827916,4041228.5
502,Daniss Jenkins,DET,23,1,-1,0.231,-9,8.54,1.571428571,0.205422366,4041228.5
503,Stanley Umude,MIL,26,-1.7,0,0.137,-15,26.83,1.909090909,0.204626096,4041228.5
504,Jackson Rowe,GSW,28,-0.2,-0.1,0.142,23,7.32,6.666666667,0.2009409,4041228.5
505,RayJ Dennis,ATL,24,-2.3,-0.4,0.212,44,13.41,5.454545455,0.200836384,4041228.5
506,Jacob Toppin,ATL,25,-1.1,-0.2,0.14,-25,20.73,2.529411765,0.199382411,4041228.5
507,Isaiah Crawford,HOU,23,0.1,-0.1,0.122,23,18.29,1.6,0.19910752,4041228.5
508,David Duke Jr.,SAS,25,0.2,0,0.207,28,7.32,4,0.198714926,4041228.5
509,Emoni Bates,CLE,21,-1,0.7,0.201,-34,12.2,5.2,0.197156537,4041228.5
510,Mason Jones,SAC,26,-0.9,0.1,0.193,1,12.2,4.3,0.197084142,4041228.5
511,Alondes Williams,DET,26,-0.6,0.1,0.286,6,1.22,6,0.196494711,4041228.5
512,Taylor Hendricks,UTA,21,-2,0.7,0.113,-22,3.66,12.66666667,0.195298374,6127080
513,Justin Minaya,POR,26,-1.3,-0.1,0.107,-12,23.17,1.947368421,0.194158251,4041228.5
514,Bryce McGowens,NOP,22,-0.4,1.2,0.244,-4,15.85,1.153846154,0.193272489,4041228.5
515,E.J. Liddell,BKN,24,-0.1,0.1,0.13,-8,14.63,2.75,0.191705624,4041228.5
516,Phillip Wheeler,PHI,23,-0.2,0,0.221,13,6.1,4,0.191679409,4041228.5
517,Malachi Flynn,CHA,27,-1,0.8,0.196,1,4.88,7.25,0.189373454,4041228.5
518,Taze Moore,POR,27,-1.4,0,0.224,-7,2.44,7.5,0.189340377,4041228.5
519,Jamaree Bouyea,PHX,26,-1.1,-0.3,0.163,2,6.1,6,0.185387095,4041228.5
520,Vlatko Čančar,DEN,28,-2.1,-0.3,0.109,-18,15.85,4.538461538,0.181379805,4041228.5
521,Anton Watson,NYK,24,-0.3,0.3,0.193,-9,10.98,1.333333333,0.178056522,4041228.5
522,Josh Richardson,MIA,31,-2.2,0.5,0.134,-31,9.76,7.125,0.177449719,4041228.5
523,Adama Sanogo,CHI,23,0.3,0,0.145,-5,4.88,3.5,0.175833291,4041228.5
524,Luke Travers,CLE,23,-1.6,-0.1,0.132,-1,14.63,2.833333333,0.175630972,4041228.5
525,James Johnson,IND,38,-1.1,0.1,0.165,-9,14.63,1.333333333,0.175517625,4041228.5
526,Trentyn Flowers,CHI,20,-0.4,0,0.194,-6,7.32,2.333333333,0.175215721,4041228.5
527,Liam Robbins,MIL,25,-1.3,-0.3,0.128,-5,15.85,1.615384615,0.175164552,4041228.5
528,Jalen Bridges,PHX,24,-0.5,0,0.197,7,9.76,1.125,0.174211456,4041228.5
529,Armel Traore,LAL,22,-1.2,0.4,0.153,-49,10.98,3.666666667,0.172793715,4041228.5
530,Harrison Ingram,SAS,22,0.6,-0.2,0.06,30,6.1,3.6,0.171904,4041228.5
531,Miles Norris,BOS,25,-1,0.1,0.127,-14,3.66,6.333333333,0.171027037,4041228.5
532,Bobi Klintman,DET,22,-1,0.3,0.121,0,9.76,3.875,0.170618097,1955377
533,Emanuel Miller,CHI,25,-0.5,0.3,0.143,-8,7.32,3.5,0.170418517,4041228.5
534,Tristen Newton,MIN,24,-0.5,0.1,0.185,-5,9.76,1,0.169724397,4041228.5
535,Daishen Nix,MIN,23,0.6,-0.2,0.176,9,3.66,1.333333333,0.168644479,4041228.5
536,Jack McVeigh,HOU,29,-1.6,-0.2,0.176,-10,10.98,2.222222222,0.168496706,4041228.5
537,Ulrich Chomche,TOR,19,0.2,0.5,0.108,-24,8.54,2,0.163663988,4041228.5
538,Jae Crowder,SAC,34,-2.5,0.5,0.113,-18,10.98,5.333333333,0.161700679,4041228.5
539,Braxton Key,GSW,28,-0.8,0,0.222,-8,3.66,2,0.161651507,4041228.5
540,Jahmir Young,MIA,24,-0.2,0.5,0.092,-7,7.32,3.166666667,0.161065926,4041228.5
541,PJ Dozier,MIN,28,-0.7,0,0.082,-4,10.98,1.888888889,0.159106259,4041228.5
542,Yuri Collins,GSW,24,-0.4,0.1,0.068,-5,2.44,5.5,0.158698586,4041228.5
543,Quincy Olivari,LAL,24,-0.6,0.3,0.231,-18,2.44,1.5,0.15577147,4041228.5
544,Skal Labissiere,SAC,29,-0.6,0.2,0.129,-1,4.88,2.25,0.151495742,4041228.5
545,D.J. Carton,TOR,24,-0.5,0.1,0.122,12,4.88,2,0.151187712,4041228.5
546,Kevin McCullar Jr.,NYK,24,-1.7,0.6,0.118,-2,4.88,4.5,0.14831324,4041228.5
547,P.J. Tucker,NYK,40,-1.4,0.7,0.059,-22,3.66,6,0.146220812,4041228.5
548,Isaiah Stevens,MIA,24,-0.5,-0.1,0.143,4,3.66,1,0.14535917,4041228.5
549,Zyon Pullin,MEM,24,-0.3,0.1,0.167,1,3.66,0,0.143593407,4041228.5
550,Terry Taylor,SAC,25,-0.3,-0.4,0.067,9,3.66,1,0.136493135,3218760
551,Malevy Leons,GSW,25,-1.1,0.3,0.102,-18,7.32,0.833333333,0.136091129,3218760
552,Terence Davis,SAC,28,-0.6,0.1,0.111,-3,1.22,2,0.135886459,3218760
553,Riley Minix,SAS,24,-0.1,0,0.063,0,1.22,2,0.13431608,3218760
554,Mac McClung,IND,26,-0.7,0.4,0.087,-2,2.44,2,0.131753757,3218760
555,Hugo González,BOS,,2.5,-2,,,,,0.124468515,2783880
556,Jesse Edwards,MIN,25,-0.4,0.2,0,-10,2.44,0.5,0.110148043,3218760
557,Jimmy Butler,GSW,,2.1,-0.7,,,,,0.10961708,54126450
558,Jalen McDaniels,WAS,27,-1.5,0.4,0,-1,4.88,0.5,0.102727935,3218760
559,Moussa Diabate,CHA,,1.6,-0.5,,,,,0.101802459,2270735
560,Kon Knueppel,CHA,,2,0.3,,,,,0.100812272,10015680
561,Dylan Harper,SAS,,0.5,-1.5,,,,,0.095473117,12370320
562,Saddiq Bey,NOP,,2.1,1.2,,,,,0.095284185,6118644
563,VJ Edgecombe,PHI,,0.8,-0.6,,,,,0.092467389,11108880
564,Joan Beringer,MIN,,0.8,-0.5,,,,,0.091713026,4201080
565,David Jones Garcia,SAS,,0.7,-0.3,,,,,0.088943121,3218760
566,Kam Jones,IND,,0.3,0,,,,,0.081635315,1272870
567,Sion James,CHA,,-0.2,-0.6,,,,,0.079855597,2296274
568,Liam McNeeley,CHA,,-0.1,-0.4,,,,,0.07960805,2763960
569,Asa Newell,ATL,,0.1,0,,,,,0.079112957,3237480
570,Cui Yongxi,BKN,,0,0,,,,,0.077851778,3218760
571,Dylan Cardwell,SAC,,-0.3,-0.5,,,,,0.077840055,3218760
571,Myron Gardner,MIA,,-0.3,-0.5,,,,,0.077840055,3218760
573,Ryan Nembhard,DAL,,0.2,0.4,,,,,0.077356684,3218760
574,Yanic Konan Niederhäuser,LAC,,0,0.1,,,,,0.077097415,2743800
574,Mark Sears,MIL,,0,0.1,,,,,0.077097415,3218760
576,Cody Zeller,ATL,,-0.3,-0.2,,,,,0.075576966,3218760
577,Pacome Dadiet,NYK,,0,0.4,,,,,0.074834326,2847600
578,Egor Dëmin,BKN,,-0.8,-0.9,,,,,0.074551611,6889200
579,Kasparas Jakučionis,MIA,,0.1,0.7,,,,,0.073832416,3658800
580,Chaz Lanier,DET,,-0.2,0.2,,,,,0.073820694,1272870
581,Curtis Jones,DEN,,-0.4,-0.1,,,,,0.073561424,3218760
582,Vladislav Goldin,MIA,,-0.3,0.1,,,,,0.073313877,3218760
583,Chris Mañon,LAL,,-0.4,0,,,,,0.072807061,3218760
583,LJ Cryer,GSW,,-0.4,0,,,,,0.072807061,3218760
585,Seth Lundy,ATL,,-0.3,0.2,,,,,0.072559515,3218760
586,Isaiah Livers,PHX,,-0.2,0.4,,,,,0.072311968,3218760
586,Adou Thiero,LAL,,-0.2,0.4,,,,,0.072311968,1272870
588,Kobe Sanders,LAC,,-0.3,0.3,,,,,0.071805152,3218760
589,Ethan Thompson,IND,,-0.4,0.2,,,,,0.071298335,3218760
589,Noah Penda,ORL,,-0.4,0.2,,,,,0.071298335,1272870
591,DaRon Holmes II,DEN,,-0.3,0.4,,,,,0.071050789,3218760
591,Javon Small,MEM,,-0.3,0.4,,,,,0.071050789,3218760
593,Collin Murray-Boyles,TOR,,-1.1,-0.9,,,,,0.070768074,6332520
594,Walter Clayton Jr.,UTA,,0.3,1.5,,,,,0.070319871,3991320
595,Koby Brea,PHX,,-0.6,0.2,,,,,0.068775977,3218760
596,Chris Youngblood,OKC,,-0.8,-0.1,,,,,0.068516708,3218760
596,Moussa Cisse,DAL,,-0.8,-0.1,,,,,0.068516708,3218760
598,Jase Richardson,ORL,,-0.5,0.5,,,,,0.067774067,2983320
599,Hunter Dickinson,NOP,,-0.7,0.2,,,,,0.067514798,3218760
600,Sharife Cooper,WAS,,-0.8,0.1,,,,,0.067007982,3240180
601,Jamir Watkins,WAS,,-1.2,-0.5,,,,,0.066489443,3240180
602,Jahmyl Telfort,LAC,,-1,-0.1,,,,,0.065994349,3240180
603,Will Richard,GSW,,-1.3,-0.6,,,,,0.065982627,1272870
604,Tre Johnson,WAS,,-0.5,0.8,,,,,0.065510979,8237640
605,Nique Clifford,SAC,,-0.8,0.3,,,,,0.065499256,3108120
605,Alijah Martin,TOR,,-0.8,0.3,,,,,0.065499256,3240180
607,Thanasis Antetokounmpo,MIL,,-1.1,-0.2,,,,,0.065487533,2874436
608,Micah Peavy,NOP,,-1,0,,,,,0.065239986,1272870
609,Cedric Coward,MEM,,-1.7,-1.1,,,,,0.064709725,5715120
610,Khaman Maluach,PHX,,-1,0.1,,,,,0.064485623,6016080
611,Noa Essengue,CHI,,-0.9,0.3,,,,,0.064238077,5429520
612,Chucky Hepburn,TOR,,-1,0.2,,,,,0.063731261,3240180
612,Hunter Sallis,PHI,,-1,0.2,,,,,0.063731261,3240180
614,Rasheer Fleming,PHX,,-1.2,-0.1,,,,,0.063471991,1272870
615,Brandon Boston Jr.,NOP,,-0.7,0.8,,,,,0.06298862,3240180
616,Caleb Love,POR,,-1,0.3,,,,,0.062976898,3240180
617,Johni Broome,PHI,,-1.1,0.2,,,,,0.062470081,1272870
618,Christian Wood,LAL,,-1.4,-0.3,,,,,0.062458359,3240180
619,Lachlan Olbrich,CHI,,-1.3,-0.1,,,,,0.062210812,3240180
620,Jahmai Mashack,MEM,,-1.2,0.1,,,,,0.061963265,3240180
621,Taelon Peter,IND,,-1.4,-0.2,,,,,0.061703996,3240180
622,Miles Kelly,DAL,,-1.3,0,,,,,0.061456449,3240180
623,Alexandre Sarr,WAS,,-1.2,0.2,,,,,0.061208902,3240180
624,Ben Saraf,BKN,,-1.1,0.5,,,,,0.060206993,2884560
625,Nolan Traore,BKN,,-1,0.8,,,,,0.059205083,3811560
626,Mohamed Diawara,NYK,,-1.2,0.6,,,,,0.058191451,1272870
627,Vasilije Micić,PHX,,-1.7,-0.2,,,,,0.057920458,3240180
627,Carter Bryant,SAS,,-1.7,-0.2,,,,,0.057920458,4900320
629,Derik Queen,NOP,,-0.3,2.2,,,,,0.057472256,5157960
630,Yang Hansen,POR,,-1.7,0,,,,,0.056411732,4422360
631,Monté Morris,IND,,-2.2,-0.5,,,,,0.053877651,3240180
632,Javonte Cooke,POR,,-2.1,-0.1,,,,,0.052121379,3240180
633,Ryan Kalkbrenner,CHA,,-2.2,-0.1,,,,,0.0508602,2296274
634,Ace Bailey,UTA,,-0.9,2.1,,,,,0.050659544,9069840
635,Tyrese Proctor,CLE,,-1.7,0.8,,,,,0.050376829,1272870
636,Amari Williams,BOS,,-2.1,0.2,,,,,0.04985829,3240180
637,Cooper Flagg,DAL,,-2.5,0,,,,,0.046322299,13825920
638,Danny Wolf,BKN,,-2.9,-0.5,,,,,0.045049397,2801280
639,Bojan Bogdanović,BKN,,-2,1.4,,,,,0.042067114,3240180
640,Brooks Barnhizer,OKC,,-2.8,0.5,,,,,0.038766947,3240180
641,Nigel Hayes-Davis,PHX,,-2.9,0.5,,,,,0.037505768,2048494
642,Drake Powell,BKN,,-2.8,0.8,,,,,0.036503858,3372240
643,Maxime Raynaud,SAC,,-2.4,1.5,,,,,0.036268034,1272870
644,Jeremiah Fears,NOP,,-2.2,2.5,,,,,0.031246763,7520040
645,Will Riley,WAS,,-3.5,1,,,,,0.026166879,3512520
646,Carlton Carrington,WAS,,-2.7,2.5,,,,,0.024940868,3240180
