player_name,team,age,PW,final_commercial_score,athletic_score,attendance_rate,salary
Nikola Jokić,DEN,30.0,0.68595273,1.0,0.888970712,85.37,55224526.0
Giannis Antetokounmpo,MIL,30.0,0.68595273,1.0,0.827412642,81.71,54126450.0
Jayson Tatum,BOS,27.0,0.748344487,0.003420272,0.759892597,87.8,54126450.0
Karl-Anthony Towns,NYK,29.0,0.707097586,0.572041005,0.744902717,87.8,53142264.0
Anthony Edwards,MIN,23.0,0.828917512,0.726600581,0.744563637,96.34,45550512.0
James Harden,LAC,35.0,0.571223619,0.383599292,0.733056379,96.34,39182693.0
Cade Cunningham,DET,23.0,0.828917512,0.948196073,0.732094395,85.37,46394100.0
Alperen Sengun,HOU,22.0,0.849107881,0.314181722,0.727603547,92.68,33944954.0
Donovan Mitchell,CLE,28.0,0.727866765,0.671018596,0.72218291,86.59,46394100.0
Stephen Curry,GSW,37.0,0.518940084,0.869595283,0.721154649,85.37,59606817.0
Luka Dončić,LAL,26.0,0.768611258,0.941874688,0.706813002,60.98,45999660.0
Trae Young,WAS,26.0,0.768611258,0.04691431,0.705535255,92.68,43031940.0
Ivica Zubac,LAC,28.0,0.727866765,0.01916986,0.700584913,97.56,18102000.0
Devin Booker,PHX,28.0,0.727866765,0.39922425,0.69944841,91.46,53142264.0
Tyrese Haliburton,IND,25.0,0.788744956,0.00035658,0.695015683,89.02,45550512.0
Pascal Siakam,IND,31.0,0.664343084,0.33604331,0.693443846,95.12,45550512.0
Tyler Herro,MIA,25.0,0.788744956,0.075748167,0.688425555,93.9,31000000.0
Franz Wagner,ORL,23.0,0.828917512,0.115949398,0.680032303,73.17,38661750.0
Jarrett Allen,CLE,27.0,0.748344487,0.028286003,0.679469729,100.0,20000000.0
LeBron James,LAL,40.0,0.429695951,0.595119554,0.678620603,85.37,52627153.0
Jalen Brunson,NYK,28.0,0.727866765,0.899075672,0.677001043,79.27,34944001.0
Evan Mobley,CLE,24.0,0.808821839,0.071821941,0.675973387,86.59,46394100.0
Domantas Sabonis,SAC,29.0,0.707097586,0.004612379,0.675624122,85.37,42336000.0
Bam Adebayo,MIA,27.0,0.748344487,0.15129064,0.668935414,95.12,37096620.0
Kevin Durant,HOU,36.0,0.545677923,0.631846819,0.667187452,75.61,54708609.0
Derrick White,BOS,30.0,0.68595273,0.159558367,0.66433755,92.68,26350000.0
Jamal Murray,DEN,28.0,0.727866765,0.441127738,0.66368261,81.71,46394100.0
Jalen Green,PHX,23.0,0.828917512,0.001604334,0.662853502,100.0,33333333.0
Darius Garland,CLE,25.0,0.788744956,0.056523548,0.661669341,91.46,39446090.0
Jalen Williams,OKC,24.0,0.808821839,0.228276109,0.660644209,84.15,6580997.0
Victor Wembanyama,SAS,21.0,0.869470112,0.726600581,0.656943666,56.1,13376880.0
Austin Reaves,LAL,27.0,0.748344487,0.326979463,0.654616162,89.02,13937574.0
DeMar DeRozan,SAC,35.0,0.571223619,0.07461802,0.654448462,93.9,24750000.0
Jaren Jackson Jr.,MEM,25.0,0.788744956,0.0,0.651661203,90.24,35000000.0
Jaylen Brown,BOS,28.0,0.727866765,0.875478066,0.649895643,76.83,53142264.0
Anthony Davis,DAL,32.0,0.642173322,0.252238531,0.645305742,62.2,54126450.0
Michael Porter Jr.,BKN,27.0,0.748344487,0.462397958,0.642975924,93.9,38333050.0
Josh Hart,NYK,30.0,0.68595273,0.197399635,0.639262524,93.9,19472240.0
Deni Avdija,POR,24.0,0.808821839,0.644586155,0.638540056,87.8,14375000.0
Naz Reid,MIN,25.0,0.788744956,0.022496717,0.637733608,97.56,21551724.0
Payton Pritchard,BOS,27.0,0.748344487,0.08652796,0.636977711,97.56,7232143.0
Mikal Bridges,NYK,28.0,0.727866765,0.21379875,0.636933134,100.0,24900000.0
De'Aaron Fox,SAS,27.0,0.748344487,0.237575114,0.636017828,75.61,37096620.0
Nikola Vučević,CHI,34.0,0.595731822,0.0,0.634068976,89.02,21481481.0
Christian Braun,DEN,24.0,0.808821839,0.01916986,0.633778473,96.34,4921797.0
Desmond Bane,ORL,27.0,0.748344487,0.039988057,0.632519218,84.15,36725670.0
Damian Lillard,POR,34.0,0.595731822,0.001851715,0.632027908,70.73,48787676.0
Julius Randle,MIN,30.0,0.68595273,0.228276109,0.631098646,84.15,30864198.0
OG Anunoby,NYK,27.0,0.748344487,0.302125322,0.630908065,90.24,39568966.0
Dyson Daniels,ATL,22.0,0.849107881,0.00525848,0.626532659,92.68,7707709.0
Coby White,CHI,25.0,0.788744956,0.03594789,0.626526745,90.24,12888889.0
Scottie Barnes,TOR,23.0,0.828917512,0.363957697,0.624576649,79.27,38661750.0
Amen Thompson,HOU,22.0,0.849107881,0.169200648,0.624454267,84.15,9690600.0
Zach LaVine,SAC,30.0,0.68595273,0.031603608,0.624360817,90.24,45999660.0
Tyrese Maxey,PHI,24.0,0.808821839,0.923309293,0.62221516,63.41,37958760.0
Kyrie Irving,DAL,33.0,0.619340398,0.033556649,0.61666597,60.98,36566002.0
Jalen Duren,DET,21.0,0.869470112,0.132446839,0.614764288,95.12,6483144.0
Rudy Gobert,MIN,33.0,0.619340398,0.098688801,0.613982976,87.8,35000000.0
Norman Powell,MIA,32.0,0.642173322,0.286472403,0.613402471,73.17,20482758.0
LaMelo Ball,CHA,23.0,0.828917512,0.257557099,0.613023367,57.32,37958760.0
Myles Turner,MIL,29.0,0.707097586,0.000657289,0.609946982,87.8,25318251.0
Aaron Wiggins,OKC,26.0,0.768611258,0.000897996,0.609519129,92.68,9672897.0
Malik Beasley,DET,28.0,0.727866765,0.0,0.6088699,100.0,6000000.0
Jaden McDaniels,MIN,24.0,0.808821839,0.130519774,0.60566122,100.0,24393103.0
Josh Giddey,CHI,22.0,0.849107881,0.168277772,0.605252769,85.37,25000000.0
Ja Morant,MEM,25.0,0.788744956,0.135837391,0.593387423,60.98,39446090.0
RJ Barrett,TOR,25.0,0.788744956,0.016598701,0.591605128,70.73,25796429.0
Ty Jerome,CLE,27.0,0.748344487,0.0,0.587559317,85.37,2560975.0
Stephon Castle,SAS,20.0,0.890083625,0.290069115,0.586807507,98.78,9560520.0
Miles Bridges,CHA,27.0,0.748344487,0.011123349,0.586344935,78.05,25000000.0
Tobias Harris,DET,32.0,0.642173322,0.00459806,0.582945596,89.02,26634146.0
Shaedon Sharpe,POR,22.0,0.849107881,0.118118438,0.582581906,87.8,8399983.0
Paolo Banchero,ORL,22.0,0.849107881,0.128969555,0.582297898,56.1,15334769.0
Brook Lopez,LAC,37.0,0.518940084,0.00016573,0.582092599,97.56,8750000.0
Malik Monk,SAC,27.0,0.748344487,0.000626536,0.581576071,79.27,18797619.0
Isaiah Hartenstein,OKC,27.0,0.748344487,0.057553832,0.576104915,69.51,28500000.0
Jonas Valančiūnas,DEN,33.0,0.619340398,0.000879352,0.573952001,98.78,10395000.0
Harrison Barnes,SAS,33.0,0.619340398,0.014485299,0.572467278,100.0,19000000.0
Onyeka Okongwu,ATL,24.0,0.808821839,0.004241966,0.571516921,90.24,15000000.0
Julian Champagnie,SAS,24.0,0.808821839,0.000774978,0.570971006,100.0,3000000.0
Fred VanVleet,HOU,31.0,0.664343084,0.000217569,0.567007473,73.17,25000000.0
Nickeil Alexander-Walker,ATL,26.0,0.768611258,0.101506157,0.566141754,100.0,15161800.0
Jaylen Wells,MEM,21.0,0.869470112,0.00541881,0.565933346,96.34,1955377.0
Anfernee Simons,BOS,26.0,0.768611258,0.023473412,0.565253535,85.37,27678571.0
Zach Edey,MEM,23.0,0.828917512,0.007626321,0.564740509,80.49,6045000.0
Keegan Murray,SAC,24.0,0.808821839,0.001928981,0.563988341,92.68,11144093.0
Obi Toppin,IND,27.0,0.748344487,2.41e-05,0.563930593,96.34,14000000.0
Toumani Camara,POR,25.0,0.788744956,0.02295118,0.563013865,95.12,2221677.0
Kawhi Leonard,LAC,34.0,0.595731822,0.459095696,0.561291386,45.12,50000000.0
Chris Paul,LAC,40.0,0.429695951,0.001018021,0.560100259,100.0,3634153.0
Cameron Johnson,DEN,29.0,0.707097586,0.006760436,0.557409592,69.51,20543478.0
Isaiah Joe,OKC,25.0,0.788744956,0.000362556,0.556664313,90.24,2164993.0
De'Andre Hunter,CLE,27.0,0.748344487,0.000306527,0.555577948,78.05,21696429.0
Scotty Pippen Jr.,MEM,24.0,0.808821839,0.0,0.555458382,96.34,2270735.0
Brandin Podziemski,GSW,22.0,0.849107881,0.001418133,0.555124908,78.05,3687960.0
Bennedict Mathurin,IND,23.0,0.828917512,0.015322311,0.55456723,87.8,9187573.0
T.J. McConnell,IND,33.0,0.619340398,0.003070517,0.554535318,96.34,10200000.0
CJ McCollum,ATL,33.0,0.619340398,0.017047303,0.551935088,68.29,33333333.0
Draymond Green,GSW,35.0,0.571223619,0.118118438,0.548789956,82.93,25892857.0
Dillon Brooks,PHX,29.0,0.707097586,0.237575114,0.547525076,91.46,21124110.0
Russell Westbrook,SAC,36.0,0.545677923,0.092950105,0.547500167,91.46,3634153.0
Buddy Hield,GSW,32.0,0.642173322,0.006897646,0.546698308,100.0,9219512.0
Dennis Schröder,SAC,31.0,0.664343084,0.003079296,0.545735592,91.46,13025250.0
Naji Marshall,DAL,27.0,0.748344487,0.00289768,0.54521035,84.15,9000000.0
Jordan Poole,NOP,26.0,0.768611258,0.025876962,0.544847034,82.93,31848215.0
Keldon Johnson,SAS,25.0,0.788744956,0.006114004,0.542684627,93.9,17500000.0
Quentin Grimes,PHI,25.0,0.788744956,0.004129443,0.542210694,91.46,8741209.0
Luguentz Dort,OKC,26.0,0.768611258,0.064881999,0.541305785,86.59,17722222.0
Santi Aldama,MEM,24.0,0.808821839,0.013640736,0.540354264,79.27,18485916.0
Jakob Poeltl,TOR,29.0,0.707097586,0.000537925,0.540003347,69.51,19500000.0
Zion Williamson,NOP,24.0,0.808821839,0.082453972,0.539723398,36.59,39446090.0
Collin Sexton,CHA,26.0,0.768611258,0.0,0.539440964,76.83,18975000.0
Kevin Porter Jr.,MIL,25.0,0.788744956,0.010830223,0.538103464,91.46,5134000.0
Luke Kornet,SAS,29.0,0.707097586,0.002782506,0.536857046,89.02,11000000.0
Spencer Dinwiddie,DAL,32.0,0.642173322,0.0,0.53584733,96.34,3000000.0
Tyus Jones,ORL,29.0,0.707097586,0.0,0.534647144,98.78,7000000.0
Georges Niang,UTA,32.0,0.642173322,6.83e-05,0.533945168,96.34,8500000.0
Goga Bitadze,ORL,25.0,0.788744956,0.0,0.533786218,85.37,8333333.0
Derrick Jones Jr.,LAC,28.0,0.727866765,0.0,0.53355501,93.9,10000000.0
Devin Vassell,SAS,24.0,0.808821839,0.014198141,0.532304573,78.05,27000000.0
Tari Eason,HOU,24.0,0.808821839,0.003272119,0.530771133,69.51,5675766.0
Caris LeVert,DET,30.0,0.68595273,0.0,0.529933469,78.05,14104000.0
Miles McBride,NYK,24.0,0.808821839,4.53e-05,0.529482493,78.05,4333333.0
Lauri Markkanen,UTA,28.0,0.727866765,0.247252846,0.529004812,57.32,46394100.0
Keon Ellis,SAC,25.0,0.788744956,1.11e-05,0.52892625,97.56,2120693.0
Andrew Wiggins,MIA,30.0,0.68595273,0.019478324,0.528415062,73.17,28223215.0
Guerschon Yabusele,NYK,29.0,0.707097586,4.06e-05,0.526379333,85.37,5500000.0
Duncan Robinson,DET,31.0,0.664343084,0.003329315,0.525254161,90.24,16834692.0
Zaccharie Risacher,ATL,20.0,0.890083625,0.0,0.525163355,91.46,13197720.0
Sam Hauser,BOS,27.0,0.748344487,0.0,0.524197526,86.59,10044644.0
Davion Mitchell,MIA,26.0,0.768611258,0.000389967,0.523819563,90.24,11600000.0
Ronald Holland II,DET,19.0,0.911031151,0.000117338,0.523519734,98.78,6500000.0
Scoot Henderson,POR,21.0,0.869470112,2.5e-05,0.523242788,80.49,10748040.0
Anthony Black,ORL,21.0,0.869470112,0.00525848,0.523136317,95.12,7970280.0
Jrue Holiday,POR,35.0,0.571223619,0.01916986,0.520985051,75.61,32400000.0
Tim Hardaway Jr.,DEN,33.0,0.619340398,0.0,0.519903572,93.9,3634153.0
Cason Wallace,OKC,21.0,0.869470112,0.005756003,0.519250938,82.93,5820240.0
Moses Moody,GSW,23.0,0.828917512,0.006494097,0.519119219,90.24,11574075.0
Kristaps Porziņģis,ATL,29.0,0.707097586,0.0,0.518950324,51.22,30731707.0
D'Angelo Russell,DAL,29.0,0.707097586,8.8e-05,0.518888997,70.73,5685000.0
Keyonte George,UTA,21.0,0.869470112,0.12793952,0.518412866,81.71,4278960.0
Klay Thompson,DAL,35.0,0.571223619,0.034925183,0.518109468,87.8,16666667.0
P.J. Washington,DAL,26.0,0.768611258,0.025876962,0.518075552,69.51,14152174.0
Wendell Carter Jr.,ORL,26.0,0.768611258,0.000279538,0.517942639,82.93,10850000.0
Trey Murphy III,NOP,25.0,0.788744956,0.0,0.517894633,64.63,25000000.0
Daniel Gafford,DAL,26.0,0.768611258,0.008954573,0.517697957,69.51,14386320.0
Matas Buzelis,CHI,20.0,0.890083625,0.009996202,0.517253581,97.56,5455560.0
Walker Kessler,UTA,23.0,0.828917512,0.000825603,0.517223754,70.73,4878938.0
Rui Hachimura,LAL,27.0,0.748344487,0.004086669,0.516000787,71.95,18259259.0
Mike Conley,MIN,37.0,0.518940084,0.000183278,0.515874586,86.59,10774038.0
Kevin Huerter,CHI,26.0,0.768611258,0.0,0.514811638,84.15,17991071.0
AJ Green,MIL,25.0,0.788744956,2.79e-05,0.514575145,89.02,2301587.0
Max Christie,DAL,22.0,0.849107881,0.003407234,0.514574354,95.12,7714286.0
Al Horford,GSW,39.0,0.461163605,0.009509956,0.514498972,73.17,5685000.0
Donte DiVincenzo,MIN,28.0,0.727866765,0.068888629,0.513433412,75.61,11990000.0
Kris Dunn,LAC,31.0,0.664343084,0.000316511,0.51342682,90.24,5426400.0
Jalen Johnson,ATL,23.0,0.828917512,0.557026487,0.512216343,43.9,30000000.0
Jabari Smith Jr.,HOU,22.0,0.849107881,0.0,0.512054432,69.51,12350392.0
Taurean Prince,MIL,31.0,0.664343084,0.0,0.510414482,97.56,3303774.0
John Collins,LAC,27.0,0.748344487,0.000414459,0.509721065,48.78,26580000.0
Aaron Gordon,DEN,29.0,0.707097586,0.130519774,0.509671667,62.2,22841455.0
Jalen Smith,CHI,25.0,0.788744956,0.0,0.509277481,78.05,9000000.0
Royce O'Neale,PHX,32.0,0.642173322,0.001333068,0.508773657,91.46,10125000.0
Keon Johnson,BKN,23.0,0.828917512,0.0,0.508650991,96.34,2165000.0
Kevon Looney,NOP,29.0,0.707097586,0.000825603,0.508069189,92.68,8000000.0
Brandon Clarke,MEM,28.0,0.727866765,0.0,0.507328582,78.05,12500000.0
Dorian Finney-Smith,HOU,32.0,0.642173322,0.0,0.506991963,76.83,12700000.0
Andrew Nembhard,IND,25.0,0.788744956,0.044481723,0.505905548,79.27,18102000.0
Kenrich Williams,OKC,30.0,0.68595273,0.0,0.505500533,84.15,7163000.0
Sam Merrill,CLE,29.0,0.707097586,0.000507707,0.503967145,86.59,8482144.0
Donovan Clingan,POR,21.0,0.869470112,0.016333994,0.503427624,81.71,7178400.0
Jalen Wilson,BKN,24.0,0.808821839,0.0,0.503010812,96.34,2221677.0
Kyle Filipowski,UTA,21.0,0.869470112,6.39e-05,0.501964506,87.8,9219512.0
Gary Trent Jr.,MIL,26.0,0.768611258,0.0,0.500194707,90.24,3697105.0
Bobby Portis,MIL,30.0,0.68595273,0.001357653,0.499801134,59.76,13445754.0
Ausar Thompson,DET,22.0,0.849107881,0.011733516,0.499283163,71.95,8775000.0
Dalton Knecht,LAL,24.0,0.808821839,7.86e-06,0.498595018,95.12,4010160.0
Kelly Oubre Jr.,PHI,29.0,0.707097586,8.61e-05,0.49797033,73.17,8382150.0
Jaime Jaquez Jr.,MIA,24.0,0.808821839,0.008982806,0.496511494,80.49,3861600.0
Mason Plumlee,CHA,35.0,0.571223619,0.0,0.496334762,90.24,3634153.0
Jamal Shead,TOR,22.0,0.849107881,0.000522615,0.495279,91.46,1955377.0
Chet Holmgren,OKC,23.0,0.828917512,0.290069115,0.495176964,39.02,13731368.0
Cameron Payne,NYK,30.0,0.68595273,0.0,0.495167106,87.8,3000000.0
Isaiah Stewart,DET,24.0,0.808821839,0.00525848,0.495053457,87.8,15000000.0
Joel Embiid,PHI,31.0,0.664343084,0.271630329,0.494163693,23.17,55224526.0
Kel'el Ware,MIA,21.0,0.869470112,0.003154499,0.491557445,78.05,4443360.0
Cole Anthony,MIL,25.0,0.788744956,0.0,0.490045797,81.71,2667947.0
Kentavious Caldwell-Pope,MEM,32.0,0.642173322,0.000114257,0.489026849,93.9,21621500.0
Yves Missi,NOP,21.0,0.869470112,0.0,0.488461259,89.02,3353040.0
Luke Kennard,ATL,29.0,0.707097586,0.0,0.487544821,79.27,11000000.0
Mark Williams,PHX,23.0,0.828917512,0.017695353,0.484903499,53.66,6276531.0
Paul George,PHI,35.0,0.571223619,0.075748167,0.484261329,50.0,51666090.0
Haywood Highsmith,MIA,28.0,0.727866765,0.0,0.483968435,90.24,2500000.0
Julian Phillips,CHI,21.0,0.869470112,0.0,0.482104397,96.34,2221677.0
Grayson Allen,PHX,29.0,0.707097586,0.032892599,0.481887939,78.05,16875000.0
Nicolas Batum,LAC,36.0,0.545677923,4.41e-05,0.48182762,95.12,5601600.0
Jake LaRavia,LAL,23.0,0.828917512,0.001418133,0.481115085,80.49,6000000.0
Ryan Dunn,PHX,22.0,0.849107881,0.00022287,0.480216973,90.24,2657760.0
Jonathan Kuminga,GSW,22.0,0.849107881,0.001477739,0.480153481,57.32,22500000.0
Peyton Watson,DEN,22.0,0.849107881,0.02076692,0.47673118,82.93,4356476.0
Ricky Council IV,PHI,23.0,0.828917512,0.0,0.476198729,89.02,1862250.0
Kyle Kuzma,MIL,29.0,0.707097586,0.006176113,0.476045023,79.27,22077272.0
Nic Claxton,BKN,26.0,0.768611258,0.006176113,0.475018979,85.37,25000000.0
Jonathan Isaac,ORL,27.0,0.748344487,0.0,0.473690659,86.59,15000000.0
Simone Fontecchio,MIA,29.0,0.707097586,9.29e-06,0.471454216,91.46,8307692.0
Brice Sensabaugh,UTA,21.0,0.869470112,2.5e-05,0.470515809,86.59,2693760.0
Alex Caruso,OKC,31.0,0.664343084,0.012590513,0.4703902,65.85,18102000.0
Tristan da Silva,ORL,24.0,0.808821839,0.000451888,0.468889164,90.24,3809520.0
Steven Adams,HOU,31.0,0.664343084,0.015693006,0.46848981,70.73,14130435.0
Trey Lyles,SAC,29.0,0.707097586,0.0,0.46800139,84.15,7096231.0
Bogdan Bogdanović,LAC,32.0,0.642173322,0.002270818,0.467941413,65.85,16020000.0
Dalano Banton,POR,25.0,0.788744956,0.0,0.467093239,81.71,7096231.0
Gabe Vincent,LAL,29.0,0.707097586,0.0,0.465679746,87.8,11500000.0
Bradley Beal,LAC,32.0,0.642173322,0.000108009,0.462099828,64.63,5354000.0
Ochai Agbaji,TOR,25.0,0.788744956,0.0,0.462032151,78.05,6383525.0
Dean Wade,CLE,28.0,0.727866765,0.0,0.461115963,71.95,6623456.0
Brandon Miller,CHA,22.0,0.849107881,0.00851513,0.460826798,32.93,11968800.0
Cam Thomas,BKN,23.0,0.828917512,0.006343799,0.460260324,30.49,7096231.0
Clint Capela,HOU,31.0,0.664343084,0.0,0.460205913,67.07,6700000.0
Justin Champagnie,WAS,24.0,0.808821839,0.0,0.459844375,75.61,2349578.0
Kyshawn George,WAS,21.0,0.869470112,0.000426127,0.459596104,82.93,2966760.0
Immanuel Quickley,TOR,26.0,0.768611258,0.012711833,0.4591579,40.24,32500000.0
Jalen Suggs,ORL,24.0,0.808821839,0.002280181,0.459057433,42.68,35000000.0
Jeremy Sochan,SAS,22.0,0.849107881,1.96e-05,0.458721026,65.85,7096231.0
Dejounte Murray,NOP,28.0,0.727866765,0.0,0.457647043,37.8,26783568.0
Amir Coffey,MIL,28.0,0.727866765,0.0,0.457520274,87.8,2874436.0
Gradey Dick,TOR,21.0,0.869470112,0.000426127,0.456479864,65.85,4990560.0
Terry Rozier,MIA,31.0,0.664343084,0.0,0.456478523,78.05,26643031.0
Terance Mann,BKN,28.0,0.727866765,0.000155922,0.456108814,81.71,15500000.0
Chris Boucher,BOS,32.0,0.642173322,0.0,0.454947748,60.98,3287409.0
Jose Alvarado,NOP,27.0,0.748344487,0.000433189,0.454363644,68.29,4500000.0
Neemias Queta,BOS,25.0,0.788744956,0.055038885,0.454322608,75.61,2349578.0
Bilal Coulibaly,WAS,20.0,0.890083625,0.000603402,0.452305805,71.95,7275600.0
Sandro Mamukelashvili,TOR,26.0,0.768611258,0.000166921,0.452039739,74.39,2461463.0
Isaiah Collier,UTA,20.0,0.890083625,0.0,0.451271551,86.59,2638200.0
Day'Ron Sharpe,BKN,23.0,0.828917512,0.0,0.451037865,60.98,6250000.0
Jusuf Nurkić,UTA,30.0,0.68595273,0.000187888,0.450451882,62.2,19375000.0
Zach Collins,CHI,27.0,0.748344487,0.0,0.449734426,78.05,18080496.0
Aaron Nesmith,IND,25.0,0.788744956,0.003070517,0.447812729,54.88,11000000.0
Dereck Lively II,DAL,21.0,0.869470112,0.0,0.447409999,43.9,5253360.0
Trayce Jackson-Davis,GSW,25.0,0.788744956,5.55e-05,0.446597935,75.61,2221677.0
Brandon Ingram,TOR,27.0,0.748344487,0.42693446,0.446318596,21.95,38095238.0
Thomas Bryant,CLE,27.0,0.748344487,0.0,0.445942878,80.49,3287409.0
Max Strus,CLE,29.0,0.707097586,0.0,0.444862144,60.98,15936452.0
Corey Kispert,ATL,26.0,0.768611258,0.0,0.443998042,74.39,7549713.0
Jared Butler,PHI,24.0,0.808821839,0.0,0.4434629,73.17,4221360.0
Gary Payton II,GSW,32.0,0.642173322,0.0,0.442659567,75.61,3303774.0
Jaylin Williams,OKC,23.0,0.828917512,0.001447639,0.44182012,57.32,8450704.0
Deandre Ayton,LAL,26.0,0.768611258,0.056415544,0.441665669,48.78,8104000.0
Ziaire Williams,BKN,23.0,0.828917512,0.0,0.440368905,76.83,6250000.0
Julian Strawther,DEN,23.0,0.828917512,0.0,0.43749401,79.27,2674200.0
Patrick Williams,CHI,23.0,0.828917512,0.0,0.433705314,76.83,18000000.0
Jarace Walker,IND,21.0,0.869470112,0.0,0.433175099,91.46,6665520.0
Nikola Jović,MIA,22.0,0.849107881,0.0,0.432601057,56.1,4445417.0
Josh Green,CHA,24.0,0.808821839,0.0,0.432414521,82.93,13666667.0
Nick Richards,PHX,27.0,0.748344487,0.0,0.432362079,69.51,5000000.0
Javonte Green,DET,31.0,0.664343084,0.0,0.431241392,82.93,2874436.0
Jerami Grant,POR,31.0,0.664343084,0.031603608,0.430367212,57.32,32000001.0
Dalen Terry,CHI,22.0,0.849107881,0.0,0.42929563,89.02,5399118.0
Oso Ighodaro,PHX,22.0,0.849107881,0.0,0.42908017,74.39,1955377.0
Isaac Okoro,CHI,24.0,0.808821839,0.0,0.428376699,67.07,11000000.0
Talen Horton-Tucker,CHI,24.0,0.808821839,0.0,0.428162327,70.73,3586956.5
Johnny Juzang,MIN,24.0,0.808821839,0.0,0.427714111,78.05,3586956.5
Kris Murray,POR,24.0,0.808821839,0.0,0.426317789,84.15,3132000.0
Jabari Walker,PHI,22.0,0.849107881,0.0,0.426303087,73.17,3586956.5
Seth Curry,GSW,34.0,0.595731822,0.004169974,0.424084684,82.93,2777830.0
Jeremiah Robinson-Earl,DAL,24.0,0.808821839,0.0,0.42245399,80.49,3586956.5
Jaxson Hayes,LAL,25.0,0.788744956,0.000626536,0.420961727,68.29,3449323.0
Aaron Holiday,HOU,28.0,0.727866765,1.85e-06,0.41974087,75.61,3080921.0
Cam Whitmore,WAS,20.0,0.890083625,0.0,0.419168837,62.2,3539760.0
Ryan Rollins,MIL,22.0,0.849107881,0.00169031,0.419099319,68.29,4000000.0
Khris Middleton,WAS,33.0,0.619340398,0.0,0.417948846,45.12,33296296.0
Kyle Anderson,UTA,31.0,0.664343084,7.29e-05,0.416116599,74.39,3586956.5
Jaden Ivey,DET,23.0,0.828917512,5.81e-05,0.415713119,36.59,10107163.0
Ayo Dosunmu,CHI,25.0,0.788744956,0.00035658,0.414443553,56.1,7518518.0
Ben Sheppard,IND,23.0,0.828917512,0.0,0.413854187,76.83,2790720.0
Jonathan Mogbo,TOR,23.0,0.828917512,0.0,0.413514976,76.83,1955377.0
Vít Krejčí,ATL,25.0,0.788744956,0.0,0.413482713,69.51,3586956.5
Gui Santos,GSW,23.0,0.828917512,0.000472966,0.413063651,68.29,2221677.0
Jordan Clarkson,NYK,33.0,0.619340398,0.010830223,0.41256846,45.12,3634153.0
Jay Huff,IND,27.0,0.748344487,0.000695678,0.411767952,78.05,2349578.0
Ben Simmons,LAC,28.0,0.727866765,0.0,0.411529646,62.2,3586956.5
Jaden Hardy,DAL,22.0,0.849107881,0.00012411,0.410879214,69.51,6000000.0
Marcus Sasser,DET,24.0,0.808821839,0.0,0.410058599,69.51,2886720.0
Tyrese Martin,BKN,26.0,0.768611258,0.0,0.409969405,73.17,2191897.0
Trendon Watford,PHI,24.0,0.808821839,0.0,0.409338238,53.66,2461463.0
Precious Achiuwa,SAC,25.0,0.788744956,0.002513906,0.407636134,69.51,2453285.0
Jordan Hawkins,NOP,23.0,0.828917512,0.0,0.407386741,68.29,3586956.5
Adem Bona,PHI,22.0,0.849107881,0.010544791,0.407256028,70.73,1955377.0
Andre Jackson Jr.,MIL,23.0,0.828917512,0.0,0.403220476,81.71,2221677.0
Tre Jones,CHI,25.0,0.788744956,0.000974292,0.401562275,56.1,8000000.0
Jamison Battle,TOR,24.0,0.808821839,0.0,0.400142556,71.95,1955377.0
Cody Martin,IND,29.0,0.707097586,0.0,0.39995732,64.63,3586956.5
Kelly Olynyk,SAS,34.0,0.595731822,0.0,0.397987044,53.66,13445122.0
Pelle Larsson,MIA,24.0,0.808821839,0.0,0.396928444,67.07,1955377.0
Moritz Wagner,ORL,28.0,0.727866765,0.0,0.395742284,36.59,5000000.0
Tidjane Salaün,CHA,19.0,0.911031151,0.0,0.395533662,73.17,7863240.0
Nick Smith Jr.,LAL,21.0,0.869470112,0.0,0.392700025,73.17,3586956.5
Ja'Kobe Walter,TOR,20.0,0.890083625,0.0,0.390058814,63.41,3638160.0
Alec Burks,MIA,33.0,0.619340398,0.0,0.389359517,59.76,3080921.0
Blake Wesley,POR,22.0,0.849107881,0.0,0.389252166,70.73,2378870.0
Drew Eubanks,SAC,28.0,0.727866765,0.0,0.388628872,74.39,3080921.0
Noah Clowney,BKN,20.0,0.890083625,0.001216057,0.38684529,56.1,3398640.0
Quinten Post,GSW,25.0,0.788744956,0.001252948,0.386183009,51.22,1955377.0
Jett Howard,ORL,21.0,0.869470112,0.0,0.38569517,73.17,5529720.0
Marcus Smart,LAL,31.0,0.664343084,0.000976406,0.38410209,41.46,5134000.0
Reed Sheppard,HOU,21.0,0.869470112,0.019952453,0.383509721,63.41,10603560.0
Paul Reed,DET,26.0,0.768611258,0.0,0.383123947,54.88,5335894.0
DeAndre Jordan,NOP,36.0,0.545677923,0.000212372,0.379845368,68.29,3592381.0
Shake Milton,LAL,28.0,0.727866765,0.0,0.379527844,69.51,3080921.0
Ajay Mitchell,OKC,23.0,0.828917512,0.025364679,0.377463931,43.9,3000000.0
Dwight Powell,DAL,33.0,0.619340398,0.0,0.376801244,67.07,4000000.0
Landry Shamet,NYK,28.0,0.727866765,0.0,0.375303699,60.98,3080921.0
Josh Okogie,HOU,26.0,0.768611258,0.0,0.374816441,48.78,3080921.0
Orlando Robinson,ORL,24.0,0.808821839,0.0,0.373617645,53.66,3080921.0
Caleb Houstan,ATL,22.0,0.849107881,0.0,0.37314476,70.73,3080921.0
Svi Mykhailiuk,UTA,28.0,0.727866765,1.85e-06,0.372118752,46.34,3080921.0
Lindy Waters III,SAS,27.0,0.748344487,0.0,0.371567925,63.41,2461463.0
Malcolm Brogdon,WAS,32.0,0.642173322,0.0,0.371322624,29.27,3080921.0
Lonzo Ball,CLE,27.0,0.748344487,0.000378541,0.371210595,42.68,10000000.0
Jared McCain,PHI,21.0,0.869470112,0.002159712,0.370641507,28.05,3080921.0
Jalen Pickett,DEN,25.0,0.788744956,5.78e-06,0.368425763,59.76,2221677.0
Karlo Matković,NOP,24.0,0.808821839,0.0,0.367839208,51.22,1755198.0
Garrison Mathews,IND,28.0,0.727866765,0.0,0.36768998,57.32,3080921.0
Cory Joseph,ORL,33.0,0.619340398,0.0,0.365681367,60.98,3080921.0
Jae'Sean Tate,HOU,29.0,0.707097586,0.0,0.364578945,63.41,3080921.0
Caleb Martin,DAL,29.0,0.707097586,0.0,0.362082757,54.88,8556451.0
Jaylon Tyson,CLE,22.0,0.849107881,0.000231612,0.361022202,57.32,3492480.0
Andre Drummond,PHI,31.0,0.664343084,0.000117338,0.360998374,48.78,5000000.0
Collin Gillespie,PHX,26.0,0.768611258,0.039374379,0.359738321,40.24,2378870.0
Mouhamed Gueye,ATL,22.0,0.849107881,0.0,0.358576234,40.24,2221677.0
Craig Porter Jr.,CLE,25.0,0.788744956,0.0,0.358546427,62.2,2221677.0
Jordan Walsh,BOS,21.0,0.869470112,0.000823894,0.35849553,63.41,2221677.0
Dillon Jones,OKC,23.0,0.828917512,0.0,0.356505945,65.85,3080921.0
Justin Edwards,PHI,21.0,0.869470112,0.0,0.355340567,53.66,2048494.0
Luka Garza,BOS,26.0,0.768611258,5.28e-05,0.354466658,47.56,2461463.0
Herbert Jones,NOP,26.0,0.768611258,0.000640083,0.354348536,24.39,3080921.0
Rob Dillingham,MIN,20.0,0.890083625,0.000145676,0.351085957,59.76,6576120.0
Jock Landale,MEM,29.0,0.707097586,3.4e-05,0.350094831,51.22,2461463.0
Zeke Nnaji,DEN,24.0,0.808821839,0.0,0.349864137,69.51,8177778.0
Bruce Brown,DEN,28.0,0.727866765,9.91e-05,0.349602518,50.0,3080921.0
Richaun Holmes,WAS,31.0,0.664343084,0.0,0.349001282,37.8,3080921.0
Antonio Reeves,CHA,24.0,0.808821839,0.0,0.348576953,53.66,3080921.0
KJ Martin,UTA,24.0,0.808821839,0.0,0.348072785,52.44,3080921.0
DaQuan Jeffries,CHA,27.0,0.748344487,0.0,0.347555028,57.32,3080921.0
Brandon Williams,DAL,25.0,0.788744956,0.000178759,0.347168724,40.24,2270735.0
Bol Bol,PHX,25.0,0.788744956,0.0,0.347015852,43.9,3080921.0
Jeff Dowtin Jr.,PHI,28.0,0.727866765,0.0,0.342711494,50.0,3080921.0
Jordan McLaughlin,SAS,29.0,0.707097586,0.0,0.340154097,56.1,2874436.0
Johnny Furphy,IND,20.0,0.890083625,0.000288296,0.338145672,60.98,1955377.0
Josh Minott,BOS,22.0,0.849107881,0.0,0.337673726,56.1,2378870.0
Malaki Branham,WAS,22.0,0.849107881,0.0,0.3375724,57.32,4962033.0
Jarred Vanderbilt,LAL,26.0,0.768611258,0.000131013,0.33698187,43.9,11571429.0
Tristan Vukcevic,WAS,22.0,0.849107881,0.0,0.33680286,42.68,3080921.0
Vince Williams Jr.,MEM,24.0,0.808821839,0.0,0.336530493,32.93,3080921.0
Olivier-Maxence Prosper,MEM,22.0,0.849107881,0.0,0.335191602,63.41,3080921.0
Eric Gordon,PHI,36.0,0.545677923,0.0,0.334574766,47.56,3634153.0
Gary Harris,MIL,30.0,0.68595273,0.0,0.33404869,58.54,3080921.0
Duop Reath,POR,29.0,0.707097586,0.000108009,0.332838024,56.1,2221677.0
Kai Jones,DAL,24.0,0.808821839,0.0,0.331558754,48.78,3080921.0
Jordan Goodwin,PHX,26.0,0.768611258,7.78e-05,0.331369263,35.37,2349578.0
John Konchar,MEM,29.0,0.707097586,0.0,0.331130575,56.1,6165000.0
Daniel Theis,NOP,33.0,0.619340398,0.0,0.330681968,46.34,3080921.0
Pat Connaughton,CHA,32.0,0.642173322,0.0,0.330460161,50.0,9423869.0
Tosan Evbuomwan,NYK,24.0,0.808821839,0.0,0.330233289,34.15,3080921.0
A.J. Lawson,TOR,24.0,0.808821839,0.0,0.328041054,31.71,3080921.0
Anthony Gill,WAS,32.0,0.642173322,0.0,0.327371382,62.2,2667947.0
De'Anthony Melton,GSW,27.0,0.748344487,0.000331251,0.326139298,7.32,3080921.0
Devin Carter,SAC,23.0,0.828917512,0.0,0.324992485,43.9,4923720.0
Micah Potter,IND,27.0,0.748344487,0.0,0.323417677,46.34,1527805.0
Jaylen Clark,MIN,23.0,0.828917512,0.0,0.321435589,48.78,2191897.0
Lonnie Walker IV,PHI,26.0,0.768611258,0.0,0.320217655,24.39,3080921.0
Jevon Carter,CHI,29.0,0.707097586,0.0,0.31968671,43.9,3080921.0
Jericho Sims,MIL,26.0,0.768611258,0.0,0.31826242,64.63,2461463.0
Kevin Love,UTA,36.0,0.545677923,0.00400501,0.317614025,28.05,4150000.0
Rayan Rupert,POR,21.0,0.869470112,0.0,0.317518194,63.41,2221677.0
Dominick Barlow,PHI,22.0,0.849107881,0.0,0.317136085,42.68,3080921.0
Marvin Bagley III,WAS,26.0,0.768611258,0.0,0.315490647,37.8,3080921.0
KJ Simpson,CHA,22.0,0.849107881,0.0,0.315160749,43.9,3080921.0
Grant Williams,CHA,26.0,0.768611258,0.0,0.314979369,19.51,13645500.0
Ousmane Dieng,OKC,22.0,0.849107881,0.0,0.31487551,45.12,6670882.0
Colby Jones,DET,23.0,0.828917512,0.0,0.314570546,47.56,3080921.0
Jaden Springer,UTA,22.0,0.849107881,0.0,0.314232574,52.44,3080921.0
Delon Wright,NYK,33.0,0.619340398,0.0,0.313447929,48.78,3080921.0
GG Jackson,MEM,20.0,0.890083625,0.0,0.313007722,35.37,3080921.0
Tyler Kolek,NYK,24.0,0.808821839,0.000335757,0.312655843,50.0,2191897.0
Hunter Tyson,DEN,25.0,0.788744956,0.0,0.311617841,62.2,2221677.0
Quenton Jackson,IND,26.0,0.768611258,0.0,0.309449437,34.15,3080921.0
Jordan Miller,LAC,25.0,0.788744956,0.0,0.30940621,45.12,3080921.0
Tre Mann,CHA,24.0,0.808821839,0.000172644,0.309384472,15.85,8000000.0
Oscar Tshiebwe,UTA,25.0,0.788744956,0.0,0.307797693,17.07,3080921.0
Cody Williams,UTA,20.0,0.890083625,0.0,0.307788289,60.98,5742480.0
Pat Spencer,GSW,28.0,0.727866765,0.010942805,0.3064931,47.56,3080921.0
Kessler Edwards,DAL,24.0,0.808821839,0.0,0.306181345,48.78,3080921.0
Branden Carlson,OKC,26.0,0.768611258,0.000405372,0.306145419,39.02,3080921.0
Danté Exum,DAL,29.0,0.707097586,0.0,0.305686648,24.39,3080921.0
Charles Bassey,MEM,24.0,0.808821839,0.0,0.303995564,43.9,3080921.0
Larry Nance Jr.,CLE,32.0,0.642173322,0.0,0.301582503,29.27,3634153.0
Bones Hyland,MIN,24.0,0.808821839,6.83e-05,0.30089402,29.27,3634153.0
Jamal Cain,ORL,26.0,0.768611258,0.0,0.300869737,45.12,3634153.0
Drew Timme,LAL,24.0,0.808821839,0.0,0.299799556,10.98,3634153.0
Mo Bamba,TOR,27.0,0.748344487,0.0,0.297990286,39.02,3634153.0
AJ Johnson,WAS,20.0,0.890083625,0.0,0.296474603,35.37,3090480.0
Robert Williams III,POR,27.0,0.748344487,0.0,0.296259665,24.39,13285713.0
Christian Koloko,ATL,25.0,0.788744956,0.0,0.296018548,45.12,3634153.0
Keaton Wallace,ATL,26.0,0.768611258,0.0,0.295045484,37.8,2296274.0
Cam Spencer,MEM,25.0,0.788744956,0.004899808,0.293605715,30.49,2537989.0
Doug McDermott,SAC,33.0,0.619340398,0.0,0.293196305,51.22,3634153.0
Kyle Lowry,PHI,39.0,0.461163605,0.0,0.293042621,42.68,3634153.0
Jared Rhoden,TOR,25.0,0.788744956,0.0,0.292540539,17.07,3634153.0
Alex Len,LAL,32.0,0.642173322,0.0,0.292199934,56.1,3634153.0
Isaac Jones,DET,24.0,0.808821839,0.0,0.291898506,48.78,1955377.0
Mitchell Robinson,NYK,27.0,0.748344487,5.1e-06,0.291833711,20.73,12954546.0
Maxi Kleber,LAL,33.0,0.619340398,0.0,0.291581933,41.46,11000000.0
David Roddy,HOU,24.0,0.808821839,0.0,0.290751301,40.24,3634153.0
Bismack Biyombo,SAS,32.0,0.642173322,0.0,0.289756992,34.15,3634153.0
Adam Flagler,OKC,25.0,0.788744956,0.0,0.288585062,45.12,3634153.0
MarJon Beauchamp,NYK,24.0,0.808821839,0.0,0.288040585,42.68,3634153.0
Trevelin Queen,ORL,28.0,0.727866765,0.0,0.287825568,37.8,3634153.0
Trey Jemison III,NYK,25.0,0.788744956,0.0,0.286719166,46.34,3634153.0
Tolu Smith,DET,24.0,0.808821839,0.0,0.285261573,1.22,3634153.0
Matisse Thybulle,POR,28.0,0.727866765,0.0,0.282776282,18.29,11550000.0
Baylor Scheierman,BOS,24.0,0.808821839,0.0,0.282425617,37.8,2619000.0
Terrence Shannon Jr.,MIN,24.0,0.808821839,0.0,0.280192908,39.02,2674080.0
Wendell Moore Jr.,DET,23.0,0.828917512,0.0,0.279906056,43.9,3634153.0
Tristan Thompson,CLE,34.0,0.595731822,0.0,0.279034003,48.78,3634153.0
Reggie Jackson,PHI,35.0,0.571223619,0.0,0.27751021,37.8,3634153.0
Colin Castleton,TOR,25.0,0.788744956,0.0,0.274931452,31.71,3634153.0
Jeff Green,HOU,38.0,0.490835159,0.0,0.274537275,39.02,3634153.0
Reece Beekman,BKN,23.0,0.828917512,0.0,0.27258656,43.9,3634153.0
Johnny Davis,WAS,23.0,0.828917512,0.0,0.27058096,41.46,3634153.0
Elfrid Payton,NOP,31.0,0.664343084,0.0,0.270482067,29.27,3634153.0
Cam Reddish,LAL,25.0,0.788744956,0.0,0.269546661,40.24,3634153.0
Kobe Brown,LAC,25.0,0.788744956,0.0,0.269361955,48.78,2654880.0
Taj Gibson,CHA,40.0,0.429695951,0.0,0.267785391,45.12,3634153.0
Isaiah Wong,CHA,24.0,0.808821839,0.0,0.26591684,24.39,3634153.0
Damion Lee,PHX,32.0,0.642173322,0.0,0.263457548,30.49,3634153.0
Keion Brooks Jr.,NOP,24.0,0.808821839,0.0,0.263012793,17.07,3634153.0
Lamar Stevens,MEM,27.0,0.748344487,0.0,0.261281213,20.73,3634153.0
Killian Hayes,BKN,23.0,0.828917512,0.0,0.260805966,7.32,3634153.0
Patty Mills,LAC,36.0,0.545677923,0.0,0.259722956,35.37,3634153.0
Tyler Smith,MIL,20.0,0.890083625,0.0,0.258837959,28.05,3634153.0
Marcus Bagley,PHI,23.0,0.828917512,0.0,0.256971628,12.2,3634153.0
Maxwell Lewis,BKN,22.0,0.849107881,0.0,0.255711741,34.15,3634153.0
Alex Reese,PHI,26.0,0.768611258,0.0,0.255289897,18.29,3634153.0
Torrey Craig,BOS,34.0,0.595731822,0.0,0.254518264,31.71,3634153.0
Isaiah Jackson,IND,23.0,0.828917512,0.0,0.252775388,6.1,7600000.0
Markelle Fultz,SAC,27.0,0.748344487,0.0,0.252624691,25.61,3634153.0
Drew Peterson,CHA,25.0,0.788744956,0.0,0.251749789,30.49,2135085.5
Patrick Baldwin Jr.,LAC,22.0,0.849107881,0.0,0.251559954,29.27,2135085.5
Xavier Tillman,BOS,26.0,0.768611258,0.0,0.251295553,40.24,2546675.0
Yuki Kawamura,MEM,24.0,0.808821839,0.0,0.251213368,26.83,2135085.5
Dariq Whitehead,BKN,20.0,0.890083625,0.0,0.250241348,24.39,2135085.5
Damion Baugh,CHA,24.0,0.808821839,0.0,0.24954246,18.29,2135085.5
Lester Quinones,NOP,24.0,0.808821839,0.0,0.248048226,15.85,2135085.5
Nate Williams,HOU,26.0,0.768611258,0.0,0.247767345,24.39,2135085.5
Jalen Hood-Schifino,PHI,22.0,0.849107881,0.0,0.247099504,18.29,2135085.5
Dru Smith,MIA,27.0,0.748344487,0.0,0.245551594,17.07,2378870.0
Moses Brown,DAL,25.0,0.788744956,0.0,0.242993733,15.85,2135085.5
Oshae Brissett,PHI,27.0,0.748344487,0.0,0.24140989,7.32,2135085.5
Bronny James,LAL,20.0,0.890083625,0.017001089,0.240155766,32.93,1955377.0
Cole Swider,TOR,26.0,0.768611258,0.0,0.239037611,12.2,2135085.5
Nae'Qwan Tomlin,CLE,24.0,0.808821839,0.0,0.238975567,6.1,2135085.5
Chuma Okeke,CLE,26.0,0.768611258,0.0,0.237823377,10.98,2135085.5
N'Faly Dante,ATL,23.0,0.828917512,0.0,0.237417504,4.88,2048494.0
Tony Bradley,IND,27.0,0.748344487,0.0,0.237009929,17.07,2135085.5
JT Thor,WAS,22.0,0.849107881,0.0,0.235386869,24.39,2135085.5
Kevin Knox II,GSW,25.0,0.788744956,0.0,0.23321595,17.07,2135085.5
Dario Šarić,SAC,31.0,0.664343084,0.0,0.23293374,19.51,2135085.5
Ron Harper Jr.,BOS,25.0,0.788744956,0.0,0.231618675,1.22,2135085.5
Bruno Fernando,TOR,26.0,0.768611258,0.0,0.231154816,20.73,2135085.5
Trey Alexander,NOP,22.0,0.849107881,0.000192591,0.229619482,29.27,2135085.5
Garrett Temple,TOR,39.0,0.461163605,0.0,0.228159574,34.15,3634153.0
PJ Hall,CHA,23.0,0.828917512,0.0,0.224775793,23.17,2135085.5
Elijah Harkless,UTA,25.0,0.788744956,0.0,0.22424674,12.2,2135085.5
Chris Livingston,CLE,21.0,0.869470112,0.0,0.22325182,25.61,2135085.5
Keshad Johnson,MIA,24.0,0.808821839,0.0,0.222593099,19.51,1955377.0
Daeqwon Plowden,SAC,26.0,0.768611258,2.23e-05,0.220920151,7.32,2135085.5
Enrique Freeman,IND,24.0,0.808821839,0.0,0.22056169,26.83,2135085.5
Tyson Etienne,BKN,25.0,0.788744956,0.0,0.220540117,8.54,2135085.5
Markieff Morris,LAL,35.0,0.571223619,0.0,0.220029124,18.29,2135085.5
Sidy Cissoko,POR,21.0,0.869470112,0.000742873,0.219619417,26.83,2135085.5
Josh Christopher,MIA,23.0,0.828917512,0.0,0.218297264,17.07,2135085.5
Marcus Garrett,CHA,26.0,0.768611258,0.0,0.217685251,4.88,2135085.5
Jazian Gortman,DAL,22.0,0.849107881,0.0,0.21754224,19.51,2135085.5
Jaylen Martin,WAS,21.0,0.869470112,0.0,0.217084894,19.51,2135085.5
Joe Ingles,MIN,37.0,0.518940084,0.001083645,0.216799387,23.17,3634153.0
Ariel Hukporti,NYK,23.0,0.828917512,0.0,0.216793104,30.49,1955377.0
Alex Ducas,OKC,24.0,0.808821839,0.0,0.21639326,25.61,2135085.5
Spencer Jones,DEN,24.0,0.808821839,8.8e-05,0.215456012,24.39,2135085.5
Leonard Miller,MIN,21.0,0.869470112,0.0,0.214926139,15.85,2221677.0
TyTy Washington Jr.,LAC,23.0,0.828917512,0.0,0.214802108,19.51,2135085.5
Kobe Bufkin,LAL,21.0,0.869470112,0.0,0.213764684,12.2,2135085.5
James Wiseman,IND,24.0,0.808821839,0.0,0.210752236,1.22,131970.0
Matt Ryan,NYK,28.0,0.727866765,0.0,0.21022665,23.17,2135085.5
Pete Nance,MIL,25.0,0.788744956,0.0,0.209456574,15.85,2135085.5
Chris Duarte,CHI,28.0,0.727866765,0.0,0.209069959,20.73,2135085.5
JD Davison,HOU,22.0,0.849107881,2.65e-05,0.208103821,19.51,2135085.5
Cam Christie,LAC,19.0,0.911031151,0.0,0.207439191,15.85,4041228.5
Jaylen Sims,CHA,26.0,0.768611258,0.0,0.206827916,7.32,4041228.5
Daniss Jenkins,DET,23.0,0.828917512,0.0,0.205422366,8.54,4041228.5
Stanley Umude,SAS,26.0,0.768611258,8.28e-05,0.204626096,26.83,4041228.5
Jackson Rowe,GSW,28.0,0.727866765,0.0,0.2009409,7.32,4041228.5
RayJ Dennis,ATL,24.0,0.808821839,0.0,0.200836384,13.41,4041228.5
Jacob Toppin,ATL,25.0,0.788744956,0.0,0.199382411,20.73,4041228.5
Isaiah Crawford,HOU,23.0,0.828917512,0.0,0.19910752,18.29,4041228.5
David Duke Jr.,SAS,25.0,0.788744956,0.0,0.198714926,7.32,4041228.5
Emoni Bates,CLE,21.0,0.869470112,0.0,0.197156537,12.2,4041228.5
Mason Jones,SAC,26.0,0.768611258,0.0,0.197084142,12.2,4041228.5
Alondes Williams,DET,26.0,0.768611258,0.0,0.196494711,1.22,4041228.5
Taylor Hendricks,UTA,21.0,0.869470112,0.0,0.195298374,3.66,6127080.0
Justin Minaya,POR,26.0,0.768611258,0.0,0.194158251,23.17,4041228.5
Bryce McGowens,NOP,22.0,0.849107881,0.0,0.193272489,15.85,4041228.5
E.J. Liddell,BKN,24.0,0.808821839,0.0,0.191705624,14.63,4041228.5
Phillip Wheeler,PHI,23.0,0.828917512,0.0,0.191679409,6.1,4041228.5
Malachi Flynn,CHA,27.0,0.748344487,0.0,0.189373454,4.88,4041228.5
Taze Moore,POR,27.0,0.748344487,0.0,0.189340377,2.44,4041228.5
Jamaree Bouyea,PHX,26.0,0.768611258,0.000149528,0.185387095,6.1,4041228.5
Vlatko Čančar,DEN,28.0,0.727866765,0.0,0.181379805,15.85,4041228.5
Anton Watson,NYK,24.0,0.808821839,0.0,0.178056522,10.98,4041228.5
Josh Richardson,MIA,31.0,0.664343084,0.0,0.177449719,9.76,4041228.5
Adama Sanogo,CHI,23.0,0.828917512,0.0,0.175833291,4.88,4041228.5
Luke Travers,CLE,23.0,0.828917512,0.0,0.175630972,14.63,4041228.5
James Johnson,IND,38.0,0.490835159,0.0,0.175517625,14.63,4041228.5
Trentyn Flowers,CHI,20.0,0.890083625,0.0,0.175215721,7.32,4041228.5
Liam Robbins,MIL,25.0,0.788744956,0.0,0.175164552,15.85,4041228.5
Jalen Bridges,PHX,24.0,0.808821839,0.0,0.174211456,9.76,4041228.5
Armel Traore,LAL,22.0,0.849107881,0.0,0.172793715,10.98,4041228.5
Harrison Ingram,SAS,22.0,0.849107881,0.0,0.171904,6.1,4041228.5
Miles Norris,BOS,25.0,0.788744956,0.0,0.171027037,3.66,4041228.5
Bobi Klintman,DET,22.0,0.849107881,0.0,0.170618097,9.76,1955377.0
Emanuel Miller,CHI,25.0,0.788744956,0.0,0.170418517,7.32,4041228.5
Tristen Newton,MIN,24.0,0.808821839,0.0,0.169724397,9.76,4041228.5
Daishen Nix,MIN,23.0,0.828917512,0.0,0.168644479,3.66,4041228.5
Jack McVeigh,HOU,29.0,0.707097586,0.0,0.168496706,10.98,4041228.5
Ulrich Chomche,TOR,19.0,0.911031151,0.0,0.163663988,8.54,4041228.5
Jae Crowder,SAC,34.0,0.595731822,0.0,0.161700679,10.98,4041228.5
Braxton Key,GSW,28.0,0.727866765,0.0,0.161651507,3.66,4041228.5
Jahmir Young,MIA,24.0,0.808821839,0.0,0.161065926,7.32,4041228.5
PJ Dozier,MIN,28.0,0.727866765,0.0,0.159106259,10.98,4041228.5
Yuri Collins,GSW,24.0,0.808821839,0.0,0.158698586,2.44,4041228.5
Quincy Olivari,LAL,24.0,0.808821839,0.0,0.15577147,2.44,4041228.5
Skal Labissiere,SAC,29.0,0.707097586,0.0,0.151495742,4.88,4041228.5
D.J. Carton,TOR,24.0,0.808821839,0.0,0.151187712,4.88,4041228.5
Kevin McCullar Jr.,NYK,24.0,0.808821839,0.0,0.14831324,4.88,4041228.5
P.J. Tucker,NYK,40.0,0.429695951,0.0,0.146220812,3.66,4041228.5
Isaiah Stevens,MIA,24.0,0.808821839,0.0,0.14535917,3.66,4041228.5
Zyon Pullin,MEM,24.0,0.808821839,0.0,0.143593407,3.66,4041228.5
Terry Taylor,SAC,25.0,0.788744956,0.0,0.136493135,3.66,3218760.0
Malevy Leons,GSW,25.0,0.788744956,0.0,0.136091129,7.32,3218760.0
Terence Davis,SAC,28.0,0.727866765,0.0,0.135886459,1.22,3218760.0
Riley Minix,SAS,24.0,0.808821839,0.0,0.13431608,1.22,3218760.0
Mac McClung,IND,26.0,0.768611258,0.0,0.131753757,2.44,3218760.0
Hugo González,BOS,0.0,0.0,0.0,0.124468515,0.0,2783880.0
Jesse Edwards,MIN,25.0,0.788744956,0.0,0.110148043,2.44,3218760.0
Jimmy Butler,GSW,0.0,0.0,0.0,0.10961708,0.0,54126450.0
Jalen McDaniels,WAS,27.0,0.748344487,0.0,0.102727935,4.88,3218760.0
Moussa Diabate,CHA,0.0,0.0,0.000135605,0.101802459,0.0,2270735.0
Kon Knueppel,CHA,0.0,0.0,0.068099099,0.100812272,0.0,10015680.0
Dylan Harper,SAS,0.0,0.0,0.016333994,0.095473117,0.0,12370320.0
Saddiq Bey,NOP,0.0,0.0,0.00599228,0.095284185,0.0,6118644.0
VJ Edgecombe,PHI,0.0,0.0,0.084255825,0.092467389,0.0,11108880.0
Joan Beringer,MIN,0.0,0.0,0.0,0.091713026,0.0,4201080.0
David Jones Garcia,SAS,0.0,0.0,0.0,0.088943121,0.0,3218760.0
Kam Jones,IND,0.0,0.0,0.0,0.081635315,0.0,1272870.0
Sion James,CHA,0.0,0.0,0.0,0.079855597,0.0,2296274.0
Liam McNeeley,CHA,0.0,0.0,0.0,0.07960805,0.0,2763960.0
Asa Newell,ATL,0.0,0.0,0.0,0.079112957,0.0,3237480.0
Cui Yongxi,BKN,0.0,0.0,0.0,0.077851778,0.0,3218760.0
Dylan Cardwell,SAC,0.0,0.0,0.0,0.077840055,0.0,3218760.0
Myron Gardner,MIA,0.0,0.0,0.0,0.077840055,0.0,3218760.0
Ryan Nembhard,DAL,0.0,0.0,0.001177484,0.077356684,0.0,3218760.0
Yanic Konan Niederhäuser,LAC,0.0,0.0,0.0,0.077097415,0.0,2743800.0
Mark Sears,MIL,0.0,0.0,0.0,0.077097415,0.0,3218760.0
Cody Zeller,ATL,0.0,0.0,0.0,0.075576966,0.0,3218760.0
Pacome Dadiet,NYK,0.0,0.0,0.0,0.074834326,0.0,2847600.0
Egor Dëmin,BKN,0.0,0.0,0.0,0.074551611,0.0,6889200.0
Kasparas Jakučionis,MIA,0.0,0.0,0.0,0.073832416,0.0,3658800.0
Chaz Lanier,DET,0.0,0.0,0.0,0.073820694,0.0,1272870.0
Curtis Jones,DEN,0.0,0.0,0.0,0.073561424,0.0,3218760.0
Vladislav Goldin,MIA,0.0,0.0,0.0,0.073313877,0.0,3218760.0
Chris Mañon,LAL,0.0,0.0,0.0,0.072807061,0.0,3218760.0
LJ Cryer,GSW,0.0,0.0,0.0,0.072807061,0.0,3218760.0
Seth Lundy,ATL,0.0,0.0,0.0,0.072559515,0.0,3218760.0
Isaiah Livers,PHX,0.0,0.0,0.0,0.072311968,0.0,3218760.0
Adou Thiero,LAL,0.0,0.0,0.0,0.072311968,0.0,1272870.0
Kobe Sanders,LAC,0.0,0.0,0.0,0.071805152,0.0,3218760.0
Ethan Thompson,IND,0.0,0.0,0.0,0.071298335,0.0,3218760.0
Noah Penda,ORL,0.0,0.0,0.0,0.071298335,0.0,1272870.0
DaRon Holmes II,DEN,0.0,0.0,0.0,0.071050789,0.0,3218760.0
Javon Small,MEM,0.0,0.0,0.0,0.071050789,0.0,3218760.0
Collin Murray-Boyles,TOR,0.0,0.0,0.000288296,0.070768074,0.0,6332520.0
Walter Clayton Jr.,UTA,0.0,0.0,0.0,0.070319871,0.0,3991320.0
Koby Brea,PHX,0.0,0.0,0.0,0.068775977,0.0,3218760.0
Chris Youngblood,OKC,0.0,0.0,0.0,0.068516708,0.0,3218760.0
Moussa Cisse,DAL,0.0,0.0,0.0,0.068516708,0.0,3218760.0
Jase Richardson,ORL,0.0,0.0,0.0,0.067774067,0.0,2983320.0
Hunter Dickinson,NOP,0.0,0.0,0.0,0.067514798,0.0,3218760.0
Sharife Cooper,WAS,0.0,0.0,0.0,0.067007982,0.0,3240180.0
Jamir Watkins,WAS,0.0,0.0,0.0,0.066489443,0.0,3240180.0
Jahmyl Telfort,LAC,0.0,0.0,0.0,0.065994349,0.0,3240180.0
Will Richard,GSW,0.0,0.0,0.002513906,0.065982627,0.0,1272870.0
Tre Johnson,WAS,0.0,0.0,0.000100914,0.065510979,0.0,8237640.0
Nique Clifford,SAC,0.0,0.0,0.0,0.065499256,0.0,3108120.0
Alijah Martin,TOR,0.0,0.0,0.0,0.065499256,0.0,3240180.0
Thanasis Antetokounmpo,MIL,0.0,0.0,0.003240744,0.065487533,0.0,2874436.0
Micah Peavy,NOP,0.0,0.0,0.0,0.065239986,0.0,1272870.0
Cedric Coward,MEM,0.0,0.0,0.008099738,0.064709725,0.0,5715120.0
Khaman Maluach,PHX,0.0,0.0,0.0,0.064485623,0.0,6016080.0
Noa Essengue,CHI,0.0,0.0,0.0,0.064238077,0.0,5429520.0
Chucky Hepburn,TOR,0.0,0.0,0.0,0.063731261,0.0,3240180.0
Hunter Sallis,PHI,0.0,0.0,0.0,0.063731261,0.0,3240180.0
Rasheer Fleming,PHX,0.0,0.0,0.0,0.063471991,0.0,1272870.0
Brandon Boston Jr.,NOP,0.0,0.0,0.0,0.06298862,0.0,3240180.0
Caleb Love,POR,0.0,0.0,0.001637593,0.062976898,0.0,3240180.0
Johni Broome,PHI,0.0,0.0,0.0,0.062470081,0.0,1272870.0
Christian Wood,LAL,0.0,0.0,0.0,0.062458359,0.0,3240180.0
Lachlan Olbrich,CHI,0.0,0.0,0.0,0.062210812,0.0,3240180.0
Jahmai Mashack,MEM,0.0,0.0,0.0,0.061963265,0.0,3240180.0
Taelon Peter,IND,0.0,0.0,0.0,0.061703996,0.0,3240180.0
Miles Kelly,DAL,0.0,0.0,0.0,0.061456449,0.0,3240180.0
Alexandre Sarr,WAS,0.0,0.0,0.0,0.061208902,0.0,3240180.0
Ben Saraf,BKN,0.0,0.0,0.012050988,0.060206993,0.0,2884560.0
Nolan Traore,BKN,0.0,0.0,0.0,0.059205083,0.0,3811560.0
Mohamed Diawara,NYK,0.0,0.0,0.0,0.058191451,0.0,1272870.0
Vasilije Micić,PHX,0.0,0.0,0.0,0.057920458,0.0,3240180.0
Carter Bryant,SAS,0.0,0.0,0.0,0.057920458,0.0,4900320.0
Derik Queen,NOP,0.0,0.0,0.008263949,0.057472256,0.0,5157960.0
Yang Hansen,POR,0.0,0.0,0.005872963,0.056411732,0.0,4422360.0
Monté Morris,IND,0.0,0.0,0.0,0.053877651,0.0,3240180.0
Javonte Cooke,POR,0.0,0.0,0.0,0.052121379,0.0,3240180.0
Ryan Kalkbrenner,CHA,0.0,0.0,0.0,0.0508602,0.0,2296274.0
Ace Bailey,UTA,0.0,0.0,0.000758765,0.050659544,0.0,9069840.0
Tyrese Proctor,CLE,0.0,0.0,0.0,0.050376829,0.0,1272870.0
Amari Williams,BOS,0.0,0.0,0.0,0.04985829,0.0,3240180.0
Cooper Flagg,DAL,0.0,0.0,0.314181722,0.046322299,0.0,13825920.0
Danny Wolf,BKN,0.0,0.0,0.012711833,0.045049397,0.0,2801280.0
Bojan Bogdanović,BKN,0.0,0.0,0.0,0.042067114,0.0,3240180.0
Brooks Barnhizer,OKC,0.0,0.0,0.0,0.038766947,0.0,3240180.0
Nigel Hayes-Davis,PHX,0.0,0.0,0.0,0.037505768,0.0,2048494.0
Drake Powell,BKN,0.0,0.0,0.0,0.036503858,0.0,3372240.0
Maxime Raynaud,SAC,0.0,0.0,0.001447639,0.036268034,0.0,1272870.0
Jeremiah Fears,NOP,0.0,0.0,0.003694197,0.031246763,0.0,7520040.0
Will Riley,WAS,0.0,0.0,0.0,0.026166879,0.0,3512520.0
Carlton Carrington,WAS,0.0,0.0,0.0,0.024940868,0.0,3240180.0
