PLAYER_ID,PLAYER_NAME,TEAM_ABBREVIATION,AGE,GP,MIN,FGM,FGA,FG_PCT,FG3M,FG3A,FG3_PCT,FTM,FTA,FT_PCT,REB,AST,STL,BLK,TOV,PTS,PLUS_MINUS,USG_PCT,TS_PCT,EFG_PCT,OFF_RATING,DEF_RATING,NET_RATING,AST_PCT,REB_PCT,PIE,ATTENDANCE_RATE,MPG
1630639,A.J. Lawson,TOR,24.0,26,486.41,80,190,0.421,33,101,0.327,43,63,0.683,86,31,13,6,15,236,-17,0.189,0.542,0.508,109.7,111.1,-1.4,0.093,0.08,0.082,31.71,18.7
1631260,AJ Green,MIL,25.0,73,1659.1416666666667,182,424,0.429,155,363,0.427,22,27,0.815,174,108,37,7,40,541,227,0.123,0.621,0.612,114.0,107.6,6.4,0.086,0.051,0.058,89.02,22.7
1642358,AJ Johnson,WAS,20.0,29,638.3866666666667,82,213,0.385,24,90,0.267,32,37,0.865,59,76,12,3,35,220,-152,0.173,0.48,0.441,104.1,115.6,-11.5,0.178,0.042,0.053,35.37,22.0
203932,Aaron Gordon,DEN,29.0,51,1446.7166666666667,264,497,0.531,75,172,0.436,145,179,0.81,247,164,23,14,73,748,301,0.186,0.65,0.607,122.5,113.0,9.5,0.143,0.086,0.104,62.2,28.4
1628988,Aaron Holiday,HOU,28.0,62,792.2466666666667,117,268,0.437,72,181,0.398,34,41,0.829,78,83,19,11,37,340,88,0.162,0.594,0.571,110.3,103.6,6.7,0.142,0.044,0.082,75.61,12.8
1630174,Aaron Nesmith,IND,25.0,45,1121.6183333333333,192,379,0.507,84,195,0.431,73,80,0.913,178,54,35,17,37,541,198,0.171,0.653,0.617,120.1,111.5,8.5,0.063,0.078,0.087,54.88,24.9
1630598,Aaron Wiggins,OKC,26.0,76,1743.9,355,728,0.488,130,339,0.383,74,89,0.831,295,134,60,18,69,914,514,0.2,0.596,0.577,120.7,106.6,14.2,0.102,0.081,0.105,92.68,22.9
1641745,Adam Flagler,OKC,25.0,37,202.965,25,96,0.26,14,72,0.194,1,2,0.5,27,12,8,3,4,65,7,0.207,0.335,0.333,99.1,96.7,2.3,0.094,0.057,0.025,45.12,5.5
1641766,Adama Sanogo,CHI,23.0,4,21.498333333333335,4,7,0.571,0,0,0.0,0,0,0.0,6,1,0,0,1,8,-5,0.145,0.571,0.571,104.2,122.2,-18.1,0.067,0.143,0.078,4.88,5.4
1641737,Adem Bona,PHI,22.0,58,904.55,135,192,0.703,0,1,0.0,67,100,0.67,245,27,26,69,61,337,-112,0.135,0.714,0.703,107.4,114.0,-6.6,0.043,0.13,0.093,70.73,15.6
1642349,Ajay Mitchell,OKC,23.0,36,596.955,91,184,0.495,23,60,0.383,29,35,0.829,68,64,25,4,29,234,127,0.159,0.587,0.557,110.0,100.2,9.7,0.153,0.053,0.082,43.9,16.6
201143,Al Horford,BOS,39.0,60,1658.5733333333333,195,461,0.423,114,314,0.363,34,38,0.895,369,128,36,51,46,538,397,0.136,0.563,0.547,119.6,108.1,11.5,0.102,0.106,0.091,73.17,27.6
202692,Alec Burks,MIA,33.0,49,863.4966666666667,115,271,0.424,88,207,0.425,38,49,0.776,124,55,28,7,29,356,110,0.16,0.608,0.587,113.5,107.6,5.9,0.09,0.07,0.088,59.76,17.6
1627936,Alex Caruso,OKC,31.0,54,1040.635,140,314,0.446,60,170,0.353,42,51,0.824,159,137,87,30,37,382,321,0.147,0.568,0.541,117.5,102.5,15.0,0.171,0.072,0.101,65.85,19.3
1642505,Alex Ducas,OKC,24.0,21,125.34166666666667,12,30,0.4,10,21,0.476,2,2,1.0,26,5,5,0,4,36,-22,0.115,0.583,0.567,99.6,106.3,-6.7,0.058,0.088,0.065,25.61,6.0
203458,Alex Len,LAL,32.0,46,379.79,32,63,0.508,2,9,0.222,8,17,0.471,95,38,9,21,20,74,-153,0.101,0.525,0.524,101.4,118.9,-17.5,0.143,0.118,0.057,56.1,8.3
1642024,Alex Reese,PHI,26.0,15,216.04666666666665,26,54,0.481,15,41,0.366,9,12,0.75,47,4,10,10,6,76,19,0.123,0.641,0.62,117.3,111.8,5.5,0.023,0.103,0.079,18.29,14.4
1642259,Alex Sarr,WAS,20.0,67,1814.2283333333332,326,828,0.394,105,341,0.308,112,165,0.679,435,161,44,101,114,869,-546,0.23,0.482,0.457,102.7,116.4,-13.7,0.139,0.108,0.084,81.71,27.1
1631214,Alondes Williams,LAC,26.0,1,3.716666666666667,2,2,1.0,1,1,1.0,0,0,0.0,0,1,0,0,0,5,6,0.286,1.25,1.25,171.4,85.7,85.7,0.333,0.0,0.4,1.22,3.7
1630578,Alperen Sengun,HOU,22.0,76,2394.9766666666665,567,1143,0.496,21,90,0.233,296,428,0.692,786,372,84,61,194,1451,410,0.259,0.545,0.505,114.9,107.4,7.6,0.238,0.153,0.153,92.68,31.5
1641708,Amen Thompson,HOU,22.0,69,2225.415,388,697,0.557,25,91,0.275,169,247,0.684,564,265,97,89,138,970,268,0.172,0.602,0.575,114.2,107.9,6.3,0.167,0.118,0.129,84.15,32.3
1629599,Amir Coffey,LAC,28.0,72,1747.54,240,510,0.471,101,247,0.409,115,129,0.891,161,77,40,7,45,696,-66,0.15,0.614,0.57,109.1,110.6,-1.4,0.065,0.046,0.072,87.8,24.3
203083,Andre Drummond,PHI,31.0,40,750.6333333333333,117,234,0.5,3,20,0.15,56,90,0.622,310,34,39,18,55,293,-245,0.183,0.535,0.506,103.4,118.9,-15.5,0.07,0.205,0.109,48.78,18.8
1641748,Andre Jackson Jr.,MIL,23.0,67,980.0916666666667,94,197,0.477,30,76,0.395,12,24,0.5,182,83,34,14,58,230,-33,0.115,0.554,0.553,110.6,112.1,-1.5,0.109,0.091,0.051,81.71,14.6
1629614,Andrew Nembhard,IND,25.0,65,1880.67,247,539,0.458,51,175,0.291,108,136,0.794,216,326,79,11,112,653,204,0.163,0.545,0.506,115.5,110.2,5.3,0.225,0.057,0.081,79.27,28.9
203952,Andrew Wiggins,MIA,30.0,60,1842.2816666666668,376,839,0.448,130,348,0.374,196,257,0.763,269,158,60,50,99,1078,-100,0.238,0.566,0.526,109.4,111.7,-2.3,0.137,0.069,0.105,73.17,30.7
1629014,Anfernee Simons,POR,26.0,70,2291.8983333333335,479,1125,0.426,215,593,0.363,175,194,0.902,189,337,60,5,143,1348,-220,0.241,0.557,0.521,108.8,113.4,-4.6,0.241,0.039,0.106,85.37,32.7
1641710,Anthony Black,ORL,21.0,78,1886.9933333333333,262,620,0.423,62,195,0.318,150,197,0.761,230,240,86,48,139,736,-40,0.19,0.521,0.473,106.2,107.1,-0.9,0.201,0.061,0.084,95.12,24.2
203076,Anthony Davis,DAL,32.0,51,1705.4883333333332,470,910,0.516,35,124,0.282,286,369,0.775,590,181,59,110,113,1261,25,0.301,0.588,0.536,113.3,112.9,0.5,0.182,0.173,0.179,62.2,33.4
1630162,Anthony Edwards,MIN,23.0,79,2871.0583333333334,721,1612,0.447,320,811,0.395,415,496,0.837,450,359,91,51,249,2177,291,0.307,0.595,0.547,116.2,111.4,4.8,0.209,0.077,0.14,96.34,36.3
1630264,Anthony Gill,WAS,32.0,51,397.575,43,88,0.489,10,31,0.323,33,50,0.66,66,16,9,2,10,129,-73,0.124,0.586,0.545,101.9,109.7,-7.8,0.059,0.077,0.071,62.2,7.8
1641817,Anton Watson,NYK,24.0,9,22.166666666666668,4,9,0.444,0,1,0.0,0,0,0.0,3,2,1,0,2,8,-9,0.193,0.444,0.444,103.9,119.2,-15.3,0.125,0.081,0.033,10.98,2.5
1641810,Antonio Reeves,NOP,24.0,44,659.5583333333333,113,248,0.456,51,129,0.395,28,35,0.8,63,39,21,4,30,305,-150,0.183,0.579,0.558,107.3,117.5,-10.2,0.089,0.047,0.072,53.66,15.0
1630574,Ariel Hukporti,NYK,23.0,25,217.365,21,31,0.677,0,0,0.0,6,13,0.462,51,11,1,15,21,48,-63,0.113,0.654,0.677,97.6,110.1,-12.4,0.075,0.112,0.048,30.49,8.7
1642422,Armel Traore,LAL,22.0,9,66.66666666666667,6,19,0.316,0,7,0.0,2,7,0.286,15,1,4,2,3,14,-49,0.153,0.317,0.316,81.9,119.3,-37.3,0.026,0.111,0.027,10.98,7.4
1641709,Ausar Thompson,DET,22.0,59,1327.715,246,460,0.535,11,49,0.224,91,142,0.641,303,134,98,40,80,594,67,0.185,0.568,0.547,113.1,109.2,4.0,0.139,0.11,0.104,71.95,22.5
1630559,Austin Reaves,LAL,27.0,73,2550.0916666666667,477,1037,0.46,200,531,0.377,321,366,0.877,329,421,81,22,177,1475,195,0.23,0.616,0.556,117.1,113.3,3.8,0.241,0.065,0.118,89.02,34.9
1630245,Ayo Dosunmu,CHI,25.0,46,1393.8833333333334,221,449,0.492,62,189,0.328,62,79,0.785,161,208,43,18,69,566,-234,0.163,0.585,0.561,110.1,117.8,-7.7,0.21,0.054,0.084,56.1,30.3
1628389,Bam Adebayo,MIA,27.0,78,2673.693333333333,540,1113,0.485,79,221,0.357,251,328,0.765,749,337,98,53,161,1410,27,0.232,0.561,0.521,110.9,110.8,0.1,0.204,0.141,0.137,95.12,34.3
1631248,Baylor Scheierman,BOS,24.0,31,383.8883333333333,39,110,0.355,26,82,0.317,9,12,0.75,65,33,17,2,12,113,29,0.143,0.49,0.473,109.9,105.8,4.1,0.12,0.083,0.074,37.8,12.4
1641767,Ben Sheppard,IND,23.0,63,1229.5583333333334,120,287,0.418,68,199,0.342,24,27,0.889,177,85,38,14,22,332,-59,0.108,0.555,0.537,111.2,113.4,-2.2,0.087,0.07,0.055,76.83,19.5
1627732,Ben Simmons,LAC,28.0,51,1119.6933333333334,116,223,0.52,0,0,0.0,24,33,0.727,241,285,38,23,102,256,-56,0.133,0.539,0.52,111.7,113.5,-1.8,0.358,0.113,0.103,62.2,22.0
1631097,Bennedict Mathurin,IND,23.0,72,2149.318333333333,391,853,0.458,98,288,0.34,276,332,0.831,383,136,47,24,135,1156,94,0.222,0.579,0.516,113.8,112.2,1.6,0.09,0.088,0.092,87.8,29.9
1641731,Bilal Coulibaly,WAS,20.0,59,1947.5066666666667,263,624,0.421,63,224,0.281,138,185,0.746,294,199,78,41,125,727,-587,0.175,0.515,0.472,104.5,118.3,-13.8,0.15,0.07,0.07,71.95,33.0
202687,Bismack Biyombo,SAS,32.0,28,527.4866666666667,67,114,0.588,0,0,0.0,10,25,0.4,158,31,16,23,27,144,-100,0.124,0.576,0.588,108.7,117.9,-9.2,0.079,0.144,0.08,34.15,18.8
1631104,Blake Wesley,SAS,22.0,58,683.1066666666667,81,186,0.435,17,58,0.293,38,61,0.623,61,114,37,6,54,217,-9,0.165,0.51,0.481,110.2,109.7,0.5,0.225,0.044,0.066,70.73,11.8
1626171,Bobby Portis,MIL,30.0,49,1243.68,277,595,0.466,65,178,0.365,61,73,0.836,411,104,35,26,57,680,95,0.234,0.542,0.52,114.1,110.8,3.4,0.126,0.156,0.131,59.76,25.4
1641752,Bobi Klintman,DET,22.0,8,42.38166666666667,6,10,0.6,2,5,0.4,1,2,0.5,7,7,2,1,1,15,0,0.121,0.689,0.7,121.4,117.2,4.2,0.212,0.095,0.095,9.76,5.3
203992,Bogdan Bogdanović,LAC,32.0,54,1347.6583333333333,210,492,0.427,105,289,0.363,58,66,0.879,159,146,41,11,74,583,106,0.183,0.559,0.534,112.7,110.0,2.7,0.152,0.057,0.074,65.85,25.0
1629626,Bol Bol,PHX,25.0,36,448.48333333333335,96,183,0.525,32,93,0.344,20,26,0.769,104,22,9,25,20,244,-37,0.204,0.627,0.612,112.1,115.9,-3.9,0.071,0.113,0.114,43.9,12.5
1630538,Bones Hyland,MIN,24.0,24,238.77,47,118,0.398,32,82,0.39,23,26,0.885,25,32,18,4,25,149,-31,0.274,0.576,0.534,102.0,108.1,-6.1,0.246,0.051,0.108,29.27,9.9
203078,Bradley Beal,PHX,32.0,53,1702.1916666666666,345,694,0.497,102,264,0.386,110,137,0.803,177,195,58,28,99,902,-273,0.219,0.598,0.571,110.6,118.6,-8.0,0.177,0.054,0.093,64.63,32.1
1642382,Branden Carlson,OKC,26.0,32,246.40333333333334,43,97,0.443,22,66,0.333,14,18,0.778,54,14,5,21,7,122,41,0.185,0.581,0.557,115.1,105.8,9.4,0.077,0.099,0.101,39.02,7.7
1641764,Brandin Podziemski,GSW,22.0,64,1716.3483333333334,280,629,0.445,115,309,0.372,72,95,0.758,325,220,69,13,75,747,261,0.177,0.557,0.537,111.6,105.1,6.6,0.194,0.089,0.114,78.05,26.8
1630527,Brandon Boston,NOP,23.0,42,992.78,166,381,0.436,49,140,0.35,67,85,0.788,134,92,53,9,52,448,-140,0.199,0.535,0.5,108.6,114.8,-6.2,0.14,0.065,0.085,51.22,23.6
1629634,Brandon Clarke,MEM,28.0,64,1206.8616666666667,236,380,0.621,1,17,0.059,61,87,0.701,326,66,52,36,41,534,181,0.15,0.638,0.622,116.5,108.2,8.2,0.072,0.126,0.108,78.05,18.9
1627742,Brandon Ingram,TOR,27.0,18,595.0316666666666,155,333,0.465,43,115,0.374,47,55,0.855,100,93,16,11,69,400,-128,0.305,0.56,0.53,107.0,117.7,-10.7,0.28,0.083,0.122,21.95,33.1
1641706,Brandon Miller,CHA,22.0,27,923.565,198,491,0.403,104,293,0.355,68,79,0.861,131,98,29,20,76,568,-124,0.27,0.54,0.509,106.9,113.8,-6.8,0.182,0.068,0.1,32.93,34.2
1630314,Brandon Williams,DAL,25.0,33,487.13,98,188,0.521,24,60,0.4,55,66,0.833,58,76,24,5,39,275,10,0.218,0.634,0.585,109.5,108.8,0.7,0.228,0.059,0.119,40.24,14.8
1630296,Braxton Key,GSW,28.0,3,10.825,0,4,0.0,0,1,0.0,3,6,0.5,2,0,2,0,1,3,-8,0.222,0.226,0.0,90.0,120.7,-30.7,0.0,0.105,-0.026,3.66,3.6
1641729,Brice Sensabaugh,UTA,21.0,71,1431.9216666666666,275,599,0.459,157,372,0.422,65,73,0.89,210,110,46,8,107,772,-285,0.208,0.612,0.59,109.9,119.5,-9.6,0.117,0.069,0.087,86.59,20.2
1642355,Bronny James,LAL,20.0,27,181.24333333333334,21,67,0.313,9,32,0.281,11,14,0.786,18,22,9,3,13,62,-71,0.199,0.424,0.381,95.5,114.1,-18.6,0.191,0.048,0.05,32.93,6.7
201572,Brook Lopez,MIL,37.0,80,2546.07,394,774,0.509,139,373,0.373,114,138,0.826,401,143,50,148,84,1041,134,0.157,0.624,0.599,114.8,112.7,2.2,0.078,0.078,0.087,97.56,31.8
1628971,Bruce Brown,NOP,28.0,41,921.53,130,309,0.421,27,81,0.333,53,65,0.815,164,84,34,10,39,340,-226,0.169,0.504,0.464,104.8,116.8,-11.9,0.133,0.085,0.078,50.0,22.5
1628981,Bruno Fernando,TOR,26.0,17,146.58,26,49,0.531,0,0,0.0,6,8,0.75,51,18,4,9,14,58,-22,0.182,0.552,0.531,103.9,110.1,-6.1,0.194,0.165,0.1,20.73,8.6
1631121,Bryce McGowens,POR,22.0,13,32.016666666666666,4,14,0.286,0,4,0.0,5,6,0.833,3,2,1,0,4,13,-4,0.244,0.391,0.286,89.9,97.1,-7.2,0.105,0.046,0.0,15.85,2.5
1642267,Bub Carrington,WAS,19.0,82,2457.79,300,748,0.401,138,407,0.339,69,85,0.812,341,364,54,21,141,807,-798,0.154,0.514,0.493,102.8,118.0,-15.2,0.213,0.064,0.071,100.0,30.0
1627741,Buddy Hield,GSW,32.0,82,1862.9883333333332,328,786,0.417,203,549,0.37,53,64,0.828,264,134,69,23,91,912,141,0.196,0.56,0.546,112.3,110.1,2.2,0.106,0.066,0.085,100.0,22.7
203468,CJ McCollum,NOP,33.0,56,1831.6783333333333,444,1000,0.444,171,459,0.373,124,173,0.717,212,227,46,24,106,1183,-279,0.266,0.55,0.53,112.3,119.4,-7.1,0.192,0.056,0.097,68.29,32.7
1630595,Cade Cunningham,DET,23.0,70,2451.9466666666667,684,1457,0.469,149,418,0.356,313,370,0.846,425,638,71,53,309,1830,175,0.323,0.565,0.521,115.0,112.2,2.8,0.409,0.086,0.152,85.37,35.0
1631216,Caleb Houstan,ORL,22.0,58,787.99,80,190,0.421,64,160,0.4,15,17,0.882,75,35,22,6,13,239,-66,0.115,0.605,0.589,104.2,108.2,-4.1,0.066,0.047,0.061,70.73,13.6
1628997,Caleb Martin,DAL,29.0,45,1218.0166666666667,129,304,0.424,37,103,0.359,61,98,0.622,177,95,46,23,56,356,-155,0.143,0.513,0.485,106.5,112.8,-6.3,0.116,0.073,0.063,54.88,27.1
1642353,Cam Christie,LAC,19.0,13,58.64833333333333,7,24,0.292,2,13,0.154,2,4,0.5,12,6,5,1,2,18,-10,0.192,0.349,0.333,97.6,105.6,-7.9,0.167,0.098,0.07,15.85,4.5
1629629,Cam Reddish,LAL,25.0,33,589.45,38,94,0.404,13,47,0.277,16,26,0.615,66,22,33,10,12,105,-91,0.084,0.498,0.473,107.6,115.9,-8.4,0.049,0.056,0.04,40.24,17.9
1642285,Cam Spencer,MEM,25.0,25,252.24333333333334,34,82,0.415,19,52,0.365,19,19,1.0,30,34,9,1,6,106,40,0.148,0.587,0.53,116.4,109.6,6.8,0.182,0.056,0.087,30.49,10.1
1630560,Cam Thomas,BKN,23.0,25,781.1566666666666,199,454,0.438,68,195,0.349,133,151,0.881,83,94,15,2,62,599,-92,0.328,0.575,0.513,114.9,120.6,-5.7,0.217,0.054,0.122,30.49,31.2
1641715,Cam Whitmore,HOU,20.0,51,826.585,179,403,0.444,65,183,0.355,54,72,0.75,151,49,31,13,46,477,-1,0.231,0.549,0.525,113.4,112.3,1.1,0.09,0.086,0.108,62.2,16.2
1629661,Cameron Johnson,BKN,29.0,57,1799.7633333333333,355,747,0.475,159,408,0.39,201,225,0.893,247,194,53,25,99,1070,-200,0.224,0.632,0.582,110.9,116.7,-5.8,0.179,0.07,0.124,69.51,31.6
1626166,Cameron Payne,NYK,30.0,72,1089.9766666666667,179,446,0.401,93,256,0.363,49,54,0.907,104,203,39,16,52,500,204,0.2,0.532,0.506,116.6,107.5,9.1,0.251,0.047,0.089,87.8,15.1
1627747,Caris LeVert,ATL,30.0,64,1596.1066666666666,280,599,0.467,106,284,0.373,110,155,0.71,203,215,57,33,76,776,258,0.191,0.582,0.556,120.5,113.4,7.2,0.178,0.062,0.094,78.05,24.9
1641717,Cason Wallace,OKC,21.0,68,1876.26,232,489,0.474,74,208,0.356,30,37,0.811,229,173,120,35,59,568,369,0.124,0.562,0.55,117.2,107.1,10.1,0.117,0.057,0.075,82.93,27.6
1629646,Charles Bassey,SAS,24.0,36,375.515,68,117,0.581,0,0,0.0,21,33,0.636,152,17,14,30,23,157,-129,0.164,0.597,0.581,101.6,117.5,-15.9,0.072,0.185,0.113,43.9,10.4
1631096,Chet Holmgren,OKC,23.0,32,876.54,167,341,0.49,44,116,0.379,101,134,0.754,257,63,23,71,56,479,294,0.214,0.599,0.554,121.7,105.6,16.1,0.091,0.136,0.122,39.02,27.4
1628449,Chris Boucher,TOR,32.0,50,862.3,182,370,0.492,70,193,0.363,68,87,0.782,224,33,24,25,29,502,5,0.208,0.615,0.586,113.3,113.5,-0.2,0.057,0.125,0.126,60.98,17.2
1630537,Chris Duarte,CHI,28.0,17,74.46833333333333,12,26,0.462,6,15,0.4,6,8,0.75,20,9,0,0,1,36,12,0.151,0.61,0.577,105.2,102.4,2.8,0.173,0.115,0.127,20.73,4.4
1641753,Chris Livingston,MIL,21.0,21,105.81,9,27,0.333,0,8,0.0,12,16,0.75,35,5,5,0,6,30,-29,0.15,0.441,0.333,89.6,102.2,-12.6,0.078,0.148,0.099,25.61,5.0
101108,Chris Paul,SAS,40.0,82,2292.1633333333334,249,583,0.427,140,371,0.377,85,92,0.924,296,605,103,22,129,723,4,0.137,0.58,0.547,114.2,115.0,-0.8,0.342,0.062,0.102,100.0,28.0
1631128,Christian Braun,DEN,24.0,79,2675.383333333333,476,821,0.58,89,224,0.397,177,214,0.827,410,205,85,37,81,1218,480,0.155,0.665,0.634,122.7,114.5,8.2,0.096,0.077,0.096,96.34,33.9
1631132,Christian Koloko,LAL,25.0,37,341.53,40,66,0.606,0,4,0.0,10,14,0.714,92,16,8,16,12,90,-7,0.104,0.624,0.606,104.7,106.0,-1.3,0.068,0.129,0.082,45.12,9.2
1629643,Chuma Okeke,CLE,26.0,9,196.68,20,40,0.5,11,28,0.393,2,3,0.667,47,15,5,4,3,53,-28,0.093,0.641,0.638,115.8,122.1,-6.3,0.101,0.118,0.089,10.98,21.9
203991,Clint Capela,ATL,31.0,55,1176.4333333333334,218,390,0.559,0,1,0.0,52,97,0.536,469,62,34,53,47,488,-79,0.16,0.564,0.559,108.7,111.5,-2.7,0.073,0.183,0.117,67.07,21.4
1629632,Coby White,CHI,25.0,74,2450.2566666666667,508,1121,0.453,216,584,0.37,277,307,0.902,273,330,69,16,177,1509,-141,0.237,0.601,0.55,111.5,113.9,-2.5,0.197,0.053,0.103,90.24,33.1
1628998,Cody Martin,PHX,29.0,53,1173.2066666666667,136,325,0.418,43,151,0.285,43,61,0.705,224,105,56,32,51,358,-105,0.142,0.509,0.485,108.1,111.3,-3.2,0.128,0.088,0.08,64.63,22.1
1642262,Cody Williams,UTA,20.0,50,1059.6116666666667,83,257,0.323,35,135,0.259,29,40,0.725,113,59,23,16,44,230,-339,0.122,0.419,0.391,103.0,118.5,-15.5,0.078,0.049,0.021,60.98,21.2
1641732,Colby Jones,WAS,23.0,39,514.6483333333333,59,129,0.457,16,49,0.327,23,35,0.657,87,44,26,13,23,157,-112,0.138,0.544,0.519,104.4,114.8,-10.4,0.123,0.08,0.078,47.56,13.2
1630175,Cole Anthony,MEM,25.0,67,1234.1133333333332,230,543,0.424,77,218,0.353,93,113,0.823,204,191,45,32,103,630,-16,0.238,0.531,0.494,107.7,109.0,-1.2,0.253,0.08,0.105,81.71,18.4
1631306,Cole Swider,IND,26.0,10,169.5,22,63,0.349,15,47,0.319,0,1,0.0,27,3,4,2,4,59,54,0.155,0.465,0.468,114.2,100.5,13.7,0.022,0.072,0.046,12.2,17.0
1630658,Colin Castleton,TOR,25.0,26,431.99,46,98,0.469,2,16,0.125,29,38,0.763,122,28,8,10,23,123,-30,0.125,0.536,0.48,106.1,108.2,-2.1,0.092,0.123,0.074,31.71,16.6
1631221,Collin Gillespie,PHX,26.0,33,461.2183333333333,68,158,0.43,39,90,0.433,19,22,0.864,78,78,21,5,17,194,-29,0.17,0.578,0.554,115.6,118.4,-2.8,0.235,0.086,0.105,40.24,14.0
1629012,Collin Sexton,UTA,26.0,63,1757.76,416,867,0.48,110,271,0.406,217,251,0.865,171,264,47,6,160,1159,-286,0.264,0.593,0.543,110.4,117.9,-7.5,0.246,0.047,0.106,76.83,27.9
1630557,Corey Kispert,WAS,26.0,61,1601.5233333333333,255,565,0.451,120,330,0.364,75,88,0.852,181,103,26,14,64,705,-274,0.169,0.584,0.558,108.7,117.1,-8.5,0.094,0.053,0.074,74.39,26.3
202709,Cory Joseph,ORL,33.0,50,611.7333333333333,62,154,0.403,39,107,0.364,14,18,0.778,74,72,26,4,18,177,35,0.126,0.547,0.529,110.5,106.9,3.6,0.166,0.06,0.075,60.98,12.2
1641854,Craig Porter Jr.,CLE,25.0,51,513.265,72,140,0.514,21,48,0.438,23,32,0.719,67,71,17,15,38,188,-45,0.155,0.61,0.589,108.3,113.5,-5.2,0.191,0.063,0.091,62.2,10.1
1642385,Cui Cui,BKN,22.0,5,10.318333333333333,1,7,0.143,0,3,0.0,1,2,0.5,2,0,0,0,0,3,2,0.296,0.19,0.143,80.8,76.0,4.8,0.0,0.095,-0.056,6.1,2.1
1626156,D'Angelo Russell,BKN,29.0,58,1480.4183333333333,249,638,0.39,113,360,0.314,121,145,0.834,162,297,56,23,108,732,0,0.228,0.522,0.479,110.1,111.6,-1.5,0.302,0.053,0.098,70.73,25.5
1630618,D.J. Carton,TOR,24.0,4,33.38666666666666,1,7,0.143,0,3,0.0,1,1,1.0,4,3,2,0,4,3,12,0.122,0.202,0.143,109.0,96.1,12.9,0.1,0.055,0.007,4.88,8.3
1629610,DaQuan Jeffries,CHA,27.0,47,1071.5066666666667,118,291,0.405,55,164,0.335,24,30,0.8,135,53,26,25,35,315,-276,0.136,0.518,0.5,106.6,118.2,-11.6,0.073,0.06,0.046,57.32,22.8
1631342,Daeqwon Plowden,ATL,26.0,6,71.55,16,25,0.64,9,17,0.529,2,2,1.0,11,2,0,0,4,43,29,0.181,0.831,0.82,104.0,84.2,19.8,0.047,0.076,0.122,7.32,11.9
1630227,Daishen Nix,MIN,23.0,3,13.233333333333333,0,1,0.0,0,1,0.0,1,2,0.5,4,3,0,0,4,1,9,0.176,0.266,0.0,103.2,79.3,23.9,0.231,0.211,0.024,3.66,4.4
1630625,Dalano Banton,POR,25.0,67,1119.945,198,507,0.391,72,222,0.324,91,125,0.728,135,160,43,34,86,559,-55,0.237,0.497,0.462,110.2,111.8,-1.5,0.213,0.056,0.089,81.71,16.7
1631207,Dalen Terry,CHI,22.0,73,987.1783333333333,120,268,0.448,37,104,0.356,49,69,0.71,124,97,44,15,53,326,-172,0.142,0.546,0.517,104.0,111.6,-7.6,0.136,0.057,0.056,89.02,13.5
1642261,Dalton Knecht,LAL,24.0,78,1493.795,257,557,0.461,128,340,0.376,64,84,0.762,216,66,24,8,37,706,-73,0.181,0.594,0.576,112.2,114.9,-2.8,0.067,0.073,0.087,95.12,19.2
203081,Damian Lillard,MIL,34.0,58,2092.87,444,992,0.448,197,524,0.376,362,393,0.921,272,410,70,10,162,1447,53,0.269,0.621,0.547,115.3,114.6,0.7,0.299,0.063,0.144,70.73,36.1
1641878,Damion Baugh,CHA,24.0,15,370.48833333333334,42,130,0.323,12,56,0.214,13,15,0.867,50,56,15,2,31,109,-169,0.186,0.399,0.369,99.5,121.8,-22.3,0.235,0.064,0.051,18.29,24.7
1627814,Damion Lee,PHX,32.0,25,144.01833333333335,27,74,0.365,9,37,0.243,20,21,0.952,20,11,6,0,10,83,25,0.269,0.499,0.426,104.7,98.7,6.0,0.121,0.064,0.089,30.49,5.8
1629655,Daniel Gafford,DAL,26.0,57,1226.095,283,403,0.702,0,0,0.0,135,196,0.689,388,80,23,102,66,701,35,0.186,0.716,0.702,114.9,113.4,1.5,0.097,0.149,0.141,69.51,21.5
1628464,Daniel Theis,NOP,33.0,38,621.2416666666667,61,129,0.473,9,37,0.243,31,37,0.838,164,60,18,20,25,162,-61,0.111,0.558,0.508,109.3,115.2,-5.9,0.131,0.122,0.081,46.34,16.3
1642450,Daniss Jenkins,DET,23.0,7,22.748333333333335,3,10,0.3,1,7,0.143,0,2,0.0,2,3,0,0,1,7,-9,0.231,0.322,0.35,102.3,108.2,-5.8,0.2,0.054,0.0,8.54,3.2
203957,Danté Exum,DAL,29.0,20,372.31,64,134,0.478,23,53,0.434,23,31,0.742,33,56,12,3,22,174,-48,0.193,0.589,0.563,109.3,115.2,-6.0,0.22,0.042,0.083,24.39,18.6
203967,Dario Šarić,DEN,31.0,16,210.38333333333333,21,58,0.362,7,26,0.269,7,10,0.7,50,23,7,1,15,56,-49,0.157,0.449,0.422,97.3,108.7,-11.5,0.17,0.107,0.067,19.51,13.1
1641727,Dariq Whitehead,BKN,20.0,20,246.07833333333335,39,96,0.406,33,74,0.446,3,5,0.6,29,12,6,1,15,114,-64,0.189,0.58,0.578,98.7,109.7,-11.1,0.078,0.056,0.065,24.39,12.3
1629636,Darius Garland,CLE,25.0,75,2300.77,554,1174,0.472,212,529,0.401,224,255,0.878,214,506,91,11,189,1544,499,0.265,0.6,0.562,123.2,113.4,9.9,0.309,0.045,0.126,91.46,30.7
1630561,David Duke Jr.,SAS,25.0,6,33.71666666666667,6,14,0.429,3,6,0.5,1,2,0.5,5,4,1,0,2,16,28,0.207,0.538,0.536,128.4,91.8,36.6,0.133,0.07,0.087,7.32,5.6
1631223,David Roddy,HOU,24.0,33,409.75333333333333,57,125,0.456,19,61,0.311,20,26,0.769,84,35,14,9,22,153,-76,0.159,0.561,0.532,106.4,114.6,-8.2,0.121,0.101,0.089,40.24,12.4
1630558,Davion Mitchell,MIA,26.0,74,2027.3133333333333,223,476,0.468,84,211,0.398,58,84,0.69,167,363,72,16,128,588,-3,0.135,0.573,0.557,111.0,110.7,0.3,0.237,0.041,0.069,90.24,27.4
1630549,Day'Ron Sharpe,BKN,23.0,50,907.4583333333334,165,317,0.521,11,45,0.244,56,74,0.757,330,91,41,42,63,397,64,0.186,0.568,0.538,109.2,107.1,2.1,0.158,0.174,0.134,60.98,18.1
1628368,De'Aaron Fox,SAS,27.0,62,2241.1366666666668,539,1163,0.463,118,381,0.31,263,318,0.827,298,392,91,25,174,1459,-69,0.274,0.56,0.514,113.7,114.9,-1.2,0.262,0.064,0.119,75.61,36.1
1629631,De'Andre Hunter,CLE,27.0,64,1740.015,358,762,0.47,157,388,0.405,215,254,0.846,258,92,50,13,82,1088,88,0.221,0.623,0.573,115.9,113.9,2.0,0.077,0.071,0.101,78.05,27.2
1629001,De'Anthony Melton,BKN,27.0,6,120.98333333333333,22,54,0.407,13,35,0.371,5,8,0.625,20,17,7,2,10,62,27,0.223,0.539,0.528,108.3,97.4,10.9,0.205,0.075,0.091,7.32,20.2
201599,DeAndre Jordan,DEN,36.0,56,690.7016666666667,91,140,0.65,0,0,0.0,27,64,0.422,284,53,16,27,40,209,-47,0.126,0.621,0.65,108.8,112.1,-3.3,0.105,0.194,0.115,68.29,12.3
201942,DeMar DeRozan,SAC,35.0,77,2767.615,624,1308,0.477,84,256,0.328,378,441,0.857,298,342,62,32,105,1710,110,0.244,0.569,0.509,116.8,115.3,1.5,0.182,0.054,0.112,93.9,35.9
1629731,Dean Wade,CLE,28.0,59,1252.4516666666666,112,271,0.413,80,222,0.36,16,30,0.533,249,76,42,20,22,320,284,0.101,0.563,0.561,120.0,109.4,10.7,0.073,0.097,0.067,71.95,21.2
1629028,Deandre Ayton,POR,26.0,40,1205.62,265,468,0.566,6,32,0.188,40,60,0.667,406,64,31,39,69,576,-162,0.197,0.583,0.573,110.0,116.8,-6.9,0.083,0.168,0.125,48.78,30.1
1627749,Dejounte Murray,NOP,28.0,31,1012.1483333333333,194,494,0.393,52,174,0.299,102,124,0.823,200,228,63,12,106,542,-207,0.263,0.494,0.445,109.0,118.1,-9.1,0.347,0.094,0.118,37.8,32.6
1626153,Delon Wright,NYK,33.0,40,634.4966666666667,45,131,0.344,20,73,0.274,15,25,0.6,66,77,35,12,22,125,1,0.111,0.44,0.42,106.1,106.3,-0.2,0.162,0.051,0.061,48.78,15.9
1630166,Deni Avdija,POR,24.0,72,2161.1483333333335,402,844,0.476,125,342,0.365,290,372,0.78,522,281,71,35,196,1219,-78,0.228,0.605,0.55,113.6,114.5,-0.9,0.193,0.117,0.126,87.8,30.0
203471,Dennis Schröder,DET,31.0,75,2104.778333333333,336,827,0.406,127,371,0.342,181,216,0.838,198,404,66,12,142,980,-72,0.211,0.531,0.483,111.8,112.8,-0.9,0.287,0.046,0.091,91.46,28.1
1641726,Dereck Lively II,DAL,21.0,36,832.7366666666667,134,191,0.702,0,0,0.0,46,73,0.63,270,85,20,56,41,314,121,0.132,0.704,0.702,114.1,106.4,7.7,0.143,0.155,0.124,43.9,23.1
1627884,Derrick Jones Jr.,LAC,28.0,77,1873.3883333333333,310,589,0.526,78,219,0.356,83,118,0.703,263,60,79,33,66,781,249,0.16,0.609,0.593,115.5,108.7,6.7,0.044,0.072,0.076,93.9,24.3
1628401,Derrick White,BOS,30.0,76,2573.615,424,959,0.442,265,691,0.384,135,161,0.839,341,361,72,80,131,1248,540,0.195,0.606,0.58,119.7,109.5,10.2,0.199,0.064,0.106,92.68,33.9
1630217,Desmond Bane,ORL,27.0,69,2205.225,493,1018,0.484,164,418,0.392,177,198,0.894,418,369,80,28,169,1327,143,0.227,0.6,0.565,116.1,113.3,2.8,0.235,0.088,0.131,84.15,32.0
1626164,Devin Booker,PHX,28.0,75,2794.9666666666667,654,1420,0.461,183,551,0.332,432,483,0.894,305,529,67,16,220,1923,-177,0.285,0.589,0.525,115.3,118.5,-3.2,0.301,0.055,0.122,91.46,37.3
1642269,Devin Carter,SAC,23.0,36,395.9433333333333,47,127,0.37,18,61,0.295,26,44,0.591,76,41,21,4,18,138,43,0.169,0.471,0.441,113.1,109.3,3.9,0.139,0.093,0.07,43.9,11.0
1630170,Devin Vassell,SAS,24.0,64,1983.185,394,889,0.443,158,429,0.368,95,120,0.792,255,183,84,33,88,1041,-262,0.217,0.553,0.532,111.9,118.1,-6.2,0.139,0.062,0.092,78.05,31.0
1628415,Dillon Brooks,HOU,29.0,75,2388.2616666666668,384,895,0.429,186,469,0.397,99,121,0.818,275,128,60,16,76,1053,207,0.176,0.555,0.533,113.5,108.8,4.7,0.076,0.054,0.067,91.46,31.8
1641794,Dillon Jones,OKC,23.0,54,551.4933333333333,51,133,0.383,16,63,0.254,17,28,0.607,121,58,16,4,28,135,75,0.131,0.464,0.444,108.9,102.9,6.0,0.143,0.102,0.066,65.85,10.2
1627734,Domantas Sabonis,SAC,29.0,70,2428.8766666666666,527,893,0.59,65,156,0.417,218,289,0.754,972,423,48,26,202,1337,144,0.213,0.655,0.627,116.5,113.9,2.6,0.251,0.199,0.164,85.37,34.7
1631230,Dominick Barlow,ATL,22.0,35,374.99833333333333,60,113,0.531,7,27,0.259,21,33,0.636,85,19,9,16,5,148,-2,0.141,0.58,0.562,110.2,111.8,-1.6,0.07,0.114,0.082,42.68,10.7
1642270,Donovan Clingan,POR,21.0,67,1323.6433333333334,180,334,0.539,14,49,0.286,62,104,0.596,527,77,34,110,72,436,-2,0.135,0.574,0.56,109.9,109.7,0.2,0.081,0.179,0.105,81.71,19.8
1628378,Donovan Mitchell,CLE,28.0,71,2232.0333333333333,585,1320,0.443,233,633,0.368,298,362,0.823,322,354,95,17,149,1701,522,0.298,0.575,0.531,119.7,109.1,10.5,0.238,0.069,0.137,86.59,31.4
1628978,Donte DiVincenzo,MIN,28.0,62,1605.7333333333333,250,593,0.422,174,438,0.397,49,63,0.778,228,225,73,17,99,723,174,0.188,0.582,0.568,114.2,109.1,5.1,0.203,0.068,0.1,75.61,25.9
1627827,Dorian Finney-Smith,LAL,32.0,63,1818.6783333333333,195,435,0.448,129,314,0.411,30,45,0.667,247,90,58,23,56,549,309,0.123,0.604,0.597,119.1,110.3,8.8,0.066,0.069,0.06,76.83,28.9
203926,Doug McDermott,SAC,33.0,42,341.65166666666664,50,117,0.427,44,101,0.436,3,5,0.6,22,7,4,2,6,147,27,0.15,0.617,0.615,111.5,109.9,1.6,0.028,0.031,0.051,51.22,8.1
203110,Draymond Green,GSW,35.0,68,1983.3066666666666,216,509,0.424,80,246,0.325,101,147,0.687,414,383,99,70,174,613,275,0.157,0.534,0.503,115.4,108.8,6.6,0.255,0.102,0.088,82.93,29.2
1629234,Drew Eubanks,LAC,28.0,61,746.01,115,194,0.593,3,6,0.5,47,71,0.662,226,54,12,39,41,280,-126,0.149,0.622,0.601,106.7,114.8,-8.1,0.11,0.145,0.111,74.39,12.2
1641809,Drew Peterson,BOS,25.0,25,186.14666666666668,17,41,0.415,13,33,0.394,7,9,0.778,40,13,5,2,8,54,46,0.121,0.601,0.573,115.7,102.9,12.8,0.095,0.108,0.078,30.49,7.4
1631166,Drew Timme,BKN,24.0,9,253.87833333333333,45,102,0.441,9,35,0.257,10,16,0.625,65,20,4,1,15,109,-66,0.205,0.5,0.485,102.8,115.5,-12.6,0.137,0.123,0.086,10.98,28.2
1630696,Dru Smith,MIA,27.0,14,268.205,31,61,0.508,16,30,0.533,9,12,0.75,36,23,21,6,17,87,38,0.131,0.656,0.639,107.3,100.5,6.8,0.128,0.064,0.082,17.07,19.2
1629130,Duncan Robinson,MIA,31.0,74,1785.595,290,663,0.437,190,483,0.393,47,53,0.887,167,176,40,6,86,817,66,0.187,0.595,0.581,110.1,109.9,0.2,0.148,0.047,0.078,90.24,24.1
1641871,Duop Reath,POR,29.0,46,469.4266666666667,70,166,0.422,34,106,0.321,20,22,0.909,92,26,12,14,16,194,-55,0.162,0.552,0.524,108.0,114.5,-6.5,0.083,0.095,0.077,56.1,10.2
203939,Dwight Powell,DAL,33.0,55,550.86,42,61,0.689,2,5,0.4,28,43,0.651,118,55,18,21,18,114,-14,0.073,0.713,0.705,108.6,109.7,-1.1,0.13,0.107,0.073,67.07,10.0
1630700,Dyson Daniels,ATL,22.0,76,2571.17,455,923,0.493,80,235,0.34,83,140,0.593,449,333,229,55,155,1073,-65,0.178,0.545,0.536,113.3,114.2,-0.9,0.174,0.085,0.099,92.68,33.8
1630604,E.J. Liddell,CHI,24.0,12,52.85666666666667,8,15,0.533,3,10,0.3,2,2,1.0,9,3,1,1,2,21,-8,0.13,0.661,0.633,117.9,126.4,-8.6,0.064,0.086,0.047,14.63,4.4
203901,Elfrid Payton,NOP,31.0,24,510.805,40,122,0.328,1,6,0.167,4,7,0.571,79,166,24,11,59,85,-149,0.151,0.34,0.332,99.7,113.1,-13.4,0.443,0.071,0.079,29.27,21.3
1641989,Elijah Harkless,UTA,25.0,10,138.0,11,35,0.314,7,25,0.28,3,6,0.5,21,8,10,1,3,32,31,0.12,0.425,0.414,113.2,103.5,9.7,0.073,0.074,0.037,12.2,13.8
1641801,Emanuel Miller,CHI,25.0,6,24.733333333333334,4,8,0.5,0,1,0.0,2,2,1.0,8,2,1,0,0,10,-8,0.143,0.563,0.5,120.4,130.4,-10.0,0.105,0.151,0.092,7.32,4.1
1641734,Emoni Bates,CLE,21.0,10,74.78333333333333,13,38,0.342,11,30,0.367,0,0,0.0,7,8,1,1,2,37,-34,0.201,0.487,0.487,89.0,110.5,-21.5,0.2,0.036,0.08,12.2,7.5
1642402,Enrique Freeman,IND,24.0,22,181.205,16,37,0.432,1,10,0.1,13,19,0.684,30,9,3,3,6,46,-19,0.109,0.507,0.446,104.4,110.7,-6.3,0.062,0.078,0.04,26.83,8.2
201569,Eric Gordon,PHI,36.0,39,768.4916666666667,87,204,0.426,56,137,0.409,36,48,0.75,46,65,26,12,28,266,-72,0.14,0.591,0.564,111.0,116.4,-5.4,0.118,0.031,0.067,47.56,19.7
1630596,Evan Mobley,CLE,24.0,71,2166.555,505,906,0.557,85,230,0.37,221,305,0.725,659,226,61,113,145,1316,546,0.226,0.633,0.604,120.5,108.6,11.9,0.149,0.147,0.151,86.59,30.5
1630532,Franz Wagner,ORL,23.0,60,2023.3066666666666,537,1161,0.463,104,352,0.295,271,311,0.871,342,284,75,21,138,1449,247,0.306,0.558,0.507,111.8,105.8,6.0,0.247,0.085,0.153,73.17,33.7
1627832,Fred VanVleet,HOU,31.0,60,2111.298333333333,287,759,0.378,159,461,0.345,111,137,0.81,221,333,94,25,87,844,264,0.176,0.515,0.483,115.0,108.8,6.2,0.217,0.049,0.093,73.17,35.2
1641713,GG Jackson,MEM,20.0,29,458.615,74,199,0.372,32,95,0.337,29,40,0.725,92,29,12,5,31,209,-68,0.219,0.482,0.452,112.7,118.6,-5.9,0.085,0.093,0.064,35.37,15.8
1629216,Gabe Vincent,LAL,29.0,72,1527.265,168,420,0.4,109,309,0.353,15,21,0.714,92,98,51,13,41,460,48,0.131,0.536,0.53,111.8,110.7,1.1,0.09,0.029,0.039,87.8,21.2
202066,Garrett Temple,TOR,39.0,28,226.76833333333335,18,60,0.3,6,28,0.214,11,12,0.917,29,31,17,2,10,53,-28,0.129,0.406,0.35,106.6,111.1,-4.5,0.171,0.061,0.051,34.15,8.1
1629726,Garrison Mathews,ATL,28.0,47,829.5083333333333,102,257,0.397,85,218,0.39,64,78,0.821,87,60,26,15,31,353,-60,0.153,0.606,0.562,107.9,111.4,-3.5,0.102,0.049,0.068,57.32,17.6
203914,Gary Harris,ORL,30.0,48,710.71,51,133,0.383,36,101,0.356,7,12,0.583,64,30,26,12,17,145,86,0.09,0.524,0.519,110.4,103.2,7.2,0.058,0.044,0.043,58.54,14.8
1627780,Gary Payton II,GSW,32.0,62,927.1766666666666,171,298,0.574,31,95,0.326,27,38,0.711,185,83,52,17,39,400,45,0.156,0.635,0.626,113.5,110.1,3.4,0.132,0.096,0.104,75.61,15.0
1629018,Gary Trent Jr.,MIL,26.0,74,1893.395,283,657,0.431,180,433,0.416,78,92,0.848,168,87,72,4,42,824,70,0.168,0.591,0.568,115.9,114.0,1.9,0.064,0.044,0.07,90.24,25.6
1627777,Georges Niang,ATL,32.0,79,1697.2333333333333,286,620,0.461,166,409,0.406,46,58,0.793,272,111,28,14,82,784,194,0.177,0.607,0.595,118.7,114.1,4.7,0.087,0.077,0.071,96.34,21.5
203507,Giannis Antetokounmpo,MIL,30.0,67,2288.63,793,1319,0.601,14,63,0.222,436,707,0.617,798,433,58,78,206,2036,334,0.346,0.625,0.607,118.9,111.7,7.2,0.339,0.172,0.21,81.71,34.2
1629048,Goga Bitadze,ORL,25.0,70,1429.4616666666666,207,339,0.611,3,28,0.107,85,133,0.639,463,137,49,98,72,502,80,0.142,0.631,0.615,110.1,107.4,2.7,0.142,0.169,0.134,85.37,20.4
1641711,Gradey Dick,TOR,21.0,54,1587.3733333333332,265,647,0.41,114,326,0.35,133,155,0.858,193,98,48,10,83,777,-210,0.209,0.543,0.498,110.3,116.1,-5.8,0.087,0.059,0.071,65.85,29.4
1629684,Grant Williams,CHA,26.0,16,479.025,54,123,0.439,27,74,0.365,31,37,0.838,82,37,18,13,28,166,10,0.146,0.596,0.549,114.9,113.3,1.6,0.107,0.083,0.076,19.51,29.9
1628960,Grayson Allen,PHX,29.0,64,1543.705,219,489,0.448,149,350,0.426,93,114,0.816,194,137,54,19,75,680,-79,0.169,0.631,0.6,114.7,118.0,-3.3,0.125,0.064,0.084,78.05,24.1
1627824,Guerschon Yabusele,PHI,29.0,70,1894.7366666666667,282,563,0.501,104,274,0.38,100,138,0.725,395,148,58,24,87,768,-118,0.163,0.616,0.593,113.5,116.7,-3.2,0.114,0.108,0.092,85.37,27.1
1630611,Gui Santos,GSW,23.0,56,761.5233333333333,82,179,0.458,34,103,0.33,29,42,0.69,172,80,25,10,42,227,165,0.126,0.575,0.553,117.8,107.3,10.6,0.138,0.106,0.073,68.29,13.6
203084,Harrison Barnes,SAS,33.0,82,2230.0633333333335,347,683,0.508,156,360,0.433,161,199,0.809,310,136,39,14,50,1011,-25,0.157,0.656,0.622,114.5,115.6,-1.2,0.085,0.067,0.092,100.0,27.2
1631127,Harrison Ingram,SAS,22.0,5,34.75,2,4,0.5,0,1,0.0,0,0,0.0,9,3,3,0,1,4,30,0.06,0.5,0.5,132.0,92.0,40.0,0.086,0.129,0.08,6.1,7.0
1629312,Haywood Highsmith,MIA,28.0,74,1818.3266666666666,179,391,0.458,89,233,0.382,31,43,0.721,252,112,68,37,54,478,61,0.111,0.583,0.572,111.8,110.4,1.4,0.084,0.069,0.057,90.24,24.6
1630529,Herbert Jones,NOP,26.0,20,648.1316666666667,75,172,0.436,22,72,0.306,33,40,0.825,78,65,37,9,35,205,-20,0.146,0.541,0.5,111.8,112.5,-0.7,0.134,0.059,0.062,24.39,32.4
1641816,Hunter Tyson,DEN,25.0,51,399.935,45,120,0.375,23,74,0.311,21,28,0.75,78,20,10,6,14,134,-98,0.146,0.506,0.471,98.5,108.7,-10.2,0.074,0.088,0.057,62.2,7.8
1630193,Immanuel Quickley,TOR,26.0,33,917.7533333333333,184,438,0.42,85,225,0.378,111,128,0.867,117,191,23,4,58,564,-39,0.246,0.57,0.517,109.0,110.7,-1.6,0.32,0.06,0.128,40.24,27.8
1642403,Isaac Jones,SAC,24.0,40,303.86333333333334,54,83,0.651,3,8,0.375,23,36,0.639,57,12,5,10,16,134,-64,0.152,0.678,0.669,104.6,115.1,-10.5,0.057,0.095,0.087,48.78,7.6
1630171,Isaac Okoro,CLE,24.0,55,1053.2033333333334,124,267,0.464,56,151,0.371,33,46,0.717,130,68,32,16,23,337,253,0.124,0.587,0.569,122.1,109.7,12.5,0.078,0.06,0.057,67.07,19.1
1642268,Isaiah Collier,UTA,20.0,71,1839.1066666666666,234,555,0.422,42,169,0.249,105,154,0.682,235,446,66,16,208,615,-403,0.186,0.494,0.459,108.3,118.6,-10.4,0.342,0.061,0.077,86.59,25.9
1642384,Isaiah Crawford,SAC,23.0,15,45.666666666666664,5,11,0.455,1,5,0.2,2,4,0.5,8,1,1,2,1,13,23,0.122,0.509,0.5,112.0,92.7,19.3,0.029,0.088,0.07,18.29,3.0
1628392,Isaiah Hartenstein,OKC,27.0,57,1589.6416666666667,279,480,0.581,0,19,0.0,79,117,0.675,611,219,47,62,96,637,417,0.165,0.599,0.581,118.3,105.3,13.0,0.178,0.185,0.138,69.51,27.9
1630543,Isaiah Jackson,IND,23.0,5,83.88,14,23,0.609,0,0,0.0,7,14,0.5,28,5,3,8,5,35,10,0.164,0.6,0.609,112.5,107.1,5.4,0.079,0.149,0.095,6.1,16.8
1630198,Isaiah Joe,OKC,25.0,74,1603.9766666666667,259,588,0.44,192,466,0.412,46,56,0.821,196,119,48,9,38,756,550,0.166,0.617,0.604,119.9,104.1,15.8,0.096,0.058,0.089,90.24,21.7
1630600,Isaiah Mobley,PHI,25.0,1,17.366666666666667,2,7,0.286,1,3,0.333,1,2,0.5,4,5,1,1,0,6,-6,0.17,0.381,0.357,92.7,110.0,-17.3,0.556,0.091,0.099,1.22,17.4
1641815,Isaiah Stevens,MIA,24.0,3,5.55,0,2,0.0,0,1,0.0,0,0,0.0,2,0,1,0,0,0,4,0.143,0.0,0.0,61.5,30.8,30.8,0.0,0.125,0.125,3.66,1.8
1630191,Isaiah Stewart,DET,24.0,72,1433.8483333333334,176,315,0.559,17,53,0.321,66,87,0.759,399,123,28,101,68,435,9,0.121,0.616,0.586,109.1,108.6,0.5,0.12,0.129,0.096,87.8,19.9
1631209,Isaiah Wong,CHA,24.0,20,265.50333333333333,41,105,0.39,13,33,0.394,25,34,0.735,32,28,11,0,18,120,-6,0.22,0.5,0.452,100.0,102.6,-2.6,0.187,0.06,0.077,24.39,13.3
1627826,Ivica Zubac,LAC,28.0,80,2624.1766666666667,592,942,0.628,0,0,0.0,156,236,0.661,1010,214,55,90,127,1340,514,0.192,0.641,0.628,116.5,107.1,9.4,0.121,0.199,0.157,97.56,32.8
1631120,JD Davison,BOS,22.0,16,92.915,12,34,0.353,4,18,0.222,5,7,0.714,13,13,5,1,13,33,-28,0.228,0.445,0.412,91.7,105.4,-13.7,0.277,0.067,0.079,19.51,5.8
1630550,JT Thor,WAS,22.0,20,249.31666666666666,25,59,0.424,6,21,0.286,15,22,0.682,48,6,8,9,9,71,-96,0.132,0.517,0.475,95.3,115.3,-20.0,0.04,0.085,0.065,24.39,12.5
1629630,Ja Morant,MEM,25.0,50,1519.11,404,889,0.454,88,285,0.309,263,319,0.824,205,364,61,12,185,1159,226,0.312,0.563,0.504,116.4,109.6,6.8,0.355,0.062,0.141,60.98,30.4
1642266,Ja'Kobe Walter,TOR,20.0,52,1103.235,159,393,0.405,65,186,0.349,66,83,0.795,160,81,43,10,50,449,-83,0.179,0.523,0.487,108.6,111.1,-2.4,0.105,0.07,0.068,63.41,21.2
1631095,Jabari Smith Jr.,HOU,22.0,57,1715.5783333333334,248,566,0.438,98,277,0.354,104,126,0.825,399,60,25,41,61,698,250,0.16,0.562,0.525,113.4,106.1,7.3,0.048,0.107,0.093,69.51,30.1
1631133,Jabari Walker,POR,22.0,60,749.165,118,229,0.515,28,72,0.389,49,71,0.69,211,37,33,6,34,313,15,0.156,0.601,0.576,108.1,107.6,0.5,0.071,0.133,0.107,73.17,12.5
1629098,Jack McVeigh,HOU,29.0,9,43.25,5,17,0.294,4,13,0.308,0,0,0.0,5,1,0,2,2,14,-10,0.176,0.412,0.412,84.7,93.9,-9.2,0.038,0.048,0.02,10.98,4.8
1642050,Jackson Rowe,GSW,28.0,6,51.73166666666667,8,17,0.471,3,10,0.3,3,6,0.5,11,4,4,0,1,22,23,0.142,0.56,0.559,116.4,103.5,12.9,0.1,0.097,0.101,7.32,8.6
1631210,Jacob Toppin,ATL,25.0,17,75.15,9,22,0.409,5,10,0.5,0,0,0.0,15,6,2,0,3,23,-25,0.14,0.523,0.523,89.9,104.4,-14.5,0.133,0.097,0.09,20.73,4.4
1630702,Jaden Hardy,DAL,22.0,57,907.4383333333334,180,414,0.435,76,197,0.386,60,86,0.698,89,81,28,5,82,496,-65,0.244,0.549,0.527,108.3,111.6,-3.2,0.138,0.048,0.069,69.51,15.9
1631093,Jaden Ivey,DET,23.0,30,898.0333333333333,190,413,0.46,63,154,0.409,85,116,0.733,124,119,28,11,89,528,-62,0.256,0.569,0.536,110.5,114.6,-4.1,0.207,0.067,0.099,36.59,29.9
1630183,Jaden McDaniels,MIN,24.0,82,2614.41,398,834,0.477,100,303,0.33,104,128,0.813,470,163,110,74,95,1000,172,0.16,0.562,0.537,113.9,109.9,4.0,0.091,0.087,0.086,100.0,31.9
1630531,Jaden Springer,UTA,22.0,43,365.175,35,90,0.389,12,48,0.25,27,38,0.711,58,33,24,4,16,109,-32,0.139,0.511,0.456,105.6,108.9,-3.3,0.13,0.076,0.063,52.44,8.5
203109,Jae Crowder,SAC,34.0,9,102.76166666666667,7,22,0.318,4,15,0.267,5,6,0.833,20,6,3,0,4,23,-18,0.113,0.467,0.409,101.9,109.2,-7.4,0.077,0.093,0.048,10.98,11.4
1630256,Jae'Sean Tate,HOU,29.0,52,588.11,70,148,0.473,16,46,0.348,32,47,0.681,117,47,26,7,22,188,51,0.126,0.557,0.527,111.0,104.7,6.3,0.107,0.089,0.071,63.41,11.3
1626143,Jahlil Okafor,IND,29.0,1,3.3666666666666667,0,0,0.0,0,0,0.0,0,0,0.0,1,1,0,0,0,0,5,0.0,0.0,0.0,125.0,62.5,62.5,0.25,0.111,0.133,1.22,3.4
1642443,Jahmir Young,CHI,24.0,6,29.666666666666668,4,5,0.8,1,2,0.5,2,2,1.0,3,6,0,0,1,11,-7,0.092,0.935,0.9,110.0,123.5,-13.5,0.231,0.052,0.1,7.32,4.9
1631170,Jaime Jaquez Jr.,MIA,24.0,66,1368.38,213,462,0.461,37,119,0.311,107,142,0.754,290,166,61,14,98,570,-152,0.194,0.543,0.501,107.9,113.9,-6.0,0.181,0.103,0.098,80.49,20.7
1631222,Jake LaRavia,SAC,23.0,66,1349.28,160,337,0.475,60,142,0.423,78,115,0.678,259,158,62,23,86,458,126,0.14,0.591,0.564,115.0,111.2,3.8,0.15,0.091,0.081,80.49,20.4
1627751,Jakob Poeltl,TOR,29.0,57,1685.7483333333332,363,579,0.627,1,3,0.333,97,144,0.674,547,158,66,71,111,824,-37,0.184,0.641,0.628,111.2,111.9,-0.7,0.136,0.158,0.133,69.51,29.6
1641779,Jalen Bridges,PHX,24.0,8,30.373333333333335,2,7,0.286,2,7,0.286,3,4,0.75,4,0,0,0,4,9,7,0.197,0.514,0.429,98.4,88.7,9.7,0.0,0.062,0.026,9.76,3.8
1628973,Jalen Brunson,NYK,28.0,65,2300.7083333333335,585,1200,0.488,152,397,0.383,368,448,0.821,187,475,60,8,164,1690,146,0.289,0.605,0.551,118.3,115.7,2.6,0.318,0.042,0.138,79.27,35.4
1631105,Jalen Duren,DET,21.0,78,2033.5483333333334,378,546,0.692,0,0,0.0,162,242,0.669,807,209,54,89,136,918,36,0.161,0.703,0.692,115.5,114.0,1.5,0.141,0.199,0.14,95.12,26.1
1630224,Jalen Green,HOU,23.0,82,2697.11,608,1437,0.423,234,661,0.354,273,336,0.813,377,282,71,27,203,1723,166,0.267,0.544,0.505,113.8,111.1,2.8,0.159,0.065,0.111,100.0,32.9
1641720,Jalen Hood-Schifino,PHI,22.0,15,314.6766666666667,37,98,0.378,14,46,0.304,18,21,0.857,27,37,5,7,18,106,-96,0.164,0.494,0.449,107.2,123.5,-16.4,0.165,0.041,0.049,18.29,21.0
1630552,Jalen Johnson,ATL,23.0,36,1284.1783333333333,271,542,0.5,44,141,0.312,94,126,0.746,359,181,56,36,106,680,55,0.214,0.569,0.541,111.8,110.2,1.6,0.203,0.132,0.135,43.9,35.7
1629667,Jalen McDaniels,SAC,27.0,4,7.335,0,0,0.0,0,0,0.0,0,0,0.0,0,1,1,0,0,0,-1,0.0,0.0,0.0,81.3,77.8,3.5,0.25,0.0,0.114,4.88,1.8
1629618,Jalen Pickett,DEN,25.0,49,666.19,77,180,0.428,40,101,0.396,6,8,0.75,71,107,19,5,24,200,52,0.13,0.545,0.539,112.6,109.7,2.9,0.211,0.051,0.078,59.76,13.6
1630188,Jalen Smith,CHI,25.0,64,962.3833333333333,190,408,0.466,72,222,0.324,72,89,0.809,357,65,17,44,37,524,-36,0.201,0.586,0.554,110.3,111.5,-1.2,0.101,0.165,0.133,78.05,15.0
1630591,Jalen Suggs,ORL,24.0,35,1002.4533333333334,197,481,0.41,76,242,0.314,97,110,0.882,141,129,51,33,102,567,3,0.268,0.536,0.489,105.7,104.8,1.0,0.216,0.072,0.107,42.68,28.6
1631114,Jalen Williams,OKC,24.0,69,2236.673333333333,565,1168,0.484,124,340,0.365,236,299,0.789,369,354,111,46,150,1490,456,0.27,0.573,0.537,116.7,106.5,10.2,0.233,0.079,0.138,84.15,32.4
1630592,Jalen Wilson,BKN,24.0,79,2031.3866666666668,246,620,0.397,122,362,0.337,135,165,0.818,270,145,40,5,79,749,-262,0.161,0.541,0.495,106.9,113.7,-6.7,0.11,0.067,0.065,96.34,25.7
1631288,Jamal Cain,NOP,26.0,37,501.79833333333335,68,158,0.43,26,80,0.325,34,50,0.68,85,22,23,9,22,196,-132,0.167,0.544,0.513,106.4,119.3,-12.9,0.065,0.082,0.067,45.12,13.6
1627750,Jamal Murray,DEN,28.0,67,2418.346666666667,531,1121,0.474,156,397,0.393,218,246,0.886,261,403,91,33,138,1436,331,0.235,0.584,0.543,122.0,115.5,6.5,0.223,0.053,0.111,81.71,36.1
1642347,Jamal Shead,TOR,22.0,75,1466.825,204,504,0.405,72,223,0.323,53,69,0.768,115,316,58,10,117,533,-234,0.179,0.499,0.476,105.5,113.3,-7.8,0.307,0.037,0.07,91.46,19.6
1631123,Jamaree Bouyea,MIL,26.0,5,61.7,6,12,0.5,1,5,0.2,4,6,0.667,5,10,4,2,8,17,2,0.163,0.581,0.542,118.5,117.8,0.6,0.213,0.041,0.067,6.1,12.3
201935,James Harden,LAC,35.0,79,2789.036666666667,531,1295,0.41,235,668,0.352,505,578,0.874,456,687,118,55,341,1802,344,0.286,0.582,0.501,115.4,109.2,6.2,0.365,0.083,0.145,96.34,35.3
201949,James Johnson,IND,38.0,12,36.61666666666667,4,11,0.364,0,3,0.0,0,1,0.0,6,4,0,2,4,8,-9,0.165,0.35,0.364,97.4,110.5,-13.1,0.16,0.087,0.015,14.63,3.1
1630164,James Wiseman,IND,24.0,1,4.633333333333334,2,4,0.5,0,1,0.0,2,2,1.0,1,0,0,0,0,6,-4,0.455,0.615,0.5,118.2,141.7,-23.5,0.0,0.125,0.156,1.22,4.6
1642419,Jamison Battle,TOR,24.0,59,1041.6783333333333,149,347,0.429,105,259,0.405,16,18,0.889,158,53,17,10,27,419,-183,0.147,0.59,0.581,105.0,113.4,-8.4,0.073,0.072,0.072,71.95,17.7
1641716,Jarace Walker,IND,21.0,75,1186.62,170,360,0.472,75,185,0.405,46,69,0.667,229,110,54,25,78,461,-146,0.165,0.59,0.576,107.0,112.1,-5.0,0.129,0.098,0.087,91.46,15.8
1630215,Jared Butler,PHI,24.0,60,1043.735,203,453,0.448,60,169,0.355,75,91,0.824,110,220,42,13,80,541,-131,0.222,0.549,0.514,108.5,114.5,-6.0,0.317,0.049,0.102,73.17,17.4
1642272,Jared McCain,PHI,21.0,23,591.7916666666666,126,274,0.46,51,133,0.383,49,56,0.875,56,60,15,0,37,352,-27,0.243,0.589,0.553,109.3,111.4,-2.1,0.171,0.048,0.106,28.05,25.7
1631197,Jared Rhoden,TOR,25.0,14,226.16333333333333,42,87,0.483,12,39,0.308,22,25,0.88,42,16,10,2,9,118,64,0.183,0.602,0.552,118.1,103.4,14.7,0.098,0.082,0.106,17.07,16.2
1628991,Jaren Jackson Jr.,MEM,25.0,74,2206.951666666667,592,1213,0.488,146,389,0.375,311,398,0.781,417,148,92,113,153,1641,331,0.274,0.591,0.548,115.2,108.8,6.4,0.102,0.087,0.124,90.24,29.8
1629020,Jarred Vanderbilt,LAL,26.0,36,580.8583333333333,59,121,0.488,9,32,0.281,20,36,0.556,182,41,35,10,29,147,35,0.116,0.537,0.525,115.6,112.2,3.3,0.094,0.154,0.082,43.9,16.1
1628386,Jarrett Allen,CLE,27.0,82,2296.0533333333333,452,640,0.706,0,5,0.0,199,277,0.718,798,158,77,73,97,1103,514,0.156,0.724,0.706,121.9,111.3,10.5,0.091,0.169,0.148,100.0,28.0
1629750,Javonte Green,CLE,31.0,68,1257.8333333333333,123,287,0.429,46,141,0.326,55,76,0.724,218,56,65,31,32,347,-212,0.113,0.541,0.509,109.1,117.0,-7.8,0.059,0.081,0.064,82.93,18.5
1629637,Jaxson Hayes,LAL,25.0,56,1092.6833333333334,161,223,0.722,0,3,0.0,61,98,0.622,269,58,31,51,43,383,87,0.12,0.72,0.722,112.3,109.8,2.5,0.076,0.121,0.097,68.29,19.5
1630643,Jay Huff,MEM,27.0,64,748.0316666666666,157,305,0.515,81,200,0.405,44,56,0.786,129,38,16,56,34,439,25,0.194,0.666,0.648,111.0,110.1,0.8,0.077,0.081,0.108,78.05,11.7
1627759,Jaylen Brown,BOS,28.0,63,2157.9283333333333,518,1118,0.463,116,358,0.324,246,322,0.764,368,286,73,19,162,1398,402,0.282,0.555,0.515,121.1,111.7,9.5,0.204,0.082,0.114,76.83,34.3
1641740,Jaylen Clark,MIN,23.0,40,521.9933333333333,56,120,0.467,22,51,0.431,29,37,0.784,53,26,36,2,8,163,44,0.115,0.598,0.558,115.2,109.6,5.6,0.067,0.05,0.057,48.78,13.0
1641798,Jaylen Martin,WAS,21.0,16,238.62666666666667,31,74,0.419,7,23,0.304,9,10,0.9,44,17,9,0,12,78,-131,0.155,0.497,0.466,93.6,120.7,-27.1,0.12,0.086,0.074,19.51,14.9
1629669,Jaylen Nowell,WAS,25.0,8,168.075,26,73,0.356,8,27,0.296,7,11,0.636,20,18,1,4,8,67,-42,0.215,0.43,0.411,100.9,114.0,-13.1,0.176,0.058,0.06,9.76,21.0
1631301,Jaylen Sims,CHA,26.0,6,111.80833333333334,12,28,0.429,6,15,0.4,12,15,0.8,6,12,3,1,8,42,-47,0.159,0.607,0.536,100.4,120.4,-20.0,0.176,0.025,0.057,7.32,18.6
1642377,Jaylen Wells,MEM,21.0,79,2043.4816666666666,287,676,0.425,138,392,0.352,111,135,0.822,268,135,44,8,69,823,186,0.156,0.56,0.527,116.7,111.9,4.7,0.082,0.061,0.065,96.34,25.9
1631119,Jaylin Williams,OKC,23.0,47,784.055,97,221,0.439,61,153,0.399,23,30,0.767,262,120,22,29,35,278,302,0.141,0.594,0.577,121.0,103.0,17.9,0.19,0.158,0.124,57.32,16.7
1642281,Jaylon Tyson,CLE,22.0,47,452.96,64,149,0.43,20,58,0.345,19,24,0.792,96,44,13,3,26,167,-2,0.164,0.523,0.497,108.4,108.8,-0.4,0.135,0.097,0.075,57.32,9.6
1628369,Jayson Tatum,BOS,27.0,72,2623.8166666666666,662,1465,0.452,250,728,0.343,358,440,0.814,623,431,76,38,209,1932,534,0.301,0.582,0.537,119.6,109.8,9.8,0.266,0.112,0.158,87.8,36.4
1641789,Jazian Gortman,DAL,22.0,16,56.61666666666667,9,23,0.391,4,11,0.364,2,4,0.5,5,6,2,1,5,24,11,0.195,0.485,0.478,103.8,99.2,4.6,0.154,0.04,0.031,19.51,3.5
1630288,Jeff Dowtin Jr.,PHI,28.0,41,620.77,112,230,0.487,28,70,0.4,33,45,0.733,60,78,24,12,15,285,-103,0.176,0.57,0.548,107.6,116.7,-9.2,0.196,0.047,0.106,50.0,15.1
201145,Jeff Green,HOU,38.0,32,396.44666666666666,61,121,0.504,29,79,0.367,21,26,0.808,58,20,6,4,9,172,-38,0.144,0.649,0.624,112.2,116.1,-3.9,0.068,0.065,0.085,39.02,12.4
203924,Jerami Grant,POR,31.0,47,1523.5866666666666,214,574,0.373,108,296,0.365,141,166,0.849,163,101,41,46,65,677,-202,0.192,0.523,0.467,107.4,113.4,-6.1,0.099,0.05,0.07,57.32,32.4
1630526,Jeremiah Robinson-Earl,NOP,24.0,66,1238.9,158,347,0.455,56,164,0.341,46,55,0.836,315,88,39,7,51,418,-331,0.14,0.563,0.536,107.2,119.0,-11.8,0.101,0.122,0.087,80.49,18.8
1631110,Jeremy Sochan,SAS,22.0,54,1363.9683333333332,251,469,0.535,28,91,0.308,87,125,0.696,352,128,45,27,84,617,-88,0.184,0.589,0.565,111.9,114.5,-2.7,0.138,0.121,0.101,65.85,25.3
1630579,Jericho Sims,MIL,26.0,53,631.245,45,71,0.634,0,0,0.0,8,13,0.615,197,33,10,19,33,98,25,0.074,0.639,0.634,111.5,109.1,2.4,0.068,0.156,0.07,64.63,11.9
1642399,Jesse Edwards,MIN,25.0,2,4.666666666666667,0,0,0.0,0,0,0.0,0,0,0.0,0,1,0,0,0,0,-10,0.0,0.0,0.0,72.7,150.0,-77.3,0.25,0.0,-0.043,2.44,2.3
1641724,Jett Howard,ORL,21.0,60,701.1066666666667,98,262,0.374,55,186,0.296,16,23,0.696,70,44,13,11,36,267,-86,0.181,0.491,0.479,103.0,108.7,-5.7,0.102,0.048,0.045,73.17,11.7
1628975,Jevon Carter,CHI,29.0,36,320.5733333333333,55,146,0.377,35,105,0.333,8,10,0.8,39,40,13,3,11,153,37,0.2,0.509,0.497,114.8,111.5,3.3,0.166,0.054,0.082,43.9,8.9
202710,Jimmy Butler III,GSW,35.0,55,1746.135,301,597,0.504,32,104,0.308,330,392,0.842,296,298,77,18,74,964,246,0.203,0.626,0.531,115.9,109.6,6.3,0.26,0.085,0.145,67.07,31.7
1629111,Jock Landale,HOU,29.0,42,500.0233333333333,81,152,0.533,11,26,0.423,27,40,0.675,137,37,13,10,21,200,-25,0.148,0.59,0.569,110.5,112.6,-2.1,0.102,0.125,0.097,51.22,11.9
204060,Joe Ingles,MIN,37.0,19,114.08666666666667,6,23,0.261,3,15,0.2,0,0,0.0,11,23,2,0,9,15,2,0.113,0.326,0.326,108.9,113.1,-4.2,0.261,0.048,0.025,23.17,6.0
203954,Joel Embiid,PHI,31.0,19,574.3933333333333,140,315,0.444,23,77,0.299,149,169,0.882,155,85,14,18,62,452,-57,0.342,0.58,0.481,104.0,109.5,-5.5,0.286,0.134,0.169,23.17,30.2
1628381,John Collins,UTA,27.0,40,1220.4916666666666,280,531,0.527,59,148,0.399,139,164,0.848,327,80,39,40,103,758,-16,0.234,0.628,0.583,112.4,113.3,-0.9,0.105,0.128,0.129,48.78,30.5
1629723,John Konchar,MEM,29.0,46,558.2233333333334,41,91,0.451,23,62,0.371,7,8,0.875,151,42,30,14,16,112,58,0.077,0.592,0.577,113.2,107.8,5.4,0.095,0.123,0.094,56.1,12.1
1631098,Johnny Davis,WAS,23.0,34,241.65833333333333,32,78,0.41,7,29,0.241,9,15,0.6,38,11,15,6,7,80,-26,0.15,0.473,0.455,104.7,107.2,-2.5,0.064,0.069,0.067,41.46,7.1
1642277,Johnny Furphy,IND,20.0,50,379.49666666666667,35,92,0.38,15,50,0.3,18,22,0.818,71,19,18,11,12,103,22,0.118,0.506,0.462,106.1,105.4,0.6,0.063,0.093,0.059,60.98,7.6
1630548,Johnny Juzang,UTA,24.0,64,1269.83,204,475,0.429,118,314,0.376,45,53,0.849,184,68,39,8,36,571,-357,0.174,0.573,0.554,107.2,120.3,-13.1,0.08,0.07,0.071,78.05,19.8
202685,Jonas Valančiūnas,SAC,33.0,81,1523.7633333333333,345,627,0.55,8,37,0.216,145,165,0.879,627,164,37,46,120,843,-304,0.222,0.602,0.557,109.2,118.8,-9.6,0.171,0.203,0.147,98.78,18.8
1628371,Jonathan Isaac,ORL,27.0,71,1090.015,134,324,0.414,39,151,0.258,73,107,0.682,314,40,61,80,33,380,-38,0.155,0.512,0.474,105.9,106.6,-0.7,0.056,0.141,0.108,86.59,15.4
1630228,Jonathan Kuminga,GSW,22.0,47,1144.08,258,568,0.454,46,151,0.305,157,235,0.668,217,104,38,21,71,719,8,0.271,0.535,0.495,110.0,108.9,1.0,0.151,0.088,0.11,57.32,24.3
1642367,Jonathan Mogbo,TOR,23.0,63,1285.655,156,356,0.438,17,70,0.243,60,82,0.732,311,146,55,34,70,389,-241,0.145,0.496,0.462,103.7,111.9,-8.2,0.16,0.114,0.083,76.83,20.4
203903,Jordan Clarkson,UTA,33.0,37,962.47,201,493,0.408,84,232,0.362,114,143,0.797,118,138,31,9,86,600,-204,0.269,0.54,0.493,107.5,117.5,-10.0,0.238,0.058,0.102,45.12,26.0
1630692,Jordan Goodwin,LAL,26.0,29,542.575,63,144,0.438,26,68,0.382,9,11,0.818,112,42,30,11,26,161,-11,0.134,0.541,0.528,111.2,112.4,-1.2,0.108,0.101,0.08,35.37,18.7
1641722,Jordan Hawkins,NOP,23.0,56,1320.5,207,556,0.372,110,332,0.331,80,98,0.816,158,66,30,23,58,604,-317,0.204,0.504,0.471,106.6,118.1,-11.4,0.076,0.056,0.066,68.29,23.6
1629162,Jordan McLaughlin,SAS,29.0,46,314.27666666666664,31,72,0.431,19,46,0.413,17,22,0.773,30,51,16,1,16,98,57,0.134,0.6,0.563,118.0,108.9,9.1,0.208,0.05,0.083,56.1,6.8
1641757,Jordan Miller,LAC,25.0,37,420.31,58,134,0.433,8,38,0.211,28,35,0.8,58,34,17,5,26,152,-63,0.175,0.509,0.463,103.8,109.8,-6.0,0.124,0.068,0.07,45.12,11.4
1629673,Jordan Poole,WAS,26.0,68,2000.8866666666668,457,1057,0.432,235,622,0.378,242,274,0.883,203,303,86,27,204,1391,-558,0.281,0.591,0.544,104.8,117.9,-13.1,0.254,0.046,0.107,82.93,29.4
1641775,Jordan Walsh,BOS,21.0,52,403.00333333333333,30,83,0.361,15,55,0.273,7,12,0.583,69,19,12,11,17,82,25,0.11,0.464,0.452,111.8,108.0,3.8,0.064,0.085,0.045,63.41,7.8
1630631,Jose Alvarado,NOP,27.0,56,1365.9,204,521,0.392,111,309,0.359,60,74,0.811,136,259,74,14,86,579,-232,0.193,0.523,0.498,108.4,117.1,-8.7,0.278,0.047,0.09,68.29,24.4
1630528,Josh Christopher,MIA,23.0,14,69.35,11,31,0.355,2,11,0.182,4,6,0.667,9,8,5,3,6,28,-5,0.235,0.416,0.387,105.7,108.2,-2.5,0.145,0.063,0.063,17.07,5.0
1630581,Josh Giddey,CHI,22.0,70,2116.641666666667,371,798,0.465,105,278,0.378,175,224,0.781,566,503,84,45,202,1022,-68,0.214,0.57,0.531,113.1,114.4,-1.4,0.322,0.127,0.13,85.37,30.2
1630182,Josh Green,CHA,24.0,68,1887.5033333333333,180,421,0.428,97,248,0.391,49,72,0.681,172,108,74,15,70,506,-364,0.115,0.559,0.543,105.3,114.2,-8.9,0.081,0.043,0.043,82.93,27.8
1628404,Josh Hart,NYK,30.0,77,2896.83,404,770,0.525,84,252,0.333,159,205,0.776,737,453,119,27,158,1051,203,0.151,0.611,0.579,117.9,114.3,3.6,0.206,0.13,0.119,93.9,37.6
1631169,Josh Minott,MIN,22.0,46,276.275,44,90,0.489,14,43,0.326,17,19,0.895,47,18,15,12,11,119,-16,0.16,0.605,0.567,104.0,107.0,-3.0,0.096,0.081,0.095,56.1,6.0
1629006,Josh Okogie,CHA,26.0,40,624.9783333333334,94,212,0.443,32,92,0.348,63,85,0.741,113,33,48,19,31,283,-13,0.185,0.567,0.519,108.8,109.3,-0.5,0.082,0.086,0.1,48.78,15.6
1626196,Josh Richardson,MIA,31.0,8,149.49,11,38,0.289,6,22,0.273,4,4,1.0,12,12,8,1,8,32,-31,0.134,0.402,0.368,104.1,114.7,-10.6,0.117,0.042,0.015,9.76,18.7
201950,Jrue Holiday,BOS,35.0,62,1896.0683333333334,254,573,0.443,108,306,0.353,70,77,0.909,265,239,66,27,77,686,339,0.156,0.565,0.538,116.6,107.7,8.9,0.174,0.065,0.088,75.61,30.6
1630577,Julian Champagnie,SAS,24.0,82,1932.1283333333333,276,665,0.415,178,480,0.371,85,94,0.904,318,111,61,35,74,815,-67,0.164,0.577,0.549,112.3,114.5,-2.1,0.078,0.077,0.079,100.0,23.6
1641763,Julian Phillips,CHI,21.0,79,1122.905,128,287,0.446,50,153,0.327,60,76,0.789,169,39,38,20,27,366,30,0.126,0.571,0.533,112.9,111.1,1.8,0.045,0.07,0.055,96.34,14.2
1631124,Julian Strawther,DEN,23.0,65,1383.47,210,486,0.432,94,269,0.349,74,90,0.822,142,83,39,16,57,588,-71,0.173,0.559,0.529,111.9,114.4,-2.5,0.082,0.049,0.057,79.27,21.3
203944,Julius Randle,MIN,30.0,69,2225.5266666666666,455,939,0.485,108,314,0.344,270,335,0.806,487,323,47,16,196,1288,166,0.246,0.593,0.542,115.0,111.6,3.4,0.228,0.108,0.124,84.15,32.3
1630551,Justin Champagnie,WAS,24.0,62,1340.5333333333333,210,411,0.511,74,193,0.383,50,73,0.685,351,60,65,39,54,544,-288,0.15,0.614,0.601,107.1,116.8,-9.7,0.066,0.119,0.101,75.61,21.6
1642348,Justin Edwards,PHI,21.0,44,1154.72,172,378,0.455,69,190,0.363,32,46,0.696,148,69,45,16,49,445,-280,0.165,0.559,0.546,111.6,123.2,-11.6,0.084,0.065,0.062,53.66,26.2
1631303,Justin Minaya,POR,26.0,19,100.67333333333333,8,21,0.381,2,10,0.2,0,2,0.0,10,7,6,1,5,18,-12,0.107,0.411,0.429,95.0,101.9,-6.9,0.108,0.051,0.02,23.17,5.3
203994,Jusuf Nurkić,CHA,30.0,51,1062.8266666666666,168,352,0.477,32,105,0.305,85,128,0.664,398,115,40,34,97,453,-184,0.202,0.555,0.523,106.1,115.1,-9.0,0.167,0.181,0.116,62.2,20.8
1630231,KJ Martin,UTA,24.0,43,911.4983333333333,111,201,0.552,15,58,0.259,37,47,0.787,125,48,17,22,24,274,-142,0.112,0.618,0.59,109.3,117.4,-8.1,0.074,0.067,0.061,52.44,21.2
1642354,KJ Simpson,CHA,22.0,36,842.0833333333334,104,301,0.346,33,130,0.254,41,50,0.82,109,112,34,6,56,282,-278,0.188,0.437,0.4,101.0,116.4,-15.4,0.21,0.06,0.06,43.9,23.4
1630539,Kai Jones,DAL,24.0,40,468.37,87,109,0.798,1,5,0.2,23,32,0.719,125,25,15,23,18,198,-21,0.128,0.804,0.803,107.0,109.2,-2.3,0.08,0.133,0.131,48.78,11.7
1626157,Karl-Anthony Towns,NYK,29.0,72,2516.72,639,1215,0.526,142,338,0.42,339,409,0.829,920,222,71,50,192,1759,378,0.265,0.63,0.584,119.4,112.7,6.8,0.13,0.187,0.161,87.8,35.0
1631255,Karlo Matković,NOP,24.0,42,790.585,135,235,0.574,21,66,0.318,34,44,0.773,209,46,22,41,43,325,-89,0.155,0.639,0.619,109.4,114.1,-4.7,0.083,0.129,0.096,51.22,18.8
202695,Kawhi Leonard,LAC,34.0,37,1179.9566666666667,310,623,0.498,78,190,0.411,98,121,0.81,219,116,59,17,72,796,296,0.28,0.589,0.56,120.3,107.9,12.4,0.147,0.098,0.134,45.12,31.9
1630811,Keaton Wallace,ATL,26.0,31,501.1666666666667,65,162,0.401,27,82,0.329,11,11,1.0,50,81,28,9,33,168,-19,0.164,0.503,0.485,106.2,108.4,-2.2,0.224,0.047,0.074,37.8,16.2
1631099,Keegan Murray,SAC,24.0,76,2610.173333333333,364,820,0.444,154,449,0.343,60,72,0.833,507,109,61,69,60,942,46,0.148,0.553,0.538,114.8,113.4,1.5,0.055,0.095,0.075,92.68,34.3
1631232,Keion Brooks Jr.,NOP,24.0,14,331.7816666666667,53,109,0.486,14,43,0.326,22,30,0.733,58,13,10,10,12,142,-145,0.169,0.581,0.55,100.7,121.2,-20.5,0.062,0.084,0.079,17.07,23.7
1642276,Kel'el Ware,MIA,21.0,64,1422.4866666666667,257,464,0.554,35,111,0.315,46,67,0.687,473,60,39,71,57,595,39,0.169,0.603,0.592,112.8,110.9,1.9,0.062,0.167,0.119,78.05,22.2
1629640,Keldon Johnson,SAS,25.0,77,1837.9966666666667,371,770,0.482,87,274,0.318,150,194,0.773,371,125,49,22,77,979,-217,0.207,0.572,0.538,110.1,115.9,-5.8,0.105,0.096,0.103,93.9,23.9
203482,Kelly Olynyk,NOP,34.0,44,890.9983333333333,134,268,0.5,33,79,0.418,83,108,0.769,206,128,33,19,76,384,-58,0.185,0.609,0.562,110.7,113.4,-2.7,0.2,0.112,0.098,53.66,20.2
1626162,Kelly Oubre Jr.,PHI,29.0,60,2078.19,348,741,0.47,71,242,0.293,139,185,0.751,368,108,92,30,80,906,-258,0.186,0.551,0.518,110.7,116.4,-5.7,0.079,0.091,0.084,73.17,34.6
1629026,Kenrich Williams,OKC,30.0,69,1131.5383333333334,171,354,0.483,66,171,0.386,28,39,0.718,241,97,43,10,39,436,329,0.151,0.587,0.576,118.7,104.1,14.5,0.111,0.102,0.093,84.15,16.4
203484,Kentavious Caldwell-Pope,MEM,32.0,77,2279.036666666667,239,544,0.439,113,330,0.342,82,95,0.863,169,136,99,34,62,673,11,0.121,0.574,0.543,109.1,108.6,0.5,0.086,0.038,0.065,93.9,29.6
1631165,Keon Ellis,SAC,25.0,80,1948.1916666666666,227,464,0.489,139,321,0.433,73,86,0.849,212,120,121,63,71,666,64,0.125,0.664,0.639,116.1,113.2,3.0,0.08,0.055,0.073,97.56,24.4
1630553,Keon Johnson,BKN,23.0,79,1925.2016666666666,303,779,0.389,126,401,0.314,107,139,0.77,297,175,82,30,116,839,-423,0.212,0.499,0.47,104.1,114.4,-10.3,0.148,0.076,0.07,96.34,24.4
1642352,Keshad Johnson,MIA,24.0,16,98.125,18,26,0.692,3,7,0.429,4,9,0.444,28,4,5,4,4,43,5,0.145,0.718,0.75,105.5,104.1,1.3,0.058,0.136,0.114,19.51,6.1
1630556,Kessler Edwards,DAL,24.0,40,608.46,67,135,0.496,22,54,0.407,12,13,0.923,115,42,19,20,16,168,-158,0.11,0.597,0.578,110.0,122.3,-12.3,0.09,0.096,0.067,48.78,15.2
201142,Kevin Durant,PHX,36.0,62,2264.685,592,1124,0.527,160,372,0.43,303,361,0.839,374,263,50,77,190,1647,-38,0.283,0.642,0.598,116.5,117.4,-1.0,0.188,0.084,0.142,75.61,36.5
1628989,Kevin Huerter,CHI,26.0,69,1678.9933333333333,257,604,0.425,132,391,0.338,35,49,0.714,205,156,66,23,67,681,104,0.171,0.544,0.535,114.5,111.7,2.8,0.124,0.058,0.073,84.15,24.3
1628995,Kevin Knox II,GSW,25.0,14,83.65666666666667,18,36,0.5,4,15,0.267,6,8,0.75,17,5,2,4,4,46,-3,0.202,0.582,0.556,112.7,115.6,-2.9,0.086,0.101,0.104,17.07,6.0
201567,Kevin Love,MIA,36.0,23,251.45333333333335,41,115,0.357,24,67,0.358,16,23,0.696,94,22,15,4,14,122,-25,0.23,0.488,0.461,108.7,112.3,-3.6,0.134,0.177,0.109,28.05,10.9
1641755,Kevin McCullar Jr.,NYK,24.0,4,29.166666666666668,2,7,0.286,0,1,0.0,2,2,1.0,8,2,1,1,0,6,-2,0.118,0.381,0.286,93.8,96.9,-3.1,0.111,0.151,0.066,4.88,7.3
1629645,Kevin Porter Jr.,MIL,25.0,75,1482.02,293,652,0.449,55,177,0.311,130,169,0.769,278,256,81,13,136,771,27,0.248,0.531,0.492,109.1,108.0,1.1,0.276,0.092,0.119,91.46,19.8
1626172,Kevon Looney,GSW,29.0,76,1142.155,143,278,0.514,2,5,0.4,56,99,0.566,462,118,46,37,39,344,117,0.125,0.535,0.518,112.5,106.9,5.6,0.143,0.181,0.114,92.68,15.0
1641718,Keyonte George,UTA,21.0,67,2108.475,359,919,0.391,174,507,0.343,233,285,0.818,253,377,46,9,183,1125,-512,0.237,0.539,0.485,110.1,122.0,-11.9,0.272,0.058,0.093,81.71,31.5
203114,Khris Middleton,WAS,33.0,37,843.1816666666666,160,337,0.475,48,133,0.361,72,84,0.857,137,150,35,8,56,440,39,0.208,0.588,0.546,114.1,112.6,1.5,0.251,0.076,0.114,45.12,22.8
1630165,Killian Hayes,BKN,23.0,6,162.33333333333334,18,43,0.419,8,21,0.381,10,12,0.833,18,31,4,4,9,54,-24,0.145,0.559,0.512,109.9,115.6,-5.7,0.274,0.055,0.085,7.32,27.1
202691,Klay Thompson,DAL,35.0,72,1964.5683333333334,361,877,0.412,216,553,0.391,67,74,0.905,246,145,50,30,88,1005,-79,0.214,0.552,0.535,112.8,115.2,-2.4,0.104,0.06,0.083,87.8,27.3
1641738,Kobe Brown,LAC,25.0,40,272.22,33,72,0.458,6,26,0.231,5,7,0.714,65,24,7,4,12,77,-53,0.134,0.513,0.5,105.9,114.7,-8.7,0.137,0.122,0.083,48.78,6.8
1641723,Kobe Bufkin,ATL,21.0,10,123.63666666666667,18,47,0.383,4,19,0.211,13,18,0.722,21,17,3,2,8,53,-23,0.203,0.483,0.426,95.3,103.3,-8.0,0.213,0.077,0.086,12.2,12.4
1627739,Kris Dunn,LAC,31.0,74,1782.9183333333333,192,437,0.439,75,224,0.335,15,22,0.682,251,210,128,27,74,474,262,0.126,0.531,0.525,113.8,106.0,7.8,0.153,0.072,0.07,90.24,24.1
1631200,Kris Murray,POR,24.0,69,1040.3866666666668,117,279,0.419,27,120,0.225,26,57,0.456,182,68,35,17,43,287,-50,0.133,0.472,0.468,106.0,107.8,-1.8,0.09,0.081,0.061,84.15,15.1
204001,Kristaps Porziņģis,BOS,29.0,42,1209.9633333333334,277,574,0.483,103,250,0.412,161,199,0.809,284,87,31,63,53,818,173,0.253,0.618,0.572,116.2,110.3,5.8,0.113,0.11,0.132,51.22,28.8
203937,Kyle Anderson,MIA,31.0,61,1002.0933333333334,142,303,0.469,25,70,0.357,48,65,0.738,206,145,40,33,37,357,-22,0.152,0.538,0.51,106.1,107.6,-1.5,0.211,0.097,0.108,74.39,16.4
1642271,Kyle Filipowski,UTA,21.0,72,1521.54,260,518,0.502,77,220,0.35,93,143,0.65,440,140,48,22,102,690,-366,0.184,0.594,0.576,107.7,118.9,-11.3,0.14,0.14,0.103,87.8,21.1
1628398,Kyle Kuzma,MIL,29.0,65,1936.415,370,848,0.436,96,313,0.307,128,202,0.634,370,152,36,19,146,964,-419,0.233,0.514,0.493,105.8,116.1,-10.3,0.123,0.091,0.08,79.27,29.8
200768,Kyle Lowry,PHI,39.0,35,659.4483333333334,41,117,0.35,29,88,0.33,27,33,0.818,67,96,33,11,21,138,-71,0.1,0.525,0.474,103.8,109.6,-5.8,0.206,0.05,0.067,42.68,18.8
1630283,Kylor Kelley,LAL,27.0,11,125.95666666666666,14,22,0.636,0,0,0.0,6,10,0.6,39,5,1,3,4,34,-75,0.097,0.644,0.636,101.4,130.5,-29.1,0.056,0.134,0.072,13.41,11.5
202681,Kyrie Irving,DAL,33.0,50,1803.7966666666666,447,945,0.473,144,359,0.401,196,214,0.916,240,231,66,23,111,1234,124,0.264,0.594,0.549,116.5,113.9,2.6,0.198,0.064,0.129,60.98,36.1
1642273,Kyshawn George,WAS,21.0,68,1802.1833333333334,203,546,0.372,114,354,0.322,70,93,0.753,285,169,68,50,97,590,-361,0.156,0.503,0.476,105.4,115.5,-10.1,0.133,0.074,0.058,82.93,26.5
1630163,LaMelo Ball,CHA,23.0,47,1504.475,406,1003,0.405,179,528,0.339,193,229,0.843,232,346,54,13,167,1184,-130,0.342,0.536,0.494,112.7,116.5,-3.9,0.39,0.072,0.127,57.32,32.0
1630205,Lamar Stevens,MEM,27.0,17,155.535,29,63,0.46,8,27,0.296,8,11,0.727,38,8,5,3,10,74,67,0.21,0.545,0.524,128.2,101.8,26.4,0.063,0.114,0.09,20.73,9.1
1629013,Landry Shamet,NYK,28.0,50,761.6,106,230,0.461,62,156,0.397,12,18,0.667,61,27,23,2,22,286,88,0.143,0.601,0.596,111.6,106.5,5.1,0.049,0.039,0.062,60.98,15.2
1626204,Larry Nance Jr.,ATL,32.0,24,463.2266666666667,80,155,0.516,34,76,0.447,9,13,0.692,103,38,20,13,16,203,-95,0.155,0.632,0.626,107.5,116.5,-9.0,0.125,0.108,0.106,29.27,19.3
1628374,Lauri Markkanen,UTA,28.0,47,1475.8433333333332,296,700,0.423,138,399,0.346,162,185,0.876,278,70,33,17,66,892,-186,0.231,0.571,0.521,111.4,117.5,-6.1,0.074,0.09,0.103,57.32,31.4
2544,LeBron James,LAL,40.0,70,2444.4466666666667,651,1270,0.513,149,396,0.376,259,331,0.782,546,575,70,39,260,1710,-54,0.291,0.604,0.571,112.7,114.0,-1.3,0.395,0.112,0.169,85.37,34.9
1631159,Leonard Miller,MIN,21.0,13,31.595,6,15,0.4,0,5,0.0,8,8,1.0,11,0,2,1,2,20,-12,0.239,0.54,0.4,79.2,98.6,-19.4,0.0,0.145,0.202,15.85,2.4
1631311,Lester Quinones,NOP,24.0,13,183.36666666666667,31,78,0.397,13,44,0.295,11,13,0.846,19,24,3,2,14,86,-26,0.213,0.514,0.481,104.5,110.4,-5.9,0.198,0.048,0.065,15.85,14.1
1641857,Liam Robbins,MIL,25.0,13,56.96666666666667,2,8,0.25,0,2,0.0,5,10,0.5,12,2,2,2,6,9,-5,0.128,0.363,0.25,80.3,85.6,-5.3,0.056,0.098,-0.025,15.85,4.4
1630322,Lindy Waters III,DET,27.0,52,778.41,92,249,0.369,64,186,0.344,8,11,0.727,110,52,27,11,20,256,13,0.145,0.504,0.498,111.6,110.2,1.4,0.092,0.067,0.061,63.41,15.0
1629022,Lonnie Walker IV,PHI,26.0,20,476.7033333333333,89,212,0.42,45,127,0.354,24,30,0.8,63,50,10,5,25,247,-142,0.214,0.548,0.526,104.7,118.7,-14.1,0.167,0.063,0.091,24.39,23.8
1628366,Lonzo Ball,CHI,27.0,35,777.03,89,243,0.366,67,195,0.344,22,27,0.815,118,115,47,17,41,267,100,0.152,0.524,0.504,113.5,108.0,5.5,0.187,0.068,0.078,42.68,22.2
1629652,Luguentz Dort,OKC,26.0,71,2073.3,258,593,0.435,170,413,0.412,33,46,0.717,293,115,79,39,51,719,547,0.133,0.586,0.578,120.4,107.3,13.1,0.067,0.067,0.063,86.59,29.2
1629029,Luka Dončić,LAL,26.0,50,1768.55,461,1025,0.45,177,481,0.368,309,395,0.782,409,383,89,21,179,1408,344,0.328,0.587,0.536,119.6,110.5,9.1,0.342,0.112,0.17,60.98,35.4
1630568,Luka Garza,MIN,26.0,39,219.31,52,105,0.495,10,36,0.278,24,35,0.686,54,11,6,3,12,138,1,0.241,0.573,0.543,107.9,107.5,0.4,0.082,0.121,0.101,47.56,5.6
1628379,Luke Kennard,MEM,29.0,65,1471.6916666666666,206,431,0.478,113,261,0.433,51,57,0.895,183,215,50,5,72,576,122,0.14,0.631,0.609,117.6,114.5,3.1,0.179,0.059,0.093,79.27,22.6
1628436,Luke Kornet,BOS,29.0,73,1361.06,187,280,0.668,0,3,0.0,67,97,0.691,388,117,36,71,31,441,401,0.111,0.683,0.668,121.2,106.3,14.9,0.115,0.136,0.114,89.02,18.6
1631247,Luke Travers,CLE,23.0,12,87.86,5,20,0.25,0,9,0.0,2,2,1.0,20,8,1,1,8,12,-1,0.132,0.287,0.25,109.1,109.7,-0.5,0.113,0.097,0.022,14.63,7.3
1630644,Mac McClung,ORL,26.0,2,10.233333333333333,0,2,0.0,0,1,0.0,0,0,0.0,1,3,0,0,0,0,-2,0.087,0.0,0.0,119.0,128.6,-9.5,0.333,0.05,0.0,2.44,5.1
1630201,Malachi Flynn,SAS,27.0,4,43.68,5,13,0.385,1,4,0.25,5,6,0.833,7,7,3,0,4,16,1,0.196,0.512,0.423,112.8,109.1,3.7,0.233,0.079,0.084,4.88,10.9
1631103,Malaki Branham,SAS,22.0,47,426.555,87,190,0.458,34,84,0.405,27,33,0.818,51,38,11,2,34,235,-33,0.233,0.575,0.547,106.1,109.8,-3.7,0.139,0.057,0.087,57.32,9.1
1627763,Malcolm Brogdon,WAS,32.0,24,564.0766666666667,104,240,0.433,16,56,0.286,81,92,0.88,91,98,13,5,38,305,-121,0.231,0.544,0.467,106.5,116.9,-10.4,0.267,0.077,0.113,29.27,23.5
1642502,Malevy Leons,OKC,25.0,6,20.966666666666665,0,2,0.0,0,1,0.0,2,4,0.5,3,1,0,0,1,2,-18,0.102,0.266,0.0,61.4,104.7,-43.3,0.111,0.065,-0.069,7.32,3.5
1627736,Malik Beasley,DET,28.0,82,2282.9466666666667,461,1071,0.43,319,766,0.416,95,140,0.679,214,139,73,5,83,1336,175,0.215,0.59,0.579,113.3,110.2,3.1,0.089,0.045,0.091,100.0,27.8
1628370,Malik Monk,SAC,27.0,65,2054.11,412,939,0.439,139,428,0.325,154,178,0.865,245,362,61,38,159,1117,116,0.236,0.549,0.513,117.0,114.5,2.5,0.246,0.059,0.099,79.27,31.6
1630699,MarJon Beauchamp,NYK,24.0,35,156.28166666666667,27,65,0.415,10,29,0.345,15,20,0.75,44,11,4,1,15,79,9,0.222,0.535,0.492,94.8,92.0,2.9,0.124,0.129,0.123,42.68,4.5
1630542,Marcus Bagley,PHI,23.0,10,253.155,27,69,0.391,5,32,0.156,8,10,0.8,70,10,9,12,7,67,-84,0.128,0.456,0.428,101.1,117.0,-15.9,0.056,0.124,0.077,12.2,25.3
1630585,Marcus Garrett,CHA,26.0,4,79.38333333333334,11,27,0.407,3,8,0.375,3,4,0.75,6,13,3,2,6,28,-39,0.193,0.487,0.463,95.6,119.3,-23.6,0.255,0.036,0.057,4.88,19.8
1631204,Marcus Sasser,DET,24.0,57,810.7866666666666,137,296,0.463,58,152,0.382,43,51,0.843,69,133,37,4,54,375,41,0.187,0.589,0.561,110.4,107.5,2.9,0.239,0.04,0.095,69.51,14.2
203935,Marcus Smart,WAS,31.0,34,680.34,101,257,0.393,49,141,0.348,54,71,0.761,72,109,39,9,54,305,42,0.198,0.529,0.488,109.9,107.3,2.6,0.221,0.047,0.086,41.46,20.0
1631109,Mark Williams,CHA,23.0,44,1171.045,270,447,0.604,0,4,0.0,131,163,0.804,447,109,32,54,71,671,-301,0.21,0.647,0.604,106.3,118.9,-12.7,0.154,0.178,0.156,53.66,26.6
1628365,Markelle Fultz,SAC,27.0,21,184.05833333333334,28,67,0.418,4,8,0.5,1,1,1.0,20,27,10,2,15,61,5,0.196,0.452,0.448,109.3,105.7,3.6,0.208,0.058,0.065,25.61,8.8
202693,Markieff Morris,LAL,35.0,15,164.43333333333334,21,70,0.3,9,36,0.25,5,6,0.833,23,21,2,3,5,56,-28,0.202,0.385,0.364,106.1,113.9,-7.8,0.191,0.066,0.045,18.29,11.0
1628963,Marvin Bagley III,MEM,26.0,31,265.2266666666667,55,106,0.519,3,19,0.158,23,35,0.657,84,11,9,8,12,136,-10,0.2,0.56,0.533,108.2,108.8,-0.6,0.063,0.143,0.123,37.8,8.6
1630222,Mason Jones,SAC,26.0,10,45.391666666666666,9,18,0.5,1,8,0.125,4,5,0.8,9,11,0,1,1,23,1,0.193,0.569,0.528,107.4,105.3,2.2,0.379,0.099,0.159,12.2,4.5
203486,Mason Plumlee,PHX,35.0,74,1300.045,125,202,0.619,0,4,0.0,83,128,0.648,455,134,33,47,59,333,54,0.105,0.645,0.619,115.2,115.0,0.2,0.133,0.176,0.098,90.24,17.6
1641824,Matas Buzelis,CHI,20.0,80,1511.295,252,555,0.454,96,266,0.361,88,108,0.815,278,79,29,75,74,688,-35,0.181,0.571,0.541,110.4,112.1,-1.7,0.072,0.085,0.079,97.56,18.9
1629680,Matisse Thybulle,POR,28.0,15,312.2816666666667,42,88,0.477,21,48,0.438,7,15,0.467,52,28,33,9,13,112,1,0.135,0.592,0.597,105.3,105.1,0.2,0.126,0.076,0.114,18.29,20.8
1630346,Matt Ryan,NOP,28.0,19,67.82166666666667,10,31,0.323,6,19,0.316,2,2,1.0,8,3,2,0,3,28,-40,0.208,0.439,0.419,80.5,108.8,-28.3,0.083,0.056,0.062,23.17,3.6
1631108,Max Christie,DAL,22.0,78,2127.141666666667,252,590,0.427,115,314,0.366,130,152,0.855,258,146,64,31,88,749,-83,0.15,0.57,0.525,112.6,114.3,-1.7,0.093,0.061,0.069,95.12,27.3
1629622,Max Strus,CLE,29.0,50,1272.725,165,373,0.442,113,293,0.386,28,34,0.824,217,158,26,12,54,471,221,0.143,0.607,0.594,120.1,112.2,7.9,0.157,0.081,0.083,60.98,25.5
1628467,Maxi Kleber,LAL,33.0,34,636.875,37,96,0.385,13,49,0.265,16,21,0.762,95,43,9,17,23,103,-17,0.085,0.489,0.453,111.9,112.3,-0.4,0.087,0.073,0.035,41.46,18.7
1641721,Maxwell Lewis,BKN,22.0,28,327.68833333333333,45,108,0.417,19,50,0.38,7,10,0.7,55,19,9,7,14,116,-68,0.164,0.516,0.505,101.2,110.7,-9.6,0.091,0.082,0.066,34.15,11.7
1630695,Micah Potter,UTA,27.0,38,705.165,57,135,0.422,31,98,0.316,17,20,0.85,164,31,14,14,31,162,-104,0.102,0.563,0.537,108.6,116.2,-7.6,0.058,0.107,0.063,46.34,18.6
1629008,Michael Porter Jr.,DEN,27.0,77,2593.2633333333333,528,1048,0.504,193,489,0.395,149,194,0.768,540,165,50,38,104,1398,265,0.197,0.617,0.596,119.8,115.4,4.4,0.084,0.103,0.101,93.9,33.7
1628969,Mikal Bridges,NYK,28.0,82,3036.076666666667,592,1183,0.5,164,463,0.354,96,118,0.814,259,306,75,43,132,1444,334,0.192,0.585,0.57,118.4,112.9,5.6,0.141,0.043,0.09,100.0,37.0
201144,Mike Conley,MIN,37.0,71,1755.85,187,468,0.4,127,310,0.41,81,90,0.9,182,319,79,14,75,582,265,0.141,0.573,0.535,115.5,109.0,6.5,0.243,0.052,0.092,86.59,24.7
1628970,Miles Bridges,CHA,27.0,64,2028.735,469,1089,0.431,141,450,0.313,221,254,0.87,481,248,44,45,136,1300,-259,0.273,0.541,0.495,108.2,113.6,-5.5,0.203,0.11,0.135,78.05,31.7
1630540,Miles McBride,NYK,24.0,64,1593.455,222,547,0.406,115,312,0.369,52,64,0.813,161,187,67,17,41,611,211,0.162,0.531,0.511,116.8,109.7,7.1,0.155,0.049,0.077,78.05,24.9
1641936,Miles Norris,BOS,25.0,3,34.916666666666664,2,9,0.222,2,7,0.286,1,2,0.5,9,0,2,1,0,7,-14,0.127,0.354,0.333,87.7,110.9,-23.2,0.0,0.108,0.088,3.66,11.6
1629011,Mitchell Robinson,NYK,27.0,17,290.12333333333333,37,56,0.661,0,0,0.0,13,19,0.684,101,13,16,18,10,87,23,0.109,0.676,0.661,113.8,108.2,5.7,0.062,0.175,0.122,20.73,17.1
1628964,Mo Bamba,NOP,27.0,32,413.485,52,112,0.464,15,54,0.278,19,27,0.704,145,18,9,31,20,138,-75,0.15,0.557,0.531,103.5,112.5,-9.0,0.068,0.175,0.1,39.02,12.9
1628420,Monte Morris,PHX,30.0,45,570.77,83,195,0.426,31,86,0.36,36,42,0.857,67,73,20,3,21,233,47,0.173,0.546,0.505,111.1,108.3,2.8,0.188,0.056,0.096,54.88,12.7
1629021,Moritz Wagner,ORL,28.0,30,564.1566666666666,140,249,0.562,27,75,0.36,79,110,0.718,148,42,24,12,49,386,-17,0.254,0.649,0.616,106.1,107.0,-0.9,0.135,0.131,0.165,36.59,18.8
1629650,Moses Brown,DAL,25.0,13,118.57666666666667,34,49,0.694,0,0,0.0,8,11,0.727,44,2,6,4,11,76,-14,0.216,0.706,0.694,101.5,105.9,-4.4,0.029,0.165,0.154,15.85,9.1
1630541,Moses Moody,GSW,23.0,74,1649.15,246,568,0.433,126,337,0.374,106,133,0.797,189,96,59,31,54,724,132,0.17,0.578,0.544,113.2,108.9,4.3,0.084,0.056,0.076,90.24,22.3
1631243,Mouhamed Gueye,ATL,22.0,33,532.7566666666667,72,171,0.421,21,81,0.259,32,42,0.762,139,27,28,33,15,197,87,0.155,0.52,0.482,113.4,104.7,8.8,0.064,0.127,0.085,40.24,16.1
1631217,Moussa Diabaté,CHA,23.0,71,1240.6333333333334,167,280,0.596,0,6,0.0,69,116,0.595,438,56,46,40,61,403,-123,0.13,0.609,0.596,106.9,110.3,-3.4,0.069,0.169,0.115,86.59,17.5
1626167,Myles Turner,IND,29.0,72,2173.6366666666668,390,811,0.481,156,394,0.396,184,238,0.773,471,111,54,144,123,1120,202,0.207,0.612,0.577,116.1,111.5,4.7,0.072,0.109,0.103,87.8,30.2
1642368,N'Faly Dante,HOU,23.0,4,50.61666666666667,10,13,0.769,0,0,0.0,4,5,0.8,21,2,1,5,2,24,-11,0.133,0.789,0.769,114.9,123.5,-8.6,0.05,0.2,0.125,4.88,12.7
1641772,Nae'Qwan Tomlin,CLE,24.0,5,63.4,13,32,0.406,2,10,0.2,8,11,0.727,21,2,0,1,2,36,7,0.23,0.489,0.438,96.4,92.0,4.4,0.053,0.131,0.096,6.1,12.7
1630230,Naji Marshall,DAL,27.0,69,1919.0833333333333,362,712,0.508,60,218,0.275,130,160,0.813,328,208,70,11,112,914,-137,0.197,0.584,0.551,111.5,114.7,-3.2,0.161,0.084,0.105,84.15,27.8
1631466,Nate Williams,HOU,26.0,20,146.62,27,62,0.435,6,26,0.231,5,8,0.625,13,9,8,4,14,65,-24,0.212,0.496,0.484,110.6,116.8,-6.2,0.079,0.043,0.038,24.39,7.3
1629675,Naz Reid,MIN,25.0,80,2200.116666666667,426,923,0.462,175,462,0.379,111,143,0.776,480,181,58,72,108,1138,340,0.21,0.577,0.556,116.2,108.8,7.4,0.123,0.106,0.11,97.56,27.5
1629674,Neemias Queta,BOS,25.0,62,863.09,132,203,0.65,0,3,0.0,46,61,0.754,236,45,18,42,40,310,155,0.136,0.674,0.65,117.4,108.3,9.1,0.076,0.137,0.102,75.61,13.9
1629651,Nic Claxton,BKN,26.0,70,1881.7316666666666,320,568,0.563,5,21,0.238,79,154,0.513,515,157,62,100,87,724,-497,0.166,0.569,0.568,103.6,116.2,-12.6,0.14,0.137,0.115,85.37,26.9
1630208,Nick Richards,PHX,27.0,57,1256.2233333333334,205,347,0.591,0,2,0.0,119,160,0.744,466,49,14,55,81,529,-235,0.169,0.634,0.591,112.3,120.9,-8.7,0.058,0.181,0.107,69.51,22.0
1641733,Nick Smith Jr.,CHA,21.0,60,1368.7466666666667,222,568,0.391,104,306,0.34,43,46,0.935,128,145,17,6,82,591,-398,0.205,0.502,0.482,102.1,116.4,-14.3,0.169,0.043,0.064,73.17,22.8
1629638,Nickeil Alexander-Walker,MIN,26.0,82,2073.1016666666665,270,616,0.438,141,370,0.381,92,118,0.78,265,223,50,34,99,773,270,0.155,0.579,0.553,115.1,108.5,6.6,0.149,0.062,0.081,100.0,25.3
201587,Nicolas Batum,LAC,36.0,78,1367.3733333333332,104,238,0.437,88,203,0.433,17,21,0.81,218,84,52,36,34,313,152,0.087,0.633,0.622,110.5,104.7,5.9,0.082,0.077,0.069,95.12,17.5
203999,Nikola Jokić,DEN,30.0,70,2570.765,786,1364,0.576,138,331,0.417,361,451,0.8,892,716,127,45,230,2071,594,0.285,0.663,0.627,125.6,115.1,10.5,0.398,0.173,0.206,85.37,36.7
1631107,Nikola Jović,MIA,22.0,46,1155.6766666666667,172,377,0.456,78,210,0.371,72,87,0.828,180,131,38,13,60,494,-20,0.178,0.595,0.56,109.6,110.7,-1.1,0.174,0.076,0.098,56.1,25.1
202696,Nikola Vučević,CHI,34.0,73,2278.25,550,1038,0.53,129,321,0.402,120,149,0.805,735,256,61,52,119,1349,-98,0.221,0.611,0.592,113.6,116.0,-2.4,0.165,0.154,0.136,89.02,31.2
1641730,Noah Clowney,BKN,20.0,46,1042.2866666666666,133,372,0.358,87,261,0.333,67,80,0.838,181,40,24,21,46,420,-261,0.185,0.516,0.474,103.0,115.2,-12.3,0.063,0.084,0.061,56.1,22.7
1626181,Norman Powell,LAC,32.0,60,1957.9883333333332,457,945,0.484,179,428,0.418,213,265,0.804,190,125,73,9,108,1306,352,0.255,0.615,0.578,116.2,107.4,8.8,0.096,0.049,0.11,73.17,32.6
1628384,OG Anunoby,NYK,27.0,74,2705.7766666666666,489,1027,0.476,171,460,0.372,183,226,0.81,358,164,110,65,102,1332,301,0.195,0.591,0.559,117.7,112.3,5.4,0.084,0.067,0.093,90.24,36.6
1630167,Obi Toppin,IND,27.0,79,1544.815,317,599,0.529,110,301,0.365,89,114,0.781,318,128,46,28,68,833,-77,0.191,0.642,0.621,113.6,116.1,-2.6,0.116,0.101,0.115,96.34,19.6
1630534,Ochai Agbaji,TOR,25.0,64,1738.67,266,534,0.498,101,253,0.399,34,48,0.708,242,98,58,30,54,667,-214,0.144,0.601,0.593,106.4,112.2,-5.7,0.081,0.066,0.081,78.05,27.2
1641765,Olivier-Maxence Prosper,DAL,22.0,52,584.07,70,174,0.402,12,51,0.235,49,76,0.645,126,40,26,6,14,201,-104,0.158,0.484,0.437,101.8,109.5,-7.7,0.101,0.103,0.082,63.41,11.2
1630168,Onyeka Okongwu,ATL,24.0,74,2063.9266666666667,388,684,0.567,48,148,0.324,164,216,0.759,660,168,69,68,90,988,40,0.169,0.634,0.602,114.9,113.7,1.1,0.113,0.157,0.122,90.24,27.9
1631115,Orlando Robinson,TOR,24.0,44,769.8016666666666,116,261,0.444,17,52,0.327,54,70,0.771,220,77,17,16,49,303,-87,0.177,0.519,0.477,104.5,109.2,-4.8,0.152,0.127,0.088,53.66,17.5
1631131,Oscar Tshiebwe,UTA,25.0,14,255.17333333333335,42,70,0.6,0,0,0.0,23,31,0.742,122,9,13,1,10,107,-11,0.144,0.64,0.6,113.4,115.8,-2.5,0.051,0.221,0.14,17.07,18.2
1629052,Oshae Brissett,PHI,27.0,6,142.24166666666667,19,39,0.487,6,18,0.333,8,14,0.571,22,4,4,3,8,52,-31,0.154,0.576,0.564,113.6,124.3,-10.7,0.04,0.079,0.05,7.32,23.7
1642345,Oso Ighodaro,PHX,22.0,61,1045.545,113,187,0.604,0,2,0.0,29,50,0.58,222,71,28,29,39,255,-21,0.103,0.61,0.604,109.4,110.0,-0.6,0.095,0.104,0.073,74.39,17.1
1631172,Ousmane Dieng,OKC,22.0,37,404.84166666666664,54,125,0.432,23,71,0.324,11,16,0.688,81,31,17,7,18,142,45,0.152,0.538,0.524,104.3,99.2,5.1,0.107,0.091,0.088,45.12,10.9
200782,P.J. Tucker,NYK,40.0,3,57.86833333333333,3,7,0.429,3,6,0.5,0,0,0.0,8,0,1,1,1,9,-22,0.059,0.643,0.643,106.1,127.4,-21.3,0.0,0.077,0.015,3.66,19.3
1629023,P.J. Washington,DAL,26.0,57,1834.8583333333333,301,665,0.453,91,239,0.381,143,198,0.722,442,131,63,60,118,836,49,0.198,0.556,0.521,114.2,113.2,1.1,0.098,0.115,0.097,69.51,32.2
1628408,PJ Dozier,MIN,28.0,9,34.916666666666664,2,3,0.667,2,3,0.667,1,6,0.167,5,5,1,0,1,7,-4,0.082,0.621,1.0,98.8,107.8,-9.0,0.167,0.088,0.054,10.98,3.9
1641790,PJ Hall,DEN,23.0,19,66.18333333333334,14,24,0.583,2,8,0.25,3,4,0.75,22,4,0,4,2,33,-2,0.176,0.641,0.625,91.9,91.3,0.5,0.118,0.148,0.168,23.17,3.5
1642359,Pacôme Dadiet,NYK,19.0,18,111.17833333333333,10,31,0.323,6,19,0.316,4,6,0.667,18,5,3,2,4,30,-16,0.142,0.446,0.419,103.8,113.0,-9.2,0.063,0.08,0.047,21.95,6.2
1631094,Paolo Banchero,ORL,22.0,46,1581.53,412,911,0.452,87,272,0.32,280,385,0.727,345,219,36,28,136,1191,-21,0.33,0.551,0.5,109.1,109.6,-0.6,0.262,0.108,0.157,56.1,34.4
1627783,Pascal Siakam,IND,31.0,78,2547.8533333333335,613,1182,0.519,126,324,0.389,226,308,0.734,540,263,70,42,109,1578,312,0.237,0.599,0.572,114.5,108.9,5.5,0.155,0.104,0.13,95.12,32.7
1626192,Pat Connaughton,MIL,32.0,41,602.8266666666667,83,177,0.469,26,81,0.321,24,31,0.774,109,70,9,11,24,216,-13,0.151,0.567,0.542,111.7,114.6,-2.9,0.159,0.088,0.088,50.0,14.7
1630311,Pat Spencer,GSW,28.0,39,249.61166666666668,41,101,0.406,5,22,0.227,11,15,0.733,46,48,14,3,18,98,-17,0.204,0.455,0.431,105.0,107.8,-2.8,0.274,0.09,0.093,47.56,6.4
1631116,Patrick Baldwin Jr.,LAC,22.0,24,106.74833333333333,19,35,0.543,13,23,0.565,2,4,0.5,25,3,3,2,5,53,29,0.151,0.721,0.729,114.6,102.1,12.4,0.042,0.105,0.122,29.27,4.4
1630172,Patrick Williams,CHI,23.0,63,1576.3266666666666,205,516,0.397,96,272,0.353,60,83,0.723,237,124,48,32,86,566,-182,0.165,0.512,0.49,108.7,113.5,-4.8,0.106,0.07,0.062,76.83,25.0
201988,Patty Mills,LAC,36.0,29,320.655,36,96,0.375,26,75,0.347,13,14,0.929,22,26,13,3,17,111,-15,0.15,0.543,0.51,104.6,108.0,-3.4,0.123,0.032,0.055,35.37,11.1
202331,Paul George,PHI,35.0,41,1333.5933333333332,245,570,0.43,96,268,0.358,79,97,0.814,219,178,75,20,106,665,-83,0.233,0.543,0.514,108.3,112.2,-3.8,0.217,0.083,0.106,50.0,32.5
1630194,Paul Reed,DET,26.0,45,437.5366666666667,72,142,0.507,8,28,0.286,32,42,0.762,123,44,39,25,26,184,43,0.179,0.573,0.535,111.3,105.7,5.6,0.141,0.142,0.115,54.88,9.7
1630202,Payton Pritchard,BOS,27.0,80,2270.875,409,866,0.472,255,626,0.407,71,84,0.845,307,279,70,14,83,1144,430,0.186,0.633,0.62,118.4,108.9,9.5,0.184,0.065,0.116,97.56,28.4
1641796,Pelle Larsson,MIA,24.0,55,781.9466666666667,89,203,0.438,32,95,0.337,41,61,0.672,92,65,32,7,24,251,10,0.141,0.546,0.517,111.1,108.7,2.4,0.116,0.058,0.055,67.07,14.2
1631250,Pete Nance,MIL,25.0,13,138.16666666666666,14,32,0.438,9,24,0.375,1,2,0.5,21,10,2,2,4,38,-14,0.116,0.578,0.578,107.8,114.8,-7.0,0.106,0.076,0.054,15.85,10.6
1631212,Peyton Watson,DEN,22.0,68,1655.7283333333332,204,428,0.477,48,136,0.353,95,137,0.693,233,94,48,93,56,551,-26,0.138,0.564,0.533,113.9,113.9,0.0,0.073,0.069,0.066,82.93,24.3
1630762,Phillip Wheeler,PHI,23.0,5,44.39666666666667,3,21,0.143,0,10,0.0,2,2,1.0,8,2,1,2,1,8,13,0.221,0.183,0.143,110.0,96.6,13.4,0.065,0.077,-0.005,6.1,8.9
1630173,Precious Achiuwa,NYK,25.0,57,1169.6133333333332,164,327,0.502,10,36,0.278,41,69,0.594,317,55,47,42,45,379,-48,0.143,0.53,0.517,110.2,111.4,-1.2,0.065,0.135,0.092,69.51,20.5
1629656,Quentin Grimes,PHI,25.0,75,2013.09,384,823,0.467,162,421,0.385,162,214,0.757,324,228,74,22,141,1092,-261,0.218,0.595,0.565,111.9,118.1,-6.2,0.172,0.077,0.105,91.46,26.8
1631245,Quenton Jackson,IND,26.0,28,381.03833333333336,58,122,0.475,15,40,0.375,31,40,0.775,44,53,21,5,16,162,-1,0.167,0.58,0.537,110.9,110.1,0.8,0.193,0.057,0.089,34.15,13.6
1642439,Quincy Olivari,LAL,24.0,2,10.3,1,5,0.2,1,5,0.2,0,0,0.0,0,1,0,0,1,3,-18,0.231,0.3,0.3,68.2,150.0,-81.8,0.2,0.0,-0.022,2.44,5.2
1642366,Quinten Post,GSW,25.0,42,685.7566666666667,123,274,0.449,73,179,0.408,21,27,0.778,148,56,16,18,33,340,43,0.197,0.595,0.582,111.5,109.1,2.4,0.131,0.106,0.095,51.22,16.3
1629628,RJ Barrett,TOR,25.0,58,1868.8033333333333,460,982,0.468,107,306,0.35,196,311,0.63,366,314,46,17,166,1223,-139,0.281,0.547,0.523,110.1,113.4,-3.4,0.257,0.094,0.121,70.73,32.2
1642484,RayJ Dennis,IND,24.0,11,70.38333333333334,11,33,0.333,6,21,0.286,2,2,1.0,12,14,7,2,5,30,44,0.212,0.443,0.424,113.5,86.3,27.3,0.255,0.073,0.11,13.41,6.4
1641712,Rayan Rupert,POR,21.0,52,459.5416666666667,58,142,0.408,16,59,0.271,23,30,0.767,70,25,16,4,30,155,-86,0.156,0.499,0.465,100.6,109.8,-9.2,0.083,0.071,0.055,63.41,8.8
1641736,Reece Beekman,BKN,23.0,36,469.30333333333334,35,107,0.327,7,40,0.175,16,21,0.762,39,63,33,2,21,93,-117,0.122,0.4,0.36,98.5,110.4,-12.0,0.205,0.041,0.051,43.9,13.0
1642263,Reed Sheppard,HOU,21.0,52,654.3516666666667,84,239,0.351,48,142,0.338,13,16,0.813,78,75,35,17,37,229,-50,0.171,0.465,0.452,108.5,111.1,-2.7,0.153,0.054,0.06,63.41,12.6
202704,Reggie Jackson,PHI,35.0,31,383.9916666666667,52,133,0.391,25,74,0.338,7,9,0.778,42,45,16,3,17,136,-19,0.17,0.496,0.485,108.3,111.8,-3.5,0.172,0.055,0.067,37.8,12.4
1626158,Richaun Holmes,WAS,31.0,31,534.135,90,139,0.647,0,3,0.0,50,60,0.833,177,42,9,23,21,230,-36,0.143,0.695,0.647,110.2,114.5,-4.3,0.112,0.161,0.135,37.8,17.2
1641741,Ricky Council IV,PHI,23.0,73,1250.015,177,463,0.382,55,213,0.258,123,153,0.804,214,97,32,13,52,532,-159,0.196,0.502,0.442,109.9,116.0,-6.1,0.115,0.084,0.08,89.02,17.1
1642434,Riley Minix,SAS,24.0,1,6.75,0,1,0.0,0,1,0.0,0,0,0.0,2,0,0,0,0,0,0,0.063,0.0,0.0,93.3,93.3,0.0,0.0,0.118,0.039,1.22,6.8
1642265,Rob Dillingham,MIN,20.0,49,515.975,93,211,0.441,25,74,0.338,8,15,0.533,50,98,20,1,53,219,19,0.215,0.503,0.5,112.3,111.1,1.2,0.283,0.046,0.078,59.76,10.5
1629057,Robert Williams III,POR,27.0,20,351.33,50,78,0.641,1,3,0.333,15,17,0.882,118,21,13,33,17,116,-17,0.12,0.679,0.647,106.3,108.3,-2.0,0.09,0.159,0.137,24.39,17.6
1631199,Ron Harper Jr.,DET,25.0,1,17.0,1,8,0.125,0,6,0.0,2,2,1.0,7,2,0,0,0,4,-1,0.205,0.225,0.125,120.6,116.7,3.9,0.143,0.189,0.071,1.22,17.0
1641842,Ronald Holland II,DET,19.0,81,1266.3216666666667,197,416,0.474,36,151,0.238,92,122,0.754,218,82,49,17,72,522,-55,0.177,0.556,0.517,109.8,110.9,-1.0,0.095,0.083,0.078,98.78,15.6
1626220,Royce O'Neale,PHX,32.0,75,1836.8733333333332,241,570,0.423,179,441,0.406,19,26,0.731,349,163,67,33,65,680,-155,0.151,0.585,0.58,112.1,116.4,-4.2,0.128,0.094,0.085,91.46,24.5
203497,Rudy Gobert,MIN,33.0,72,2388.423333333333,341,510,0.669,0,0,0.0,184,273,0.674,785,127,56,104,89,866,327,0.129,0.687,0.669,114.3,107.6,6.7,0.075,0.161,0.126,87.8,33.2
1629060,Rui Hachimura,LAL,27.0,59,1868.825,293,576,0.509,102,247,0.413,87,113,0.77,295,83,45,26,49,775,158,0.156,0.619,0.597,114.8,110.9,3.9,0.063,0.079,0.086,71.95,31.7
201566,Russell Westbrook,DEN,36.0,75,2092.2916666666665,373,831,0.449,94,291,0.323,154,233,0.661,370,457,106,37,242,994,-24,0.23,0.532,0.505,115.7,116.2,-0.6,0.289,0.086,0.093,91.46,27.9
1642346,Ryan Dunn,PHX,22.0,74,1410.4166666666667,205,477,0.43,82,264,0.311,19,39,0.487,267,57,44,40,40,511,-169,0.161,0.517,0.516,110.4,115.1,-4.7,0.059,0.09,0.059,90.24,19.1
1631157,Ryan Rollins,MIL,22.0,56,819.525,132,271,0.487,49,120,0.408,36,45,0.8,108,104,42,17,53,349,83,0.179,0.6,0.577,114.0,108.6,5.4,0.173,0.065,0.088,68.29,14.6
1630573,Sam Hauser,BOS,27.0,71,1541.1333333333334,214,474,0.451,166,399,0.416,11,11,1.0,224,64,41,13,23,605,325,0.14,0.632,0.627,119.8,109.8,10.0,0.057,0.07,0.083,86.59,21.7
1630241,Sam Merrill,CLE,29.0,71,1401.2816666666668,172,424,0.406,137,368,0.372,28,29,0.966,157,108,53,14,35,509,321,0.14,0.583,0.567,117.4,107.1,10.3,0.099,0.052,0.069,86.59,19.7
1630572,Sandro Mamukelashvili,SAS,26.0,61,681.2083333333334,141,281,0.502,60,161,0.373,43,58,0.741,187,48,22,17,26,385,-28,0.202,0.628,0.609,111.6,112.9,-1.4,0.108,0.131,0.124,74.39,11.2
1630583,Santi Aldama,MEM,24.0,65,1659.6483333333333,313,648,0.483,120,326,0.368,65,94,0.691,416,188,52,29,71,811,149,0.179,0.588,0.576,116.1,112.6,3.5,0.149,0.116,0.121,79.27,25.5
1630703,Scoot Henderson,POR,21.0,66,1759.0716666666667,287,685,0.419,105,297,0.354,158,206,0.767,198,335,68,13,177,837,-38,0.22,0.54,0.496,112.5,113.7,-1.3,0.274,0.054,0.084,80.49,26.7
1630567,Scottie Barnes,TOR,23.0,65,2134.13,474,1063,0.446,76,280,0.271,228,302,0.755,502,378,93,63,184,1252,-130,0.262,0.523,0.482,107.4,110.1,-2.7,0.279,0.111,0.139,79.27,32.8
1630590,Scotty Pippen Jr.,MEM,24.0,79,1682.88,285,594,0.48,87,219,0.397,122,171,0.713,259,347,103,30,138,779,44,0.188,0.582,0.553,111.0,109.7,1.3,0.283,0.07,0.106,96.34,21.3
203552,Seth Curry,CHA,34.0,68,1061.9566666666667,164,343,0.478,83,182,0.456,33,39,0.846,113,60,27,7,32,444,-171,0.151,0.616,0.599,106.2,114.1,-8.0,0.087,0.049,0.083,82.93,15.6
1631101,Shaedon Sharpe,POR,22.0,72,2252.33,499,1104,0.452,147,472,0.311,190,242,0.785,324,198,62,16,150,1335,-138,0.25,0.551,0.519,111.4,114.4,-3.0,0.138,0.07,0.102,87.8,31.3
1628983,Shai Gilgeous-Alexander,OKC,26.0,76,2597.63,860,1656,0.519,163,435,0.375,601,669,0.898,379,486,131,77,183,2484,918,0.336,0.637,0.569,122.4,105.7,16.7,0.299,0.069,0.199,92.68,34.2
1629003,Shake Milton,LAL,28.0,57,836.2766666666666,115,254,0.453,38,106,0.358,47,59,0.797,104,102,25,4,40,315,-118,0.162,0.563,0.528,106.2,113.1,-6.9,0.184,0.061,0.081,69.51,14.7
1631321,Sidy Cissoko,POR,21.0,22,114.46333333333334,13,30,0.433,3,13,0.231,3,9,0.333,21,15,2,1,11,32,8,0.156,0.471,0.483,91.2,89.0,2.1,0.197,0.085,0.057,26.83,5.2
1631323,Simone Fontecchio,DET,29.0,75,1236.6816666666666,150,373,0.402,76,227,0.335,70,84,0.833,215,65,31,12,54,446,16,0.152,0.544,0.504,110.7,109.5,1.2,0.071,0.083,0.068,91.46,16.5
1627746,Skal Labissiere,SAC,29.0,4,11.96,2,4,0.5,1,1,1.0,0,0,0.0,3,1,0,0,0,5,-1,0.129,0.625,0.625,114.8,128.0,-13.2,0.125,0.143,0.092,4.88,3.0
203915,Spencer Dinwiddie,DAL,32.0,79,2136.085,284,682,0.416,109,326,0.334,195,243,0.802,209,349,70,17,102,872,-222,0.175,0.553,0.496,110.1,115.1,-5.0,0.228,0.048,0.089,96.34,27.0
1642461,Spencer Jones,DEN,24.0,20,124.625,11,34,0.324,1,17,0.059,3,3,1.0,17,5,5,5,5,26,-45,0.128,0.368,0.338,89.4,107.4,-18.0,0.06,0.062,0.013,24.39,6.2
1630649,Stanley Umude,MIL,26.0,22,85.77666666666667,5,26,0.192,3,15,0.2,2,4,0.5,17,4,3,6,3,15,-15,0.137,0.27,0.25,85.6,95.8,-10.1,0.071,0.089,0.022,26.83,3.9
201939,Stephen Curry,GSW,37.0,70,2252.45,564,1258,0.448,311,784,0.397,279,299,0.933,310,421,80,30,200,1718,299,0.286,0.618,0.572,118.4,112.7,5.7,0.284,0.066,0.145,85.37,32.2
1642264,Stephon Castle,SAS,20.0,81,2162.0216666666665,423,988,0.428,95,333,0.285,249,344,0.724,297,332,74,22,177,1190,-239,0.253,0.522,0.476,111.8,116.6,-4.7,0.231,0.066,0.087,98.78,26.7
203500,Steven Adams,HOU,31.0,58,794.0666666666667,91,167,0.545,0,2,0.0,43,93,0.462,327,66,22,28,54,225,172,0.127,0.541,0.545,115.3,105.9,9.4,0.107,0.187,0.109,70.73,13.7
1629004,Svi Mykhailiuk,UTA,28.0,38,760.3066666666666,118,302,0.391,70,203,0.345,28,35,0.8,90,76,19,7,52,334,-106,0.198,0.526,0.507,110.3,117.7,-7.4,0.144,0.055,0.067,46.34,20.0
204456,T.J. McConnell,IND,33.0,79,1415.4333333333334,324,624,0.519,15,49,0.306,57,77,0.74,193,351,83,21,109,720,-56,0.226,0.547,0.531,111.1,113.8,-2.7,0.359,0.069,0.129,96.34,17.9
201959,Taj Gibson,CHA,40.0,37,408.85,47,95,0.495,1,2,0.5,12,20,0.6,120,21,9,18,25,107,-124,0.132,0.515,0.5,96.6,110.4,-13.8,0.081,0.133,0.068,45.12,11.0
1629659,Talen Horton-Tucker,CHI,24.0,58,723.695,133,291,0.457,41,122,0.336,72,98,0.735,100,83,21,11,40,379,19,0.208,0.567,0.527,111.4,109.8,1.7,0.162,0.063,0.09,70.73,12.5
1631106,Tari Eason,HOU,24.0,57,1420.1933333333334,272,559,0.487,63,184,0.342,79,104,0.76,362,83,97,50,65,686,145,0.185,0.567,0.543,114.8,109.2,5.6,0.082,0.118,0.117,69.51,24.9
1627752,Taurean Prince,MIL,31.0,80,2165.86,235,514,0.457,147,335,0.439,39,48,0.813,287,155,76,15,82,656,-22,0.123,0.613,0.6,114.0,114.5,-0.4,0.093,0.065,0.064,97.56,27.1
1641707,Taylor Hendricks,UTA,21.0,3,74.51666666666667,4,18,0.222,3,12,0.25,3,4,0.75,15,2,5,4,2,14,-22,0.113,0.354,0.306,95.7,109.2,-13.5,0.04,0.083,0.036,3.66,24.8
1631386,Taze Moore,POR,27.0,2,19.85,2,10,0.2,1,4,0.25,1,2,0.5,8,1,2,0,2,6,-7,0.224,0.276,0.25,58.7,77.3,-18.6,0.125,0.138,0.105,2.44,9.9
1629611,Terance Mann,ATL,28.0,67,1414.25,205,413,0.496,60,163,0.368,47,68,0.691,199,121,47,15,47,517,-95,0.145,0.584,0.569,112.9,115.2,-2.3,0.118,0.07,0.074,81.71,21.1
1629056,Terence Davis,SAC,28.0,1,7.883333333333334,0,2,0.0,0,1,0.0,0,0,0.0,1,1,0,0,0,0,-3,0.111,0.0,0.0,86.7,106.7,-20.0,0.167,0.059,0.0,1.22,7.9
1630545,Terrence Shannon Jr.,MIN,24.0,32,338.8283333333333,55,114,0.482,11,31,0.355,17,21,0.81,47,32,7,5,15,138,11,0.166,0.56,0.531,107.8,107.0,0.8,0.139,0.065,0.082,39.02,10.6
1626179,Terry Rozier,MIA,31.0,64,1658.22,248,635,0.391,91,308,0.295,92,108,0.852,238,167,37,14,78,679,-141,0.195,0.497,0.462,107.3,112.3,-4.9,0.152,0.068,0.078,78.05,25.9
1630678,Terry Taylor,SAC,25.0,3,6.333333333333333,0,1,0.0,0,0,0.0,0,0,0.0,1,2,0,0,0,0,9,0.067,0.0,0.0,135.7,71.4,64.3,0.286,0.083,0.043,3.66,2.1
1628418,Thomas Bryant,IND,27.0,66,963.0166666666667,163,321,0.508,48,148,0.324,55,64,0.859,251,53,28,41,30,429,-37,0.162,0.614,0.583,109.9,113.4,-3.5,0.078,0.128,0.11,80.49,14.6
1642275,Tidjane Salaün,CHA,19.0,60,1244.3533333333332,114,345,0.33,58,205,0.283,67,94,0.713,280,74,29,14,58,353,-321,0.15,0.457,0.414,99.4,111.2,-11.9,0.092,0.106,0.065,73.17,20.7
203501,Tim Hardaway Jr.,DET,33.0,77,2152.795,276,680,0.406,168,457,0.368,124,145,0.855,183,123,38,7,48,844,25,0.151,0.567,0.529,113.8,114.2,-0.5,0.074,0.042,0.066,93.9,28.0
202699,Tobias Harris,DET,32.0,73,2305.4133333333334,384,805,0.477,91,264,0.345,143,166,0.861,432,162,74,57,85,1002,187,0.173,0.571,0.534,114.7,110.8,3.9,0.095,0.092,0.1,89.02,31.6
1642449,Tolu Smith,DET,24.0,1,22.35,6,9,0.667,0,0,0.0,2,3,0.667,8,0,0,0,2,14,7,0.2,0.678,0.667,117.4,104.4,12.9,0.0,0.157,0.149,1.22,22.4
1628396,Tony Bradley,IND,27.0,14,112.73833333333333,29,45,0.644,1,3,0.333,2,6,0.333,42,6,2,9,5,61,44,0.182,0.64,0.656,112.6,93.6,19.0,0.08,0.172,0.16,17.07,8.1
1628470,Torrey Craig,BOS,34.0,26,313.94666666666666,38,90,0.422,24,66,0.364,8,12,0.667,73,17,8,12,8,108,-49,0.139,0.567,0.556,104.9,109.8,-5.0,0.078,0.106,0.08,31.71,12.1
1641787,Tosan Evbuomwan,BKN,24.0,28,664.93,94,220,0.427,24,77,0.312,55,73,0.753,120,55,24,10,39,267,-66,0.183,0.53,0.482,103.4,108.4,-5.0,0.132,0.087,0.087,34.15,23.7
1641739,Toumani Camara,POR,25.0,78,2548.0516666666667,328,716,0.458,135,360,0.375,91,126,0.722,450,175,116,50,109,882,-114,0.143,0.572,0.552,111.5,113.3,-1.8,0.096,0.086,0.076,95.12,32.7
1629027,Trae Young,ATL,26.0,76,2739.06,566,1376,0.411,218,642,0.34,491,561,0.875,236,880,91,12,355,1841,34,0.285,0.567,0.491,115.2,114.6,0.6,0.452,0.042,0.129,92.68,36.0
1631218,Trayce Jackson-Davis,GSW,25.0,62,966.7866666666666,174,302,0.576,0,3,0.0,59,102,0.578,311,104,23,38,45,407,-61,0.164,0.587,0.576,107.8,111.3,-3.5,0.163,0.152,0.12,75.61,15.6
1630200,Tre Jones,CHI,25.0,46,904.9716666666667,128,238,0.538,19,48,0.396,55,67,0.821,116,192,37,10,35,330,-31,0.136,0.617,0.578,112.0,113.5,-1.5,0.289,0.059,0.11,56.1,19.7
1630544,Tre Mann,CHA,24.0,13,319.045,70,161,0.435,24,60,0.4,19,21,0.905,38,39,7,4,25,183,-55,0.25,0.537,0.509,107.0,114.4,-7.3,0.219,0.056,0.098,15.85,24.5
1630570,Trendon Watford,BKN,24.0,44,912.6766666666666,164,350,0.469,29,88,0.33,93,122,0.762,160,115,27,12,83,450,-65,0.226,0.557,0.51,105.1,109.4,-4.4,0.211,0.084,0.101,53.66,20.7
1642280,Trentyn Flowers,LAC,20.0,6,26.515,4,11,0.364,0,2,0.0,3,3,1.0,4,0,0,0,1,11,-6,0.194,0.446,0.364,88.5,101.7,-13.2,0.0,0.073,0.029,7.32,4.4
1630243,Trevelin Queen,ORL,28.0,31,430.28,56,147,0.381,22,77,0.286,18,21,0.857,54,38,31,10,22,152,-86,0.176,0.486,0.456,101.9,111.1,-9.2,0.141,0.063,0.071,37.8,13.9
1641725,Trey Alexander,DEN,22.0,24,117.22166666666666,13,41,0.317,3,17,0.176,3,4,0.75,12,11,2,1,5,32,-25,0.165,0.374,0.354,94.2,105.1,-10.9,0.136,0.047,0.029,29.27,4.9
1641998,Trey Jemison III,LAL,25.0,38,392.0233333333333,41,74,0.554,0,0,0.0,13,33,0.394,105,16,9,15,24,95,-18,0.121,0.537,0.554,105.6,107.8,-2.2,0.058,0.128,0.044,46.34,10.3
1626168,Trey Lyles,SAC,29.0,69,1349.5216666666668,157,374,0.42,81,238,0.34,56,80,0.7,316,82,41,23,39,451,-70,0.139,0.551,0.528,111.8,113.8,-2.0,0.084,0.114,0.087,84.15,19.6
1630530,Trey Murphy III,NOP,25.0,53,1854.23,381,839,0.454,158,438,0.361,204,230,0.887,268,188,56,39,103,1124,-384,0.229,0.598,0.548,109.0,118.7,-9.7,0.157,0.069,0.11,64.63,35.0
202684,Tristan Thompson,CLE,34.0,40,328.17,31,71,0.437,0,3,0.0,7,30,0.233,134,24,2,11,14,69,-85,0.123,0.41,0.437,97.2,109.8,-12.5,0.109,0.177,0.083,48.78,8.2
1641774,Tristan Vukcevic,WAS,22.0,35,512.51,120,242,0.496,38,102,0.373,52,67,0.776,130,39,11,23,42,330,-125,0.252,0.608,0.574,102.6,114.3,-11.7,0.136,0.116,0.127,42.68,14.6
1641783,Tristan da Silva,ORL,24.0,74,1628.6116666666667,199,483,0.412,80,239,0.335,55,63,0.873,245,113,33,18,56,533,-127,0.149,0.522,0.495,106.1,110.3,-4.2,0.105,0.076,0.074,90.24,22.0
1641803,Tristen Newton,MIN,24.0,8,16.145,1,8,0.125,0,3,0.0,1,1,1.0,4,2,1,0,2,3,-5,0.185,0.178,0.125,83.3,97.6,-14.2,0.182,0.087,-0.068,9.76,2.0
1629660,Ty Jerome,CLE,27.0,70,1392.4,319,618,0.516,111,253,0.439,129,148,0.872,173,237,78,3,92,878,302,0.229,0.643,0.606,120.3,110.4,9.9,0.241,0.06,0.134,85.37,19.9
1631102,TyTy Washington Jr.,PHX,23.0,16,118.34833333333333,14,45,0.311,4,21,0.19,3,6,0.5,13,16,3,0,3,35,2,0.187,0.367,0.356,109.2,105.7,3.5,0.188,0.05,0.049,19.51,7.4
1629639,Tyler Herro,MIA,25.0,77,2725.08,651,1378,0.472,251,670,0.375,287,327,0.878,399,424,69,17,198,1840,99,0.271,0.605,0.563,113.9,112.6,1.3,0.254,0.073,0.139,93.9,35.4
1642278,Tyler Kolek,NYK,24.0,41,296.15166666666664,27,82,0.329,14,47,0.298,13,17,0.765,27,70,12,4,18,81,-1,0.152,0.453,0.415,104.1,104.4,-0.3,0.321,0.043,0.072,50.0,7.2
1641890,Tyler Smith,MIL,20.0,23,121.57333333333334,24,50,0.48,13,30,0.433,6,8,0.75,25,4,3,4,8,67,8,0.205,0.626,0.61,103.4,96.3,7.1,0.056,0.098,0.123,28.05,5.3
1630169,Tyrese Haliburton,IND,25.0,73,2450.391666666667,476,1006,0.473,218,562,0.388,189,222,0.851,258,673,105,49,120,1359,222,0.21,0.616,0.582,117.7,114.2,3.5,0.384,0.052,0.143,89.02,33.6
1631213,Tyrese Martin,BKN,26.0,60,1315.32,189,465,0.406,99,282,0.351,46,58,0.793,219,122,34,9,74,523,-258,0.179,0.533,0.513,103.2,113.4,-10.2,0.15,0.083,0.084,73.17,21.9
1630178,Tyrese Maxey,PHI,24.0,52,1960.195,477,1091,0.437,161,478,0.337,254,289,0.879,174,317,91,21,124,1369,-124,0.293,0.562,0.511,113.8,117.4,-3.5,0.276,0.045,0.127,63.41,37.7
1630623,Tyson Etienne,BKN,25.0,7,151.08166666666668,17,52,0.327,13,44,0.295,8,10,0.8,9,12,3,1,8,55,-70,0.177,0.488,0.452,98.8,119.3,-20.5,0.126,0.03,0.024,8.54,21.6
1626145,Tyus Jones,PHX,29.0,81,2173.516666666667,306,683,0.448,166,401,0.414,51,57,0.895,196,429,69,8,91,829,-92,0.16,0.585,0.57,113.6,116.1,-2.5,0.276,0.045,0.099,98.78,26.8
1642279,Ulrich Chomche,TOR,19.0,7,32.175,2,5,0.4,0,0,0.0,1,2,0.5,8,2,0,1,2,5,-24,0.108,0.425,0.4,96.9,140.3,-43.4,0.111,0.151,0.02,8.54,4.6
203995,Vasilije Micic,PHX,31.0,41,784.9083333333333,95,273,0.348,45,125,0.36,34,41,0.829,89,128,15,0,77,269,-122,0.199,0.462,0.43,102.2,109.4,-7.2,0.258,0.053,0.061,50.0,19.1
1641705,Victor Wembanyama,SAS,21.0,46,1527.2533333333333,408,857,0.476,142,403,0.352,158,189,0.836,506,168,52,176,149,1116,102,0.3,0.594,0.559,112.5,110.0,2.6,0.184,0.159,0.168,56.1,33.2
1631246,Vince Williams Jr.,MEM,24.0,27,498.5466666666667,67,167,0.401,26,95,0.274,19,24,0.792,98,55,12,7,33,179,6,0.166,0.504,0.479,117.4,116.2,1.2,0.14,0.096,0.065,32.93,18.5
1628427,Vlatko Čančar,DEN,28.0,13,135.82833333333335,10,26,0.385,4,15,0.267,0,0,0.0,32,9,3,2,11,24,-18,0.109,0.462,0.462,93.5,100.3,-6.9,0.095,0.102,0.062,15.85,10.4
1630249,Vít Krejčí,ATL,25.0,57,1152.6316666666667,145,292,0.497,90,206,0.437,32,45,0.711,156,147,36,26,50,412,-66,0.131,0.661,0.651,109.7,111.6,-1.9,0.175,0.067,0.086,69.51,20.2
1631117,Walker Kessler,UTA,23.0,58,1740.32,278,419,0.663,6,34,0.176,79,152,0.52,707,97,36,138,86,641,-329,0.133,0.66,0.671,109.2,118.3,-9.1,0.083,0.19,0.127,70.73,30.0
1628976,Wendell Carter Jr.,ORL,26.0,68,1758.2683333333334,226,491,0.46,37,158,0.234,129,175,0.737,492,134,52,41,77,618,-13,0.159,0.544,0.498,107.8,107.8,0.0,0.117,0.14,0.099,82.93,25.9
1631111,Wendell Moore Jr.,CHA,23.0,36,498.9166666666667,59,126,0.468,14,41,0.341,18,22,0.818,95,42,20,5,27,150,-134,0.133,0.553,0.524,99.6,112.0,-12.4,0.13,0.09,0.083,43.9,13.9
1630214,Xavier Tillman,BOS,26.0,33,230.90333333333334,13,53,0.245,5,32,0.156,3,4,0.75,43,7,11,5,14,34,-12,0.125,0.31,0.292,106.6,108.9,-2.3,0.043,0.091,0.022,40.24,7.0
1642530,Yuki Kawamura,MEM,24.0,22,92.66666666666667,11,30,0.367,7,23,0.304,7,9,0.778,12,19,2,0,5,36,27,0.167,0.53,0.483,114.6,102.5,12.1,0.257,0.063,0.086,26.83,4.2
1641879,Yuri Collins,GSW,24.0,2,16.3,1,3,0.333,0,0,0.0,0,0,0.0,3,4,2,0,0,2,-5,0.068,0.333,0.333,94.4,111.4,-17.0,0.333,0.079,0.048,2.44,8.2
1642274,Yves Missi,NOP,21.0,73,1955.79,269,492,0.547,0,1,0.0,127,204,0.623,601,99,37,98,82,665,-514,0.141,0.572,0.547,107.8,120.5,-12.7,0.072,0.149,0.09,89.02,26.8
1642258,Zaccharie Risacher,ATL,20.0,75,1843.3866666666668,357,779,0.458,122,344,0.355,106,149,0.711,268,92,52,37,92,942,-121,0.203,0.558,0.537,112.3,115.0,-2.7,0.068,0.071,0.071,91.46,24.6
1628380,Zach Collins,CHI,27.0,64,977.06,153,302,0.507,32,106,0.302,69,78,0.885,288,111,29,29,60,407,-29,0.166,0.605,0.56,109.4,109.9,-0.4,0.162,0.136,0.106,78.05,15.3
1641744,Zach Edey,MEM,23.0,66,1415.765,251,433,0.58,18,52,0.346,90,127,0.709,548,65,36,85,88,610,164,0.156,0.624,0.6,116.8,111.5,5.3,0.059,0.179,0.111,80.49,21.5
203897,Zach LaVine,SAC,30.0,74,2602.48,625,1223,0.511,239,536,0.446,235,285,0.825,315,310,58,12,208,1724,-70,0.251,0.639,0.609,115.4,116.8,-1.4,0.178,0.059,0.115,90.24,35.2
1630192,Zeke Nnaji,DEN,24.0,57,607.9666666666667,70,141,0.496,17,52,0.327,27,44,0.614,90,23,25,38,14,184,-23,0.119,0.574,0.557,107.3,108.9,-1.6,0.051,0.067,0.063,69.51,10.7
1630533,Ziaire Williams,BKN,23.0,63,1541.4033333333334,214,520,0.412,103,302,0.341,101,123,0.821,287,84,62,28,67,632,-330,0.179,0.55,0.511,106.5,116.2,-9.7,0.086,0.093,0.081,76.83,24.5
1629627,Zion Williamson,NOP,24.0,30,857.2766666666666,288,508,0.567,3,13,0.231,158,241,0.656,216,159,37,27,90,737,-42,0.325,0.6,0.57,113.7,115.5,-1.8,0.325,0.116,0.167,36.59,28.6
1642389,Zyon Pullin,MEM,24.0,3,2.6016666666666666,0,1,0.0,0,0,0.0,0,0,0.0,0,0,0,0,0,0,1,0.167,0.0,0.0,83.3,66.7,16.7,0.0,0.0,-0.087,3.66,0.9
