Player,Team,RAPM_offense_normalized,USG_percent_normalized,PLUS_MINUS_value_normalized,Attendance_normalized,Performance_normalized,RAPM_defense_normalized
Shai Gilgeous-Alexander,OKC,0.9340659340659341,0.7384615384615385,1.0,0.9258959303502734,0.8582246834983066,0.8194444444444445
Nikola Jokić,DEN,1.0,0.6263736263736263,0.7847176079734219,0.8518930957683742,1.0,0.6805555555555557
Giannis Antetokounmpo,MIL,0.8791208791208791,0.7604395604395604,0.6119601328903654,0.8148410609435107,0.9224383467913126,0.5833333333333334
Hugo González,BOS,0.7032967032967034,,,,,0.8055555555555556
Franz Wagner,ORL,0.6813186813186812,0.6725274725274725,0.5541528239202658,0.7283863130188297,0.6550216330663721,0.7777777777777778
Steven Adams,HOU,0.6153846153846154,0.27912087912087913,0.5043189368770764,0.7036849564689209,0.20464912531306842,0.8472222222222222
Victor Wembanyama,SAS,0.5164835164835165,0.6593406593406593,0.4578073089700997,0.5555780522372951,0.7854544144663377,0.9583333333333335
Zach Edey,MEM,0.6813186813186812,0.34285714285714286,0.49900332225913624,0.8024903826685563,0.36788765869130413,0.7500000000000001
De'Anthony Melton,GSW,0.7032967032967034,0.4901098901098901,0.4079734219269103,0.061753391374772225,0.31575071343091227,0.6944444444444445
Ajay Mitchell,OKC,0.46153846153846156,0.34945054945054943,0.4744186046511628,0.43207126948775054,0.1965387093804658,1.0
Dereck Lively II,DAL,0.6813186813186812,0.29010989010989013,0.47043189368770766,0.43207126948775054,0.37804167050231685,0.7083333333333334
Tyrese Haliburton,IND,0.7912087912087912,0.4615384615384615,0.5375415282392026,0.88884389552541,0.6154358328320718,0.5416666666666667
Donovan Mitchell,CLE,0.6813186813186812,0.654945054945055,0.7368770764119601,0.8642437740433286,0.6371284875783283,0.6666666666666667
Chet Holmgren,OKC,0.5714285714285715,0.4703296703296703,0.5853820598006645,0.38266855638793285,0.5056441590720795,0.7916666666666666
Kawhi Leonard,LAC,0.6483516483516484,0.6153846153846154,0.5867109634551495,0.444421947762705,0.5930122334430538,0.6944444444444445
Stephen Curry,GSW,0.956043956043956,0.6285714285714284,0.588704318936877,0.8518930957683742,0.651477492405413,0.3055555555555555
Miles McBride,NYK,0.6593406593406593,0.35604395604395606,0.5302325581395348,0.7777890261186474,0.3026615575807788,0.6527777777777779
Norman Powell,MIA,0.6043956043956045,0.5604395604395604,0.6239202657807309,0.7283863130188297,0.5139003958390868,0.7222222222222222
Lauri Markkanen,UTA,0.6593406593406593,0.5076923076923077,0.2664451827242525,0.5679287305122495,0.5034462091699131,0.638888888888889
Luka Dončić,LAL,0.7362637362637362,0.7208791208791209,0.6186046511627907,0.6049807653371128,0.823916045291356,0.5416666666666667
Alex Caruso,OKC,0.39560439560439564,0.32307692307692304,0.6033222591362126,0.654282243369103,0.27135945666738265,0.9583333333333335
Jimmy Butler,GSW,0.6593406593406593,,,,,0.6250000000000001
Deni Avdija,POR,0.7912087912087912,0.5010989010989011,0.3382059800664452,0.8764932172504555,0.518733314922213,0.45833333333333337
Derrick White,BOS,0.5604395604395604,0.42857142857142855,0.7488372093023256,0.9258959303502734,0.5013517638337767,0.7500000000000001
Amen Thompson,HOU,0.5494505494505495,0.37802197802197796,0.5681063122923588,0.8395424174934197,0.5174725534222671,0.763888888888889
Alperen Sengun,HOU,0.6703296703296703,0.5692307692307692,0.6624584717607973,0.9258959303502734,0.6511722554106891,0.5972222222222222
Ty Jerome,CLE,0.7142857142857143,0.5032967032967033,0.5906976744186047,0.8518930957683742,0.3526650096658382,0.5416666666666667
Kyrie Irving,DAL,0.6923076923076923,0.5802197802197803,0.47242524916943524,0.6049807653371128,0.6507042253521126,0.5694444444444444
Rudy Gobert,MIN,0.3626373626373626,0.2835164835164835,0.6073089700996678,0.8764932172504555,0.49644818803890894,0.9861111111111112
Herbert Jones,NOP,0.46153846153846156,0.32087912087912085,0.3767441860465116,0.23456165215630695,0.3470035901684617,0.861111111111111
Jarrett Allen,CLE,0.6483516483516484,0.34285714285714286,0.7315614617940199,1.0,0.49790854163719767,0.611111111111111
Dorian Finney-Smith,HOU,0.5384615384615385,0.2703296703296703,0.5953488372093023,0.765438347843693,0.27954217680812543,0.7500000000000001
Aaron Wiggins,OKC,0.6703296703296703,0.43956043956043955,0.7315614617940199,0.9258959303502734,0.34390034738877023,0.5694444444444444
Brandin Podziemski,GSW,0.4725274725274725,0.38901098901098896,0.5634551495016611,0.7777890261186474,0.392372618061309,0.8194444444444445
Kevin Durant,HOU,0.6703296703296703,0.6219780219780219,0.3647840531561462,0.7530876695687386,0.6925105344273101,0.5416666666666667
Isaiah Hartenstein,OKC,0.5274725274725275,0.3626373626373626,0.667109634551495,0.6913342781939664,0.5019452802124063,0.7222222222222222
Fred VanVleet,HOU,0.5494505494505495,0.38681318681318677,0.5654485049833887,0.7283863130188297,0.46073828592469845,0.6944444444444445
AJ Green,MIL,0.5164835164835165,0.2703296703296703,0.5408637873754153,0.88884389552541,0.21900405927371913,0.7361111111111112
Collin Gillespie,PHX,0.5824175824175825,0.37362637362637363,0.3707641196013289,0.39501923466288724,0.21030520616270412,0.6527777777777779
Dean Wade,CLE,0.4835164835164836,0.221978021978022,0.5787375415282392,0.7160356347438753,0.22444403877569172,0.763888888888889
Jaylin Williams,OKC,0.4505494505494505,0.30989010989010984,0.5906976744186047,0.5679287305122495,0.27804708937815464,0.7916666666666666
Cade Cunningham,DET,0.6153846153846154,0.7098901098901099,0.506312292358804,0.8518930957683742,0.747859707263187,0.5833333333333334
Dyson Daniels,ATL,0.6153846153846154,0.39120879120879115,0.346843853820598,0.9258959303502734,0.5046584979432841,0.5833333333333334
Moussa Diabate,CHA,0.6043956043956045,,,,,0.5972222222222222
Ronald Holland II,DET,0.4065934065934066,0.38901098901098896,0.35348837209302325,0.9876493217250456,0.19474873934967832,0.8472222222222222
Luke Kornet,SAS,0.4835164835164836,0.24395604395604395,0.6564784053156146,0.88884389552541,0.27064346865506766,0.7361111111111112
Tari Eason,HOU,0.5494505494505495,0.4065934065934066,0.4863787375415282,0.6913342781939664,0.41139163844435733,0.6527777777777779
Pascal Siakam,IND,0.5604395604395604,0.5208791208791208,0.59734219269103,0.9505972869001823,0.590855338162712,0.638888888888889
Devin Booker,PHX,0.6593406593406593,0.6263736263736263,0.2724252491694352,0.9135452520753188,0.6753198932155021,0.513888888888889
Daniss Jenkins,DET,0.5384615384615385,0.5076923076923077,0.3840531561461794,0.07410406964972666,0.030378348522507596,0.6666666666666667
Dylan Harper,SAS,0.4835164835164836,,,,,0.7361111111111112
Cameron Johnson,DEN,0.6593406593406593,0.4923076923076923,0.2571428571428571,0.6913342781939664,0.5053368023760035,0.5
Luka Garza,BOS,0.6043956043956045,0.5296703296703297,0.39069767441860465,0.4691233043126139,0.099136801705153,0.5694444444444444
Jayson Tatum,BOS,0.5274725274725275,0.6615384615384615,0.7448504983388704,0.8764932172504555,0.7762205038509927,0.6666666666666667
Julian Champagnie,SAS,0.6373626373626373,0.36043956043956044,0.34551495016611294,1.0,0.29846222240184295,0.5277777777777778
Naz Reid,MIN,0.4835164835164836,0.4615384615384615,0.6159468438538206,0.9752986434500911,0.44003728251864127,0.7083333333333334
Brandon Clarke,MEM,0.5274725274725275,0.32967032967032966,0.5102990033222591,0.7777890261186474,0.29390189174261255,0.6527777777777779
Tyrese Maxey,PHI,0.6923076923076923,0.6439560439560439,0.30764119601328904,0.6295808868191941,0.6870180358167103,0.4444444444444445
Jalen Smith,CHI,0.6483516483516484,0.44175824175824174,0.3661129568106312,0.7777890261186474,0.2929957194145264,0.48611111111111116
Karl-Anthony Towns,NYK,0.6923076923076923,0.5824175824175825,0.6411960132890365,0.8764932172504555,0.7598422780692873,0.4305555555555555
Goga Bitadze,ORL,0.5384615384615385,0.31208791208791203,0.44318936877076415,0.8518930957683742,0.32504832919083126,0.6250000000000001
Oso Ighodaro,PHX,0.4175824175824176,0.22637362637362635,0.3760797342192691,0.7407369912937842,0.17937260334750385,0.7777777777777778
Kon Knueppel,CHA,0.6483516483516484,,,,,0.48611111111111116
Jamal Murray,DEN,0.7692307692307693,0.5164835164835164,0.6099667774086379,0.8148410609435107,0.6018787586508222,0.3194444444444445
Vince Williams Jr.,MEM,0.5164835164835165,0.3648351648351648,0.3940199335548173,0.3210164000809881,0.2276841879161681,0.638888888888889
LaMelo Ball,CHA,0.7692307692307693,0.7516483516483516,0.3036544850498339,0.5679287305122495,0.6836009800983625,0.3194444444444445
Payton Pritchard,BOS,0.6593406593406593,0.4087912087912088,0.6757475083056479,0.9752986434500911,0.41828914664457334,0.45833333333333337
Davion Mitchell,MIA,0.4835164835164836,0.2967032967032967,0.38803986710963456,0.9011945738003644,0.28161550116811096,0.6805555555555557
OG Anunoby,NYK,0.46153846153846156,0.42857142857142855,0.5900332225913621,0.9011945738003644,0.5034073012532002,0.7083333333333334
Neemias Queta,BOS,0.4725274725274725,0.2989010989010989,0.4930232558139535,0.7530876695687386,0.19051055224452346,0.6944444444444445
Evan Mobley,CLE,0.4505494505494505,0.4967032967032967,0.7528239202657807,0.8642437740433286,0.607178003119518,0.7222222222222222
Jordan Goodwin,PHX,0.4505494505494505,0.2945054945054945,0.38272425249169434,0.34571775663089693,0.2199811444733308,0.7222222222222222
Marcus Smart,LAL,0.4725274725274725,0.4351648351648352,0.41794019933554816,0.4073699129378417,0.27291778351771523,0.6805555555555557
D'Angelo Russell,DAL,0.4835164835164836,0.5010989010989011,0.39003322259136214,0.7036849564689209,0.38730013617880377,0.6666666666666667
Jalen Suggs,ORL,0.37362637362637363,0.589010989010989,0.3920265780730897,0.4197205912127961,0.4523612261806131,0.8055555555555556
Kenrich Williams,OKC,0.5274725274725275,0.33186813186813185,0.6086378737541528,0.8395424174934197,0.22077334710164942,0.611111111111111
Aaron Gordon,DEN,0.37362637362637363,0.4087912087912088,0.5900332225913621,0.6173314436120673,0.4256759317922142,0.7916666666666666
Christian Braun,DEN,0.4505494505494505,0.34065934065934067,0.7089700996677741,0.9629479651751367,0.45857672717865894,0.6944444444444445
Joel Embiid,PHI,0.4835164835164836,0.7516483516483516,0.3521594684385382,0.22221097388135252,0.6735563016904316,0.6527777777777779
Paul Reed,DET,0.4835164835164836,0.3934065934065934,0.4186046511627907,0.5432273739623406,0.16711160207431955,0.6527777777777779
Sam Hauser,BOS,0.5934065934065935,0.3076923076923077,0.6059800664451828,0.8642437740433286,0.2515840694540066,0.513888888888889
VJ Edgecombe,PHI,0.5164835164835165,,,,,0.611111111111111
Sam Merrill,CLE,0.4285714285714286,0.3076923076923077,0.6033222591362126,0.8642437740433286,0.21945536794364642,0.7083333333333334
Al Horford,GSW,0.4725274725274725,0.2989010989010989,0.6538205980066445,0.7283863130188297,0.34668139556292,0.6527777777777779
De'Aaron Fox,SAS,0.5494505494505495,0.6021978021978023,0.34418604651162793,0.7530876695687386,0.651976374375284,0.5555555555555556
Cam Spencer,MEM,0.5604395604395604,0.32527472527472523,0.41661129568106314,0.2963150435310792,0.13454846727423364,0.5416666666666667
Joan Beringer,MIN,0.5164835164835165,,,,,0.5972222222222222
Dwight Powell,DAL,0.5054945054945055,0.16043956043956042,0.38073089700996676,0.6666329216440574,0.10825738746202707,0.611111111111111
Jalen Brunson,NYK,0.7472527472527473,0.6351648351648351,0.4870431893687708,0.7901397043936019,0.6709578739404753,0.29166666666666663
Daniel Gafford,DAL,0.4835164835164836,0.4087912087912088,0.4132890365448505,0.6913342781939664,0.41647892168975326,0.6250000000000001
Rui Hachimura,LAL,0.5054945054945055,0.34285714285714286,0.4950166112956811,0.7160356347438753,0.3849952489947996,0.5972222222222222
Mouhamed Gueye,ATL,0.4285714285714286,0.34065934065934067,0.4478405315614618,0.39501923466288724,0.23959562484831748,0.6944444444444445
Jaylen Wells,MEM,0.6373626373626373,0.34285714285714286,0.5136212624584717,0.9629479651751367,0.2958480593164347,0.4305555555555555
Myles Turner,MIL,0.5274725274725275,0.4549450549450549,0.5242524916943522,0.8764932172504555,0.4771165117064041,0.5555555555555556
Coby White,CHI,0.6153846153846154,0.5208791208791208,0.2963455149501661,0.9011945738003644,0.5277025161035104,0.4444444444444445
Cason Wallace,OKC,0.38461538461538464,0.2725274725274725,0.6352159468438539,0.8271917392184653,0.3030524554477963,0.7361111111111112
Austin Reaves,LAL,0.6043956043956045,0.5054945054945055,0.5196013289036545,0.88884389552541,0.5696224080988752,0.45833333333333337
Sandro Mamukelashvili,TOR,0.46153846153846156,0.443956043956044,0.37142857142857144,0.7407369912937842,0.20060575604058295,0.638888888888889
Obi Toppin,IND,0.6373626373626373,0.4197802197802198,0.3388704318936877,0.9629479651751367,0.3144456213578318,0.4166666666666667
Scottie Barnes,TOR,0.4175824175824176,0.5758241758241758,0.3036544850498339,0.7901397043936019,0.6257514923629256,0.6944444444444445
Chris Boucher,BOS,0.5604395604395604,0.45714285714285713,0.39335548172757473,0.6049807653371128,0.3011875172604253,0.513888888888889
Damian Lillard,MIL,0.4725274725274725,0.5912087912087912,0.42524916943521596,0.7036849564689209,0.6822748526316793,0.611111111111111
Jaime Jaquez Jr.,MIA,0.4835164835164836,0.42637362637362636,0.28903654485049834,0.8024903826685563,0.2937828994167022,0.5972222222222222
Brandon Miller,CHA,0.5054945054945055,0.5934065934065934,0.30764119601328904,0.3210164000809881,0.5513107694825452,0.5694444444444444
John Collins,LAC,0.5274725274725275,0.5142857142857143,0.37940199335548175,0.48147398258756835,0.5514360673847003,0.5416666666666667
Anthony Edwards,MIN,0.6043956043956045,0.6747252747252747,0.5833887043189369,0.9629479651751367,0.7045050146997647,0.4444444444444445
Ivica Zubac,LAC,0.39560439560439564,0.421978021978022,0.7315614617940199,0.9752986434500911,0.6239298536315935,0.7083333333333334
Paul George,PHI,0.4175824175824176,0.512087912087912,0.33488372093023255,0.4938246608625228,0.49555102013323366,0.6805555555555557
Naji Marshall,DAL,0.4505494505494505,0.432967032967033,0.29900332225913623,0.8395424174934197,0.39756012631629506,0.638888888888889
Gui Santos,GSW,0.4065934065934066,0.27692307692307694,0.49966777408637875,0.678983599919012,0.16293841480254073,0.6944444444444445
Elijah Harkless,UTA,0.4505494505494505,0.26373626373626374,0.4106312292358804,0.11115610447458998,0.13338856669428337,0.638888888888889
David Jones Garcia,SAS,0.5054945054945055,,,,,0.5694444444444444
Ausar Thompson,DET,0.4065934065934066,0.4065934065934066,0.4345514950166113,0.7160356347438753,0.35681687332369094,0.6805555555555557
Saddiq Bey,NOP,0.6593406593406593,,,,,0.3611111111111111
Julius Randle,MIN,0.5714285714285715,0.5406593406593406,0.5003322259136213,0.8395424174934197,0.5505325216430724,0.47222222222222227
Brandon Ingram,TOR,0.4835164835164836,0.6703296703296703,0.30498338870431896,0.20986029560639805,0.5917640921783424,0.5833333333333334
Jaden McDaniels,MIN,0.43956043956043955,0.3516483516483516,0.5043189368770764,1.0,0.4059652029826015,0.638888888888889
Isaiah Joe,OKC,0.5054945054945055,0.3648351648351648,0.7554817275747508,0.9011945738003644,0.284750367600409,0.5555555555555556
Bogdan Bogdanović,LAC,0.46153846153846156,0.40219780219780216,0.4604651162790698,0.654282243369103,0.31002280933239235,0.611111111111111
Jordan Walsh,BOS,0.5604395604395604,0.24175824175824176,0.40664451827242526,0.6295808868191941,0.06543028912540097,0.48611111111111116
Yuki Kawamura,MEM,0.5054945054945055,0.36703296703296706,0.4079734219269103,0.2592630087062158,0.0562376038763777,0.5555555555555556
Mitchell Robinson,NYK,0.4725274725274725,0.23956043956043954,0.4053156146179402,0.19750961733144362,0.2558604220478581,0.5833333333333334
Immanuel Quickley,TOR,0.4725274725274725,0.5406593406593406,0.36411960132890364,0.39501923466288724,0.4926648422920171,0.5833333333333334
Draymond Green,GSW,0.29670329670329676,0.34505494505494505,0.5727574750830565,0.8271917392184653,0.39942654775248954,0.8055555555555556
Desmond Bane,ORL,0.5274725274725275,0.4989010989010989,0.4850498338870432,0.8395424174934197,0.5751874131975714,0.513888888888889
Toumani Camara,POR,0.4065934065934066,0.3142857142857142,0.3142857142857143,0.9505972869001823,0.38762489466714817,0.6666666666666667
Tobias Harris,DET,0.39560439560439564,0.3802197802197802,0.5142857142857142,0.88884389552541,0.4348303087393553,0.6805555555555557
Jaylen Brown,BOS,0.6043956043956045,0.6197802197802197,0.6571428571428571,0.765438347843693,0.6081806744607076,0.4166666666666667
Jabari Smith Jr.,HOU,0.4505494505494505,0.3516483516483516,0.5561461794019934,0.6913342781939664,0.39409487541001087,0.611111111111111
James Harden,LAC,0.6043956043956045,0.6285714285714284,0.6186046511627907,0.9629479651751367,0.6795451288021003,0.4166666666666667
Anthony Davis,DAL,0.4065934065934066,0.6615384615384615,0.40664451827242526,0.6173314436120673,0.7914615722013743,0.6666666666666667
Jordan McLaughlin,SAS,0.4505494505494505,0.2945054945054945,0.42790697674418604,0.5555780522372951,0.07564568999675804,0.611111111111111
Daishen Nix,MIN,0.4945054945054945,0.38681318681318677,0.39601328903654487,0.024701356549908893,0.025775568443339777,0.5555555555555556
Donovan Clingan,POR,0.4285714285714286,0.2967032967032967,0.38870431893687707,0.8148410609435107,0.3208481206230653,0.638888888888889
Harrison Ingram,SAS,0.4945054945054945,0.13186813186813187,0.40996677740863785,0.04940271309981777,0.0695940347970174,0.5555555555555556
Day'Ron Sharpe,BKN,0.3626373626373626,0.4087912087912088,0.4325581395348837,0.6049807653371128,0.32399889533278103,0.7222222222222222
Isaac Okoro,CHI,0.5054945054945055,0.2725274725274725,0.5581395348837209,0.6666329216440574,0.19683161356732193,0.5277777777777778
Jalen Duren,DET,0.5604395604395604,0.35384615384615387,0.413953488372093,0.9505972869001823,0.48106133027425485,0.45833333333333337
Zion Williamson,NOP,0.5384615384615385,0.7142857142857143,0.36212624584717606,0.35806843490585144,0.699806683236675,0.48611111111111116
Ja Morant,MEM,0.4065934065934066,0.6857142857142857,0.5401993355481728,0.6049807653371128,0.6247997790665563,0.6527777777777779
Aaron Nesmith,IND,0.5164835164835165,0.3758241758241758,0.521594684385382,0.5432273739623406,0.3385191322225291,0.5
Malik Beasley,DET,0.4065934065934066,0.4725274725274725,0.506312292358804,1.0,0.3970066212675383,0.638888888888889
Bam Adebayo,MIA,0.4175824175824176,0.5098901098901099,0.4079734219269103,0.9505972869001823,0.6161352225975258,0.6250000000000001
Josh Okogie,HOU,0.4285714285714286,0.4065934065934066,0.3813953488372093,0.48147398258756835,0.2247307373653687,0.611111111111111
Lamar Stevens,MEM,0.3626373626373626,0.4615384615384615,0.4345514950166113,0.19750961733144362,0.13418457689621005,0.6805555555555557
Quenton Jackson,IND,0.3626373626373626,0.36703296703296706,0.3893687707641196,0.3333670783559425,0.18572217619442144,0.6805555555555557
Caris LeVert,DET,0.4175824175824176,0.4197802197802198,0.5614617940199336,0.7777890261186474,0.3648853907760287,0.611111111111111
Jrue Holiday,POR,0.3406593406593406,0.34285714285714286,0.6152823920265781,0.7530876695687386,0.37603228479033596,0.7083333333333334
Kevin Huerter,CHI,0.4725274725274725,0.3758241758241758,0.4591362126245847,0.8395424174934197,0.29810005243166876,0.5416666666666667
Nikola Jović,MIA,0.38461538461538464,0.39120879120879115,0.3767441860465116,0.5555780522372951,0.3345220513189967,0.6527777777777779
Jared Rhoden,TOR,0.5054945054945055,0.40219780219780216,0.4325581395348837,0.16045758250658027,0.24716929025131182,0.5
Walker Kessler,UTA,0.4065934065934066,0.2923076923076923,0.17142857142857143,0.7036849564689209,0.5109562037539639,0.6250000000000001
Wendell Carter Jr.,ORL,0.3516483516483517,0.34945054945054943,0.3813953488372093,0.8271917392184653,0.35820459086700135,0.6805555555555557
Mikal Bridges,NYK,0.37362637362637363,0.421978021978022,0.6119601328903654,1.0,0.47032554004081883,0.6527777777777779
Marvin Bagley III,WAS,0.4505494505494505,0.43956043956043955,0.3833887043189369,0.37031787811297834,0.14717018111197228,0.5555555555555556
Nickeil Alexander-Walker,ATL,0.4505494505494505,0.34065934065934067,0.5694352159468439,1.0,0.2937471793939149,0.5555555555555556
De'Andre Hunter,CLE,0.5714285714285715,0.4857142857142857,0.4485049833887043,0.7777890261186474,0.4286195111847556,0.4027777777777778
Julian Phillips,CHI,0.4175824175824176,0.27692307692307694,0.40996677740863785,0.9629479651751367,0.14804638204006865,0.5972222222222222
Pelle Larsson,MIA,0.4725274725274725,0.30989010989010984,0.3966777408637874,0.6666329216440574,0.1486781652481735,0.5277777777777778
Jamal Shead,TOR,0.43956043956043955,0.3934065934065934,0.2345514950166113,0.9135452520753188,0.23584645125655895,0.5694444444444444
Jaylon Tyson,CLE,0.4725274725274725,0.36043956043956044,0.38870431893687707,0.5679287305122495,0.12215974193093479,0.5277777777777778
Svi Mykhailiuk,UTA,0.4945054945054945,0.4351648351648352,0.3196013289036545,0.4567726260376595,0.24113722583177083,0.5
Sion James,CHA,0.4065934065934066,,,,,0.611111111111111
Kevin Love,UTA,0.5934065934065935,0.5054945054945055,0.373421926910299,0.2716136869811703,0.2042433629912467,0.375
Tyler Herro,MIA,0.5384615384615385,0.5956043956043956,0.4558139534883721,0.9382466086252278,0.6404559262885692,0.4305555555555555
Moses Moody,GSW,0.3626373626373626,0.37362637362637363,0.4777408637873754,0.9011945738003644,0.2729946184792912,0.6527777777777779
Jusuf Nurkić,UTA,0.31868131868131866,0.443956043956044,0.26777408637873756,0.6173314436120673,0.35744648591278544,0.7083333333333334
T.J. McConnell,IND,0.4505494505494505,0.4967032967032967,0.35282392026578074,0.9629479651751367,0.3080832975015643,0.5416666666666667
RJ Barrett,TOR,0.5384615384615385,0.6175824175824176,0.29767441860465116,0.7036849564689209,0.5999485758363569,0.4305555555555555
Patrick Baldwin Jr.,LAC,0.43956043956043955,0.33186813186813185,0.40930232558139534,0.28396436525612473,0.0652444076222038,0.5555555555555556
Lonzo Ball,CLE,0.29670329670329676,0.33406593406593404,0.4564784053156146,0.4197205912127961,0.2888704777685723,0.7361111111111112
Liam McNeeley,CHA,0.4175824175824176,,,,,0.5833333333333334
Josh Hart,NYK,0.46153846153846156,0.33186813186813185,0.5249169435215947,0.9382466086252278,0.5596143707162763,0.5277777777777778
Danté Exum,DAL,0.4285714285714286,0.42417582417582417,0.3581395348837209,0.23456165215630695,0.24744545705606188,0.5694444444444444
Adama Sanogo,CHI,0.46153846153846156,0.31868131868131866,0.3867109634551495,0.037052034824863335,0.06766086716376692,0.5277777777777778
Kam Jones,IND,0.46153846153846156,,,,,0.5277777777777778
Keon Ellis,SAC,0.38461538461538464,0.2747252747252747,0.4325581395348837,0.9752986434500911,0.2684686550676609,0.6250000000000001
Jalen Pickett,DEN,0.3626373626373626,0.2857142857142857,0.4245847176079734,0.5926300870621584,0.1491300745650373,0.638888888888889
Nicolas Batum,LAC,0.39560439560439564,0.1912087912087912,0.49102990033222593,0.9505972869001823,0.16580630085186837,0.5972222222222222
David Duke Jr.,SAS,0.4505494505494505,0.4549450549450549,0.40863787375415284,0.061753391374772225,0.07732670533001933,0.5277777777777778
Alex Reese,PHI,0.4725274725274725,0.2703296703296703,0.4026578073089701,0.17280826078153472,0.18171775752554545,0.5
Isaiah Crawford,HOU,0.43956043956043955,0.2681318681318681,0.4053156146179402,0.17280826078153472,0.030930682132007736,0.5416666666666667
Devin Carter,SAC,0.39560439560439564,0.37142857142857144,0.4186046511627907,0.43207126948775054,0.1406916444198963,0.5972222222222222
Myron Gardner,MIA,0.39560439560439564,,,,,0.5972222222222222
Dylan Cardwell,SAC,0.39560439560439564,,,,,0.5972222222222222
N'Faly Dante,ATL,0.46153846153846156,0.2923076923076923,0.38272425249169434,0.037052034824863335,0.24647887323943662,0.513888888888889
Kevon Looney,NOP,0.38461538461538464,0.2747252747252747,0.4677740863787375,0.9258959303502734,0.2462245090771668,0.611111111111111
Michael Porter Jr.,BKN,0.5824175824175825,0.432967032967033,0.5661129568106312,0.9382466086252278,0.5239637468303583,0.3611111111111111
Jonathan Isaac,ORL,0.2417582417582418,0.34065934065934067,0.3647840531561462,0.8642437740433286,0.22925734467562067,0.7916666666666666
Jared McCain,PHI,0.38461538461538464,0.5340659340659341,0.37209302325581395,0.2716136869811703,0.37486641931726766,0.611111111111111
Cam Christie,LAC,0.31868131868131866,0.421978021978022,0.3833887043189369,0.1481069042316258,0.0594820810230918,0.6944444444444445
Bones Hyland,MIN,0.3516483516483517,0.6021978021978023,0.36943521594684386,0.28396436525612473,0.16351376231243672,0.638888888888889
Trae Young,ATL,0.6703296703296703,0.6263736263736263,0.412624584717608,0.9258959303502734,0.6880550589398102,0.2361111111111111
Kevin Knox II,GSW,0.4725274725274725,0.443956043956044,0.38803986710963456,0.16045758250658027,0.09665838166252416,0.48611111111111116
Terry Taylor,SAC,0.39560439560439564,0.14725274725274726,0.39601328903654487,0.024701356549908893,0.01933167633250483,0.5833333333333334
Malcolm Brogdon,WAS,0.43956043956043955,0.5076923076923077,0.3096345514950166,0.28396436525612473,0.38180060756697043,0.5277777777777778
Tre Jones,CHI,0.43956043956043955,0.2989010989010989,0.36943521594684386,0.5555780522372951,0.2731649916549596,0.5277777777777778
Cole Swider,TOR,0.4175824175824176,0.34065934065934067,0.42591362126245846,0.11115610447458998,0.17591825462579397,0.5555555555555556
Josh Minott,BOS,0.4285714285714286,0.3516483516483516,0.37940199335548175,0.5555780522372951,0.08405076666306449,0.5416666666666667
Jazian Gortman,DAL,0.4285714285714286,0.42857142857142855,0.3973421926910299,0.1851589390564892,0.03987158243579122,0.5416666666666667
Asa Newell,ATL,0.43956043956043955,,,,,0.5277777777777778
Isaiah Stewart,DET,0.37362637362637363,0.26593406593406593,0.39601328903654487,0.8764932172504555,0.2733284237012489,0.611111111111111
Joe Ingles,MIN,0.4835164835164836,0.24835164835164836,0.39136212624584715,0.22221097388135252,0.04273317926132648,0.47222222222222227
Leonard Miller,MIN,0.4065934065934066,0.5252747252747252,0.38205980066445183,0.1481069042316258,0.04758566481847344,0.5694444444444444
Oscar Tshiebwe,UTA,0.46153846153846156,0.31648351648351647,0.38272425249169434,0.16045758250658027,0.3341618337475835,0.5
Tyler Smith,MIL,0.4065934065934066,0.4505494505494505,0.3953488372093023,0.2716136869811703,0.07984822832991126,0.5694444444444444
Egor Dëmin,BKN,0.3406593406593406,,,,,0.6527777777777779
Harrison Barnes,SAS,0.5824175824175825,0.34505494505494505,0.373421926910299,1.0,0.34419813957874457,0.34722222222222227
Landry Shamet,NYK,0.39560439560439564,0.3142857142857142,0.4485049833887043,0.6049807653371128,0.14576083954708643,0.5694444444444444
Jabari Walker,PHI,0.43956043956043955,0.34285714285714286,0.4,0.7283863130188297,0.18236214673662893,0.513888888888889
Jonas Valančiūnas,DEN,0.4945054945054945,0.4879120879120879,0.18803986710963455,0.9876493217250456,0.3811442852223484,0.4444444444444445
Malik Monk,SAC,0.5054945054945055,0.5186813186813186,0.467109634551495,0.7901397043936019,0.49489091411212377,0.4305555555555555
Jalen Johnson,ATL,0.3076923076923077,0.4703296703296703,0.42657807308970097,0.43207126948775054,0.6476111571389119,0.6805555555555557
Dominick Barlow,PHI,0.4285714285714286,0.30989010989010984,0.38870431893687707,0.4197205912127961,0.15023474178403756,0.5277777777777778
Jakob Poeltl,TOR,0.38461538461538464,0.4043956043956044,0.3654485049833887,0.6913342781939664,0.5273816964393864,0.5833333333333334
Gabe Vincent,LAL,0.39560439560439564,0.2879120879120879,0.4219269102990033,0.8764932172504555,0.1806974746079965,0.5694444444444444
Jarred Vanderbilt,LAL,0.38461538461538464,0.2549450549450549,0.4132890365448505,0.43207126948775054,0.20727852956519066,0.5833333333333334
Pete Nance,MIL,0.3626373626373626,0.2549450549450549,0.38073089700996676,0.1481069042316258,0.10260658976483336,0.611111111111111
Guerschon Yabusele,NYK,0.5274725274725275,0.35824175824175825,0.3116279069767442,0.8518930957683742,0.3606738470035902,0.4027777777777778
Tyler Kolek,NYK,0.32967032967032966,0.33406593406593404,0.3893687707641196,0.4938246608625228,0.08298475693953294,0.6527777777777779
Reed Sheppard,HOU,0.4505494505494505,0.3758241758241758,0.3568106312292359,0.6295808868191941,0.14758991353854653,0.5
Cui Yongxi,BKN,0.4285714285714286,,,,,0.5277777777777778
Tolu Smith,DET,0.38461538461538464,0.43956043956043955,0.3946843853820598,0.0,0.38663352665009665,0.5833333333333334
Christian Koloko,ATL,0.29670329670329676,0.22857142857142856,0.3853820598006645,0.444421947762705,0.10972032513043284,0.6805555555555557
Luguentz Dort,OKC,0.39560439560439564,0.2923076923076923,0.7534883720930232,0.8642437740433286,0.32509889494381367,0.5555555555555556
Cody Zeller,ATL,0.39560439560439564,,,,,0.5555555555555556
Domantas Sabonis,SAC,0.4505494505494505,0.4681318681318681,0.4857142857142857,0.8518930957683742,0.7191383595691798,0.48611111111111116
Keegan Murray,SAC,0.31868131868131866,0.32527472527472523,0.4205980066445183,0.9258959303502734,0.4141048561752351,0.6527777777777779
Moritz Wagner,ORL,0.4505494505494505,0.5582417582417583,0.3787375415282392,0.35806843490585144,0.36279112584000733,0.48611111111111116
Markelle Fultz,SAC,0.37362637362637363,0.4307692307692308,0.39335548172757473,0.2469123304312614,0.09665838166252416,0.5833333333333334
Mason Plumlee,CHA,0.4945054945054945,0.23076923076923075,0.42591362126245846,0.9011945738003644,0.24634825380475756,0.4305555555555555
Drew Peterson,CHA,0.39560439560439564,0.26593406593406593,0.4205980066445183,0.2963150435310792,0.08196630764982049,0.5555555555555556
Jaylen Clark,MIN,0.32967032967032966,0.25274725274725274,0.4192691029900332,0.48147398258756835,0.13145539906103287,0.638888888888889
Daeqwon Plowden,ATL,0.37362637362637363,0.3978021978021978,0.40930232558139534,0.061753391374772225,0.16754119488170854,0.5833333333333334
Donte DiVincenzo,MIN,0.43956043956043955,0.41318681318681316,0.5056478405315614,0.7530876695687386,0.363872036774728,0.5
Richaun Holmes,WAS,0.4175824175824176,0.3142857142857142,0.3661129568106312,0.37031787811297834,0.28685713267587815,0.5277777777777778
Riley Minix,SAS,0.4175824175824176,0.13846153846153847,0.39003322259136214,0.0,0.03866335266500966,0.5277777777777778
Jackson Rowe,GSW,0.4065934065934066,0.31208791208791203,0.4053156146179402,0.061753391374772225,0.1288778422166989,0.5416666666666667
Yanic Konan Niederhäuser,LAC,0.4285714285714286,,,,,0.513888888888889
Mark Sears,MIL,0.4285714285714286,,,,,0.513888888888889
Max Strus,CLE,0.38461538461538464,0.3142857142857142,0.5368770764119601,0.6049807653371128,0.32090582711958027,0.5694444444444444
Kris Dunn,LAC,0.38461538461538464,0.27692307692307694,0.5641196013289037,0.9011945738003644,0.2654186912679042,0.5694444444444444
Cory Joseph,ORL,0.46153846153846156,0.27692307692307694,0.4132890365448505,0.6049807653371128,0.12952223142778238,0.47222222222222227
Ryan Rollins,MIL,0.3626373626373626,0.3934065934065934,0.44518272425249167,0.678983599919012,0.19573322286661143,0.5833333333333334
Matisse Thybulle,POR,0.29670329670329676,0.2967032967032967,0.39069767441860465,0.17280826078153472,0.28482003129890454,0.6666666666666667
CJ McCollum,ATL,0.5604395604395604,0.5846153846153846,0.20465116279069767,0.678983599919012,0.5475006904170119,0.33333333333333337
Scotty Pippen Jr.,MEM,0.3516483516483517,0.41318681318681316,0.4192691029900332,0.9629479651751367,0.33769257390957813,0.5972222222222222
Javonte Green,DET,0.27472527472527475,0.24835164835164836,0.24916943521594684,0.8271917392184653,0.19473821011420314,0.6944444444444445
Nate Williams,HOU,0.4505494505494505,0.4659340659340659,0.3740863787375415,0.23456165215630695,0.08215962441314555,0.47222222222222227
E.J. Liddell,BKN,0.4175824175824176,0.2857142857142857,0.3847176079734219,0.1357562259566714,0.05316210991438829,0.513888888888889
Branden Carlson,OKC,0.4285714285714286,0.4065934065934066,0.41727574750830565,0.38266855638793285,0.1262600110466722,0.5
Phillip Wheeler,PHI,0.4065934065934066,0.4857142857142857,0.39867109634551495,0.04940271309981777,0.07732670533001933,0.5277777777777778
Ryan Nembhard,DAL,0.4505494505494505,,,,,0.47222222222222227
Luke Kennard,ATL,0.5274725274725275,0.3076923076923077,0.47109634551495017,0.7901397043936019,0.28462175769549425,0.375
Jake LaRavia,LAL,0.5274725274725275,0.3076923076923077,0.47375415282392025,0.8024903826685563,0.25599825931226095,0.375
Collin Murray-Boyles,TOR,0.3076923076923077,,,,,0.6527777777777779
Aaron Holiday,HOU,0.29670329670329676,0.35604395604395606,0.4485049833887043,0.7530876695687386,0.1540298081976998,0.6527777777777779
Jose Alvarado,NOP,0.3516483516483517,0.42417582417582417,0.23588039867109634,0.678983599919012,0.3369235017950842,0.5833333333333334
Ryan Dunn,PHX,0.3516483516483517,0.35384615384615387,0.2777408637873754,0.9011945738003644,0.22962896616583447,0.5833333333333334
Duncan Robinson,DET,0.4505494505494505,0.41098901098901097,0.43388704318936877,0.9011945738003644,0.29258753368115425,0.45833333333333337
Robert Williams III,POR,0.3626373626373626,0.26373626373626374,0.3787375415282392,0.23456165215630695,0.2745098039215686,0.5694444444444444
Kristaps Porziņģis,ATL,0.3626373626373626,0.5560439560439561,0.5049833887043189,0.5061753391374773,0.5661419497376415,0.5694444444444444
Oshae Brissett,PHI,0.39560439560439564,0.3384615384615384,0.36943521594684386,0.061753391374772225,0.24808984626714536,0.5277777777777778
Talen Horton-Tucker,CHI,0.46153846153846156,0.45714285714285713,0.4026578073089701,0.7036849564689209,0.1846508394518565,0.4444444444444445
Bol Bol,PHX,0.39560439560439564,0.4483516483516483,0.3654485049833887,0.43207126948775054,0.20620454754671821,0.5277777777777778
Ulrich Chomche,TOR,0.4505494505494505,0.23736263736263735,0.3740863787375415,0.07410406964972666,0.03866335266500966,0.45833333333333337
Keshad Johnson,MIA,0.3626373626373626,0.31868131868131866,0.39335548172757473,0.1851589390564892,0.09665838166252416,0.5694444444444444
Brook Lopez,LAC,0.3076923076923077,0.34505494505494505,0.4790697674418605,0.9752986434500911,0.4105564761115714,0.638888888888889
Haywood Highsmith,MIA,0.32967032967032966,0.24395604395604395,0.4305647840531561,0.9011945738003644,0.23328631033684888,0.611111111111111
Jalen Williams,OKC,0.4065934065934066,0.5934065934065934,0.6930232558139535,0.8395424174934197,0.6219756733066771,0.513888888888889
Quinten Post,GSW,0.3406593406593406,0.432967032967033,0.4186046511627907,0.5061753391374773,0.25085151431464603,0.5972222222222222
Curtis Jones,DEN,0.38461538461538464,,,,,0.5416666666666667
Ousmane Dieng,OKC,0.29670329670329676,0.33406593406593404,0.41993355481727573,0.444421947762705,0.1358442120662502,0.638888888888889
Jae'Sean Tate,HOU,0.26373626373626374,0.27692307692307694,0.4239202657807309,0.6295808868191941,0.1349499713211395,0.6805555555555557
Khris Middleton,WAS,0.4505494505494505,0.45714285714285713,0.4159468438538206,0.444421947762705,0.37304910544347164,0.4444444444444445
Cameron Payne,NYK,0.3516483516483517,0.43956043956043955,0.5255813953488372,0.8764932172504555,0.21748135874067936,0.5694444444444444
Maxi Kleber,LAL,0.3516483516483517,0.18681318681318682,0.3787375415282392,0.4073699129378417,0.1387332066215053,0.5694444444444444
Josh Giddey,CHI,0.4945054945054945,0.4703296703296703,0.34485049833887044,0.8518930957683742,0.5573046119856393,0.3888888888888889
Jonathan Kuminga,GSW,0.38461538461538464,0.5956043956043956,0.3953488372093023,0.5679287305122495,0.42282900574074406,0.5277777777777778
Gary Payton II,GSW,0.38461538461538464,0.34285714285714286,0.41993355481727573,0.7530876695687386,0.21763725935626407,0.5277777777777778
Grant Williams,CHA,0.39560439560439564,0.32087912087912085,0.3966777408637874,0.1851589390564892,0.347970173985087,0.513888888888889
Shaedon Sharpe,POR,0.39560439560439564,0.5494505494505494,0.29833887043189367,0.8764932172504555,0.479264475743349,0.513888888888889
Mark Williams,PHX,0.37362637362637363,0.4615384615384615,0.19003322259136213,0.530876695687386,0.5456805001129773,0.5416666666666667
Mike Conley,MIN,0.39560439560439564,0.30989010989010984,0.5661129568106312,0.8642437740433286,0.2997771217195468,0.513888888888889
Grayson Allen,PHX,0.4835164835164836,0.37142857142857144,0.33754152823920264,0.7777890261186474,0.3047759596796465,0.4027777777777778
Micah Potter,IND,0.4285714285714286,0.22417582417582416,0.3209302325581395,0.4567726260376595,0.18008982688701872,0.47222222222222227
Pacome Dadiet,NYK,0.4285714285714286,,,,,0.47222222222222227
Stephon Castle,SAS,0.37362637362637363,0.5560439560439561,0.23122923588039868,0.9876493217250456,0.4147957218011531,0.5416666666666667
Spencer Jones,DEN,0.38461538461538464,0.2813186813186813,0.3601328903654485,0.23456165215630695,0.05122894228113781,0.5277777777777778
PJ Hall,CHA,0.3406593406593406,0.38681318681318677,0.38870431893687707,0.22221097388135252,0.06206485559383131,0.5833333333333334
Trentyn Flowers,CHI,0.38461538461538464,0.42637362637362636,0.386046511627907,0.061753391374772225,0.04510724477584461,0.5277777777777778
Zyon Pullin,MEM,0.39560439560439564,0.36703296703296706,0.39069767441860465,0.024701356549908893,0.0,0.513888888888889
Isaiah Stevens,MIA,0.37362637362637363,0.3142857142857142,0.3926910299003322,0.024701356549908893,0.01933167633250483,0.5416666666666667
Chaz Lanier,DET,0.4065934065934066,,,,,0.5
Chris Mañon,LAL,0.38461538461538464,,,,,0.5277777777777778
Vladislav Goldin,MIA,0.39560439560439564,,,,,0.513888888888889
LJ Cryer,GSW,0.38461538461538464,,,,,0.5277777777777778
Jevon Carter,CHI,0.38461538461538464,0.43956043956043955,0.41461794019933557,0.43207126948775054,0.12726686918899013,0.513888888888889
Derrick Jones Jr.,LAC,0.3406593406593406,0.3516483516483516,0.5554817275747508,0.9382466086252278,0.28871984132961764,0.5694444444444444
Jalen Green,PHX,0.46153846153846156,0.5868131868131868,0.5003322259136213,1.0,0.5368076464526037,0.4166666666666667
Collin Sexton,CHA,0.5054945054945055,0.5802197802197803,0.2,0.765438347843693,0.45628893184816965,0.3611111111111111
Clint Capela,HOU,0.26373626373626374,0.3516483516483516,0.33754152823920264,0.6666329216440574,0.3722226406567748,0.6666666666666667
Trey Lyles,SAC,0.37362637362637363,0.3054945054945055,0.34352159468438537,0.8395424174934197,0.24486790021172788,0.5277777777777778
Seth Lundy,ATL,0.39560439560439564,,,,,0.5
Jalen Bridges,PHX,0.37362637362637363,0.432967032967033,0.3946843853820598,0.0864547479246811,0.021748135874067938,0.5277777777777778
Yuri Collins,GSW,0.38461538461538464,0.14945054945054945,0.3867109634551495,0.012350678274954443,0.10632421982877659,0.513888888888889
Jaren Jackson Jr.,MEM,0.2417582417582418,0.6021978021978023,0.6099667774086379,0.9011945738003644,0.5898773670107555,0.6805555555555557
Cedric Coward,MEM,0.2417582417582418,,,,,0.6805555555555557
Nikola Vučević,CHI,0.43956043956043955,0.4857142857142857,0.32491694352159467,0.88884389552541,0.6180840076721409,0.4305555555555555
Trendon Watford,PHI,0.3626373626373626,0.4967032967032967,0.346843853820598,0.530876695687386,0.29920162687354074,0.5277777777777778
Jock Landale,MEM,0.4945054945054945,0.32527472527472523,0.373421926910299,0.5061753391374773,0.17306453097670993,0.3611111111111111
Ron Harper Jr.,BOS,0.37362637362637363,0.4505494505494505,0.3893687707641196,0.0,0.25131179232256284,0.513888888888889
D.J. Carton,TOR,0.37362637362637363,0.2681318681318681,0.39800664451827245,0.037052034824863335,0.03866335266500966,0.513888888888889
Johnny Furphy,IND,0.37362637362637363,0.2593406593406593,0.4046511627906977,0.6049807653371128,0.0811930405965203,0.513888888888889
Tristen Newton,MIN,0.37362637362637363,0.4065934065934066,0.3867109634551495,0.0864547479246811,0.01933167633250483,0.513888888888889
Anton Watson,NYK,0.39560439560439564,0.42417582417582417,0.3840531561461794,0.09880542619963555,0.025775568443339777,0.48611111111111116
Kobe Sanders,LAC,0.39560439560439564,,,,,0.48611111111111116
Kasparas Jakučionis,MIA,0.43956043956043955,,,,,0.4305555555555555
Peyton Watson,DEN,0.38461538461538464,0.30329670329670333,0.37275747508305646,0.8271917392184653,0.2737706515912081,0.5
Devin Vassell,SAS,0.4505494505494505,0.4769230769230769,0.2159468438538206,0.7777890261186474,0.4555026235846451,0.4166666666666667
Dru Smith,MIA,0.15384615384615385,0.2879120879120879,0.4152823920265781,0.16045758250658027,0.21541010770505384,0.7916666666666666
Isaiah Jackson,IND,0.38461538461538464,0.36043956043956044,0.3966777408637874,0.04940271309981777,0.28610880972107156,0.5
Isaiah Livers,PHX,0.4065934065934066,,,,,0.47222222222222227
Josh Christopher,MIA,0.38461538461538464,0.5164835164835164,0.3867109634551495,0.16045758250658027,0.06489919911626622,0.5
Jesse Edwards,MIN,0.38461538461538464,0.0,0.3833887043189369,0.012350678274954443,0.009665838166252416,0.5
Adou Thiero,LAL,0.4065934065934066,,,,,0.47222222222222227
Noah Penda,ORL,0.38461538461538464,,,,,0.5
Ethan Thompson,IND,0.38461538461538464,,,,,0.5
Delon Wright,NYK,0.2417582417582418,0.24395604395604395,0.39069767441860465,0.48147398258756835,0.1416045291355979,0.6666666666666667
Ben Simmons,LAC,0.3626373626373626,0.2923076923076923,0.35282392026578074,0.6173314436120673,0.280877885536982,0.513888888888889
John Konchar,MEM,0.21978021978021978,0.1692307692307692,0.42857142857142855,0.5555780522372951,0.13994452649400238,0.6944444444444445
Simone Fontecchio,MIA,0.31868131868131866,0.33406593406593404,0.40066445182724253,0.9135452520753188,0.18429531436987936,0.5694444444444444
KJ Martin,UTA,0.39560439560439564,0.24615384615384614,0.2956810631229236,0.5185260174124317,0.2077031271073775,0.47222222222222227
Chris Livingston,CLE,0.31868131868131866,0.32967032967032966,0.3707641196013289,0.2469123304312614,0.06351836509251588,0.5694444444444444
A.J. Lawson,TOR,0.4285714285714286,0.41538461538461535,0.3787375415282392,0.30866572180603363,0.2654387865655471,0.4305555555555555
Alondes Williams,DET,0.3626373626373626,0.6285714285714284,0.3940199335548173,0.0,0.115990057995029,0.513888888888889
PJ Dozier,MIN,0.3516483516483517,0.18021978021978022,0.387375415282392,0.09880542619963555,0.036515388628064686,0.5277777777777778
Nae'Qwan Tomlin,CLE,0.32967032967032966,0.5054945054945055,0.3946843853820598,0.04940271309981777,0.22424744545705605,0.5555555555555556
Jahmir Young,MIA,0.4065934065934066,0.2021978021978022,0.3853820598006645,0.061753391374772225,0.06121697505293197,0.45833333333333337
Terence Davis,SAC,0.3626373626373626,0.24395604395604395,0.38803986710963456,0.0,0.03866335266500966,0.513888888888889
DaRon Holmes II,DEN,0.39560439560439564,,,,,0.47222222222222227
Jamir Watkins,WAS,0.29670329670329676,,,,,0.5972222222222222
Javon Small,MEM,0.39560439560439564,,,,,0.47222222222222227
Ochai Agbaji,TOR,0.2857142857142857,0.31648351648351647,0.2478405315614618,0.7777890261186474,0.31444179784589893,0.611111111111111
Santi Aldama,MEM,0.4725274725274725,0.3934065934065934,0.48903654485049836,0.7901397043936019,0.42380982728952904,0.375
Chris Youngblood,OKC,0.3406593406593406,,,,,0.5416666666666667
Will Richard,GSW,0.2857142857142857,,,,,0.611111111111111
Moussa Cisse,DAL,0.3406593406593406,,,,,0.5416666666666667
DeMar DeRozan,SAC,0.4945054945054945,0.5362637362637362,0.46312292358803986,0.9382466086252278,0.5872310511912832,0.33333333333333337
Kris Murray,POR,0.2417582417582418,0.2923076923076923,0.3568106312292359,0.8395424174934197,0.15297239532677737,0.6527777777777779
Scoot Henderson,POR,0.4945054945054945,0.4835164835164835,0.3647840531561462,0.8024903826685563,0.37315993405471454,0.33333333333333337
Kevin Porter Jr.,MIL,0.27472527472527475,0.545054945054945,0.4079734219269103,0.9135452520753188,0.32554542943938136,0.611111111111111
Andrew Nembhard,IND,0.32967032967032966,0.35824175824175825,0.5255813953488372,0.7901397043936019,0.34886240520043343,0.5416666666666667
Cam Thomas,BKN,0.5714285714285715,0.7208791208791209,0.3289036544850498,0.2963150435310792,0.5652582159624413,0.2361111111111111
JT Thor,WAS,0.31868131868131866,0.29010989010989013,0.32624584717607974,0.23456165215630695,0.12855564761115715,0.5555555555555556
Eric Gordon,PHI,0.37362637362637363,0.3076923076923077,0.34219269102990035,0.4691233043126139,0.19182971129947105,0.48611111111111116
Jamaree Bouyea,PHX,0.3076923076923077,0.35824175824175825,0.39136212624584715,0.04940271309981777,0.115990057995029,0.5694444444444444
Gary Harris,MIL,0.32967032967032966,0.1978021978021978,0.44717607973421925,0.5802794087872039,0.10471324680106785,0.5416666666666667
Daniel Theis,NOP,0.38461538461538464,0.24395604395604395,0.3495016611295681,0.4567726260376595,0.20298260149130076,0.47222222222222227
Braxton Key,GSW,0.3406593406593406,0.4879120879120879,0.3847176079734219,0.024701356549908893,0.03866335266500966,0.5277777777777778
Jordan Miller,LAC,0.3626373626373626,0.3846153846153846,0.3481727574750831,0.444421947762705,0.12539465729192326,0.5
Lester Quinones,NOP,0.3626373626373626,0.4681318681318681,0.37275747508305646,0.1481069042316258,0.17844624306927537,0.5
Brandon Williams,DAL,0.39560439560439564,0.4791208791208791,0.3966777408637874,0.39501923466288724,0.23373754111119482,0.45833333333333337
Trey Alexander,NOP,0.32967032967032966,0.3626373626373626,0.373421926910299,0.28396436525612473,0.0426907852342815,0.5416666666666667
Skal Labissiere,SAC,0.3626373626373626,0.2835164835164835,0.3893687707641196,0.037052034824863335,0.043496271748135876,0.5
Emanuel Miller,CHI,0.37362637362637363,0.3142857142857142,0.3847176079734219,0.061753391374772225,0.06766086716376692,0.48611111111111116
Koby Brea,PHX,0.3626373626373626,,,,,0.5
P.J. Washington,DAL,0.27472527472527475,0.4351648351648352,0.4225913621262459,0.6913342781939664,0.4795612339326638,0.5972222222222222
LeBron James,LAL,0.4065934065934066,0.6395604395604395,0.35415282392026576,0.8518930957683742,0.740127036730185,0.4305555555555555
Sidy Cissoko,POR,0.2087912087912088,0.34285714285714286,0.3953488372093023,0.2592630087062158,0.052722753634104086,0.6805555555555557
Noah Clowney,BKN,0.39560439560439564,0.4065934065934066,0.21661129568106313,0.5555780522372951,0.26896245332180635,0.4444444444444445
Quincy Olivari,LAL,0.3626373626373626,0.5076923076923077,0.3780730897009967,0.012350678274954443,0.02899751449875725,0.48611111111111116
Hunter Dickinson,NOP,0.3516483516483517,,,,,0.5
Royce O'Neale,PHX,0.32967032967032966,0.33186813186813185,0.28704318936877077,0.9135452520753188,0.31626622479977906,0.5277777777777778
Jaden Springer,UTA,0.3406593406593406,0.3054945054945055,0.3687707641196013,0.5185260174124317,0.0953096600579308,0.513888888888889
Blake Wesley,POR,0.37362637362637363,0.3626373626373626,0.3840531561461794,0.7036849564689209,0.12698911521869555,0.47222222222222227
Adem Bona,PHI,0.31868131868131866,0.2967032967032967,0.31561461794019935,0.7036849564689209,0.21431496347932083,0.5416666666666667
Kyle Filipowski,UTA,0.4175824175824176,0.4043956043956044,0.146843853820598,0.8764932172504555,0.3323974347172359,0.4166666666666667
Kai Jones,DAL,0.3406593406593406,0.2813186813186813,0.3760797342192691,0.48147398258756835,0.17785142225904446,0.513888888888889
Alex Ducas,OKC,0.3406593406593406,0.25274725274725274,0.3754152823920266,0.2469123304312614,0.06259780907668232,0.513888888888889
Sharife Cooper,WAS,0.3406593406593406,,,,,0.513888888888889
Jahmyl Telfort,LAC,0.31868131868131866,,,,,0.5416666666666667
Zach Collins,CHI,0.3076923076923077,0.3648351648351648,0.3707641196013289,0.7777890261186474,0.24285418392709196,0.5555555555555556
Thanasis Antetokounmpo,MIL,0.3076923076923077,,,,,0.5555555555555556
Jacob Toppin,ATL,0.3076923076923077,0.3076923076923077,0.373421926910299,0.19750961733144362,0.048897769546923986,0.5555555555555556
Justin Champagnie,WAS,0.5054945054945055,0.32967032967032966,0.19867109634551494,0.7530876695687386,0.31336023732527996,0.3055555555555555
Darius Garland,CLE,0.5054945054945055,0.5824175824175825,0.7215946843853821,0.9135452520753188,0.561134125011507,0.29166666666666663
Bobby Portis,MIL,0.39560439560439564,0.5142857142857143,0.453156146179402,0.5926300870621584,0.4730342841361897,0.4305555555555555
Dario Šarić,SAC,0.31868131868131866,0.34505494505494505,0.3574750830564784,0.1851589390564892,0.14740403203534935,0.5277777777777778
Cole Anthony,MIL,0.29670329670329676,0.523076923076923,0.37940199335548175,0.8148410609435107,0.28824395009212433,0.5555555555555556
Caleb Houstan,ATL,0.3516483516483517,0.25274725274725274,0.3461794019933555,0.7036849564689209,0.1213229342246855,0.48611111111111116
Max Christie,DAL,0.37362637362637363,0.32967032967032966,0.33488372093023255,0.9505972869001823,0.28749672494494366,0.45833333333333337
Craig Porter Jr.,CLE,0.4175824175824176,0.34065934065934067,0.3601328903654485,0.6173314436120673,0.12129679267454013,0.4027777777777778
Colby Jones,DET,0.3516483516483517,0.30329670329670333,0.31561461794019935,0.4691233043126139,0.15068793859183255,0.48611111111111116
Adam Flagler,OKC,0.26373626373626374,0.4549450549450549,0.3946843853820598,0.444421947762705,0.0579950289975145,0.5972222222222222
Mason Jones,SAC,0.32967032967032966,0.42417582417582417,0.39069767441860465,0.11115610447458998,0.08312620822977078,0.513888888888889
Isaiah Wong,CHA,0.25274725274725274,0.4835164835164835,0.386046511627907,0.23456165215630695,0.16721900027616682,0.611111111111111
Matas Buzelis,CHI,0.3076923076923077,0.3978021978021978,0.3667774086378738,0.9752986434500911,0.25976940071803367,0.5416666666666667
Liam Robbins,MIL,0.2857142857142857,0.2813186813186813,0.3867109634551495,0.1481069042316258,0.031228092537123192,0.5694444444444444
Micah Peavy,NOP,0.31868131868131866,,,,,0.5277777777777778
Jase Richardson,ORL,0.37362637362637363,,,,,0.45833333333333337
Christian Wood,LAL,0.27472527472527475,,,,,0.5694444444444444
Rasheer Fleming,PHX,0.29670329670329676,,,,,0.5416666666666667
MarJon Beauchamp,NYK,0.2857142857142857,0.4879120879120879,0.39601328903654487,0.4197205912127961,0.06848936757801712,0.5555555555555556
Tim Hardaway Jr.,DEN,0.4505494505494505,0.33186813186813185,0.40664451827242526,0.9382466086252278,0.2879666591348447,0.34722222222222227
Josh Green,CHA,0.3516483516483517,0.25274725274725274,0.14817275747508304,0.8271917392184653,0.22885293305391755,0.47222222222222227
Matt Ryan,NYK,0.2417582417582418,0.45714285714285713,0.36345514950166113,0.22221097388135252,0.03866335266500966,0.611111111111111
Keldon Johnson,SAS,0.37362637362637363,0.4549450549450549,0.24584717607973422,0.9382466086252278,0.36880821470713765,0.4444444444444445
Jaxson Hayes,LAL,0.2857142857142857,0.26373626373626374,0.4478405315614618,0.678983599919012,0.2585611709472521,0.5555555555555556
Anthony Black,ORL,0.2857142857142857,0.4175824175824176,0.36345514950166113,0.9505972869001823,0.2976582471197219,0.5555555555555556
Chuma Okeke,CLE,0.3516483516483517,0.2043956043956044,0.37142857142857144,0.09880542619963555,0.25990364847034275,0.47222222222222227
Mac McClung,IND,0.3516483516483517,0.1912087912087912,0.38870431893687707,0.012350678274954443,0.03866335266500966,0.47222222222222227
Miles Norris,BOS,0.31868131868131866,0.27912087912087913,0.38073089700996676,0.024701356549908893,0.12243395010586394,0.513888888888889
Khaman Maluach,PHX,0.31868131868131866,,,,,0.513888888888889
Nique Clifford,SAC,0.3406593406593406,,,,,0.48611111111111116
Alijah Martin,TOR,0.3406593406593406,,,,,0.48611111111111116
Alec Burks,MIA,0.3516483516483517,0.3516483516483516,0.46312292358803986,0.5926300870621584,0.21343748767112478,0.45833333333333337
Justin Minaya,POR,0.2857142857142857,0.23516483516483516,0.38205980066445183,0.22221097388135252,0.03764589601593048,0.5416666666666667
Trayce Jackson-Davis,GSW,0.3516483516483517,0.36043956043956044,0.3495016611295681,0.7530876695687386,0.2612894317199847,0.45833333333333337
TyTy Washington Jr.,LAC,0.32967032967032966,0.41098901098901097,0.39136212624584715,0.1851589390564892,0.07732670533001933,0.48611111111111116
Ricky Council IV,PHI,0.4065934065934066,0.4307692307692308,0.2843853820598007,0.88884389552541,0.22138741662978137,0.3888888888888889
Pat Spencer,GSW,0.27472527472527475,0.4483516483516483,0.3787375415282392,0.4691233043126139,0.09467564562842111,0.5555555555555556
Baylor Scheierman,BOS,0.26373626373626374,0.3142857142857142,0.40930232558139534,0.37031787811297834,0.1359453367898727,0.5694444444444444
Tyson Etienne,BKN,0.3516483516483517,0.38901098901098896,0.34352159468438537,0.07410406964972666,0.19884009942004974,0.45833333333333337
Taelon Peter,IND,0.27472527472527475,,,,,0.5555555555555556
Walter Clayton Jr.,UTA,0.46153846153846156,,,,,0.3194444444444445
Hunter Sallis,PHI,0.31868131868131866,,,,,0.5
Noa Essengue,CHI,0.32967032967032966,,,,,0.48611111111111116
Lachlan Olbrich,CHI,0.2857142857142857,,,,,0.5416666666666667
Chucky Hepburn,TOR,0.31868131868131866,,,,,0.5
Anthony Gill,WAS,0.25274725274725274,0.2725274725274725,0.3415282392026578,0.6173314436120673,0.08035912514688286,0.5833333333333334
James Johnson,IND,0.3076923076923077,0.3626373626373626,0.3840531561461794,0.1357562259566714,0.025775568443339777,0.513888888888889
Cody Martin,IND,0.1868131868131868,0.31208791208791203,0.320265780730897,0.6419315650941486,0.26407799367421697,0.6666666666666667
Dillon Brooks,PHX,0.2417582417582418,0.38681318681318677,0.5275747508305648,0.9135452520753188,0.3752922765350271,0.5833333333333334
Taurean Prince,MIL,0.3626373626373626,0.2703296703296703,0.3754152823920266,0.9752986434500911,0.26750207125103564,0.4305555555555555
Dariq Whitehead,BKN,0.3516483516483517,0.41538461538461535,0.3475083056478405,0.23456165215630695,0.14208782104391052,0.4444444444444445
Georges Niang,ATL,0.4175824175824176,0.38901098901098896,0.518936877076412,0.9629479651751367,0.27578226869282213,0.3611111111111111
Zach LaVine,SAC,0.4285714285714286,0.5516483516483517,0.34352159468438537,0.9011945738003644,0.5775991401509214,0.34722222222222227
Spencer Dinwiddie,DAL,0.4065934065934066,0.3846153846153846,0.2425249169435216,0.9629479651751367,0.34625724063916885,0.375
Killian Hayes,BKN,0.37362637362637363,0.31868131868131866,0.3740863787375415,0.061753391374772225,0.3286384976525822,0.4166666666666667
Marcus Sasser,DET,0.31868131868131866,0.41098901098901097,0.41727574750830565,0.6913342781939664,0.19128185002688994,0.48611111111111116
Kelly Olynyk,SAS,0.3406593406593406,0.4065934065934066,0.3514950166112957,0.530876695687386,0.3049132585172353,0.45833333333333337
Chris Duarte,CHI,0.3076923076923077,0.33186813186813185,0.39800664451827245,0.19750961733144362,0.07277807560472407,0.5
Lindy Waters III,SAS,0.31868131868131866,0.31868131868131866,0.39867109634551495,0.6295808868191941,0.16208867078792516,0.48611111111111116
Garrison Mathews,IND,0.31868131868131866,0.33626373626373623,0.3501661129568106,0.5679287305122495,0.20976925382079714,0.48611111111111116
Miles Bridges,CHA,0.38461538461538464,0.6,0.21794019933554817,0.7777890261186474,0.598677851422259,0.4027777777777778
Vít Krejčí,ATL,0.3076923076923077,0.2879120879120879,0.3461794019933555,0.6913342781939664,0.24656366129352655,0.5
Enrique Freeman,IND,0.3406593406593406,0.23956043956043954,0.37740863787375417,0.2592630087062158,0.07469056764831414,0.45833333333333337
Antonio Reeves,CHA,0.39560439560439564,0.40219780219780216,0.2903654485049834,0.530876695687386,0.1766212246742487,0.3888888888888889
Bobi Klintman,DET,0.31868131868131866,0.26593406593406593,0.39003322259136214,0.0864547479246811,0.07491024578845623,0.48611111111111116
Tony Bradley,IND,0.31868131868131866,0.39999999999999997,0.4192691029900332,0.16045758250658027,0.15879591273128968,0.48611111111111116
Jaylen Sims,CHA,0.3406593406593406,0.34945054945054943,0.3588039867109635,0.061753391374772225,0.18042897910337846,0.45833333333333337
Miles Kelly,DAL,0.2857142857142857,,,,,0.5277777777777778
Tre Johnson,WAS,0.37362637362637363,,,,,0.4166666666666667
Caleb Love,POR,0.31868131868131866,,,,,0.48611111111111116
Johni Broome,PHI,0.3076923076923077,,,,,0.5
Jahmai Mashack,MEM,0.29670329670329676,,,,,0.513888888888889
Seth Curry,GSW,0.26373626373626374,0.33186813186813185,0.2764119601328904,0.8271917392184653,0.17597511249736017,0.5416666666666667
Paolo Banchero,ORL,0.4065934065934066,0.7252747252747253,0.3760797342192691,0.5555780522372951,0.7072872014696877,0.3611111111111111
Ben Sheppard,IND,0.3626373626373626,0.23736263736263735,0.35083056478405317,0.765438347843693,0.19147565129338118,0.4166666666666667
Dalen Terry,CHI,0.2417582417582418,0.31208791208791203,0.2757475083056478,0.88884389552541,0.14644406865582427,0.5694444444444444
Jalen Wilson,BKN,0.3626373626373626,0.35384615384615387,0.2159468438538206,0.9629479651751367,0.2765163829839299,0.4166666666666667
Patty Mills,LAC,0.23076923076923073,0.32967032967032966,0.38006644518272426,0.34571775663089693,0.10532430553571598,0.5833333333333334
Trey Murphy III,NOP,0.32967032967032966,0.5032967032967033,0.13488372093023257,0.6419315650941486,0.5733848149942943,0.45833333333333337
Taze Moore,POR,0.27472527472527475,0.4923076923076923,0.3853820598006645,0.012350678274954443,0.14498757249378624,0.5277777777777778
Alexandre Sarr,WAS,0.29670329670329676,,,,,0.5
Dillon Jones,OKC,0.2417582417582418,0.2879120879120879,0.4398671096345515,0.654282243369103,0.10954616588419407,0.5694444444444444
Damion Lee,PHX,0.27472527472527475,0.5912087912087912,0.40664451827242526,0.2963150435310792,0.08505937586302127,0.5277777777777778
Xavier Tillman,BOS,0.25274725274725274,0.2747252747252747,0.38205980066445183,0.39501923466288724,0.05037952013925502,0.5555555555555556
Jack McVeigh,HOU,0.25274725274725274,0.38681318681318677,0.3833887043189369,0.09880542619963555,0.04295928073889963,0.5555555555555556
Malevy Leons,GSW,0.3076923076923077,0.22417582417582416,0.3780730897009967,0.061753391374772225,0.016109730277087363,0.48611111111111116
Kentavious Caldwell-Pope,MEM,0.17582417582417584,0.26593406593406593,0.3973421926910299,0.9382466086252278,0.2633627074389295,0.638888888888889
Thomas Bryant,CLE,0.31868131868131866,0.35604395604395606,0.3654485049833887,0.8024903826685563,0.22612203225293528,0.45833333333333337
Lonnie Walker IV,PHI,0.3516483516483517,0.4703296703296703,0.2956810631229236,0.23456165215630695,0.33830433581883457,0.4166666666666667
Vasilije Micić,PHX,0.2417582417582418,,,,,0.5555555555555556
Terance Mann,BKN,0.43956043956043955,0.31868131868131866,0.32691029900332225,0.8148410609435107,0.2458296751536435,0.3055555555555555
Cam Reddish,LAL,0.2857142857142857,0.18461538461538463,0.3295681063122924,0.39501923466288724,0.13122107571154795,0.5
Moses Brown,DAL,0.32967032967032966,0.4747252747252747,0.38073089700996676,0.1481069042316258,0.1799332950948527,0.4444444444444445
Anfernee Simons,BOS,0.3626373626373626,0.5296703296703297,0.24385382059800664,0.8518930957683742,0.49599558133112404,0.4027777777777778
Brandon Boston Jr.,NOP,0.3516483516483517,,,,,0.4166666666666667
Tosan Evbuomwan,NYK,0.2417582417582418,0.40219780219780216,0.3461794019933555,0.3333670783559425,0.3017122341894504,0.5555555555555556
Tristan da Silva,ORL,0.2857142857142857,0.3274725274725275,0.30564784053156147,0.9011945738003644,0.23145763825134166,0.5
Karlo Matković,NOP,0.26373626373626374,0.34065934065934067,0.3308970099667774,0.5061753391374773,0.27616680475006905,0.5277777777777778
Luke Travers,CLE,0.25274725274725274,0.29010989010989013,0.3893687707641196,0.1357562259566714,0.05477308294209702,0.5416666666666667
Marcus Garrett,CHA,0.29670329670329676,0.42417582417582417,0.36411960132890364,0.037052034824863335,0.22231427782380558,0.48611111111111116
Drew Timme,LAL,0.29670329670329676,0.4505494505494505,0.3461794019933555,0.09880542619963555,0.39522538279787656,0.48611111111111116
Carter Bryant,SAS,0.2417582417582418,,,,,0.5555555555555556
Quentin Grimes,PHI,0.27472527472527475,0.4791208791208791,0.21661129568106313,0.9135452520753188,0.41215133940900306,0.5
Zaccharie Risacher,ATL,0.4065934065934066,0.4461538461538462,0.3096345514950166,0.9135452520753188,0.3348246340789837,0.33333333333333337
Kyle Lowry,PHI,0.1868131868131868,0.21978021978021978,0.34285714285714286,0.4197205912127961,0.17895608947804476,0.611111111111111
Johnny Davis,WAS,0.29670329670329676,0.32967032967032966,0.37275747508305646,0.4073699129378417,0.08130675633965269,0.47222222222222227
Andrew Wiggins,MIA,0.31868131868131866,0.523076923076923,0.32358803986710966,0.7283863130188297,0.48844702200128876,0.4444444444444445
Chris Paul,LAC,0.3406593406593406,0.30109890109890114,0.3926910299003322,1.0,0.3819184836421687,0.4166666666666667
Bryce McGowens,NOP,0.38461538461538464,0.5362637362637362,0.387375415282392,0.1481069042316258,0.022305780383659417,0.3611111111111111
Dejounte Murray,NOP,0.39560439560439564,0.5780219780219781,0.25249169435215946,0.37031787811297834,0.5855627121361948,0.34722222222222227
Jaden Ivey,DET,0.37362637362637363,0.5626373626373626,0.3488372093023256,0.35806843490585144,0.46460462119119944,0.375
Jett Howard,ORL,0.3406593406593406,0.3978021978021978,0.332890365448505,0.7283863130188297,0.11888980944490474,0.4166666666666667
Dennis Schröder,SAC,0.31868131868131866,0.4637362637362637,0.34219269102990035,0.9135452520753188,0.3912731289698978,0.4444444444444445
Gradey Dick,TOR,0.39560439560439564,0.4593406593406593,0.2504983388704319,0.654282243369103,0.37338774842226924,0.34722222222222227
Cam Whitmore,WAS,0.4175824175824176,0.5076923076923077,0.3893687707641196,0.6173314436120673,0.2558604220478581,0.3194444444444445
Orlando Robinson,ORL,0.3076923076923077,0.38901098901098896,0.33222591362126247,0.530876695687386,0.2565840676859732,0.45833333333333337
Kel'el Ware,MIA,0.3406593406593406,0.37142857142857144,0.4159468438538206,0.7777890261186474,0.35672983982325324,0.4166666666666667
Jamison Battle,TOR,0.29670329670329676,0.32307692307692304,0.26843853820598007,0.7160356347438753,0.2064229845674245,0.47222222222222227
Armel Traore,LAL,0.29670329670329676,0.33626373626373623,0.3574750830564784,0.09880542619963555,0.07088281321918438,0.47222222222222227
Ben Saraf,BKN,0.3076923076923077,,,,,0.45833333333333337
Keaton Wallace,ATL,0.17582417582417584,0.36043956043956044,0.37740863787375417,0.37031787811297834,0.18895154608867626,0.611111111111111
Stanley Umude,MIL,0.2417582417582418,0.30109890109890114,0.38006644518272426,0.2592630087062158,0.036905927543872855,0.5277777777777778
Larry Nance Jr.,CLE,0.2087912087912088,0.34065934065934067,0.32691029900332225,0.28396436525612473,0.29078063150142686,0.5694444444444444
Jeremy Sochan,SAS,0.29670329670329676,0.4043956043956044,0.3315614617940199,0.654282243369103,0.3884234966808841,0.45833333333333337
Emoni Bates,CLE,0.31868131868131866,0.44175824175824174,0.3674418604651163,0.11115610447458998,0.10052471692902513,0.4305555555555555
GG Jackson,MEM,0.39560439560439564,0.48131868131868133,0.34485049833887044,0.34571775663089693,0.21064861107143196,0.33333333333333337
Mo Bamba,TOR,0.2417582417582418,0.32967032967032966,0.3401993355481728,0.38266855638793285,0.1939208782104391,0.5277777777777778
Colin Castleton,TOR,0.23076923076923073,0.2747252747252747,0.37009966777408637,0.30866572180603363,0.19926497142735752,0.5416666666666667
Dalton Knecht,LAL,0.3516483516483517,0.3978021978021978,0.3415282392026578,0.9505972869001823,0.24362869019041347,0.3888888888888889
Yang Hansen,POR,0.2417582417582418,,,,,0.5277777777777778
Bilal Coulibaly,WAS,0.3076923076923077,0.3846153846153846,0.0,0.7160356347438753,0.39777381470611645,0.4444444444444445
Monté Morris,IND,0.1868131868131868,,,,,0.5972222222222222
Marcus Bagley,PHI,0.3076923076923077,0.2813186813186813,0.33421926910299005,0.11115610447458998,0.31123998895332783,0.4444444444444445
Onyeka Okongwu,ATL,0.27472527472527475,0.37142857142857144,0.41661129568106314,0.9011945738003644,0.48668801361427716,0.47222222222222227
Jalen Hood-Schifino,PHI,0.3626373626373626,0.36043956043956044,0.32624584717607974,0.17280826078153472,0.2113596612353862,0.3611111111111111
Mohamed Diawara,NYK,0.29670329670329676,,,,,0.4444444444444445
Jerami Grant,POR,0.3076923076923077,0.421978021978022,0.2558139534883721,0.5679287305122495,0.3960937086851522,0.4305555555555555
Kelly Oubre Jr.,PHI,0.31868131868131866,0.4087912087912088,0.2186046511627907,0.7283863130188297,0.458805118291448,0.4166666666666667
Dalano Banton,POR,0.32967032967032966,0.5208791208791208,0.35348837209302325,0.8148410609435107,0.2438099477756207,0.4027777777777778
Jared Butler,PHI,0.3076923076923077,0.4879120879120879,0.3029900332225914,0.7283863130188297,0.27257663628831813,0.4305555555555555
Malachi Flynn,CHA,0.31868131868131866,0.4307692307692308,0.39069767441860465,0.037052034824863335,0.14015465341066005,0.4166666666666667
Trevelin Queen,ORL,0.26373626373626374,0.38681318681318677,0.332890365448505,0.37031787811297834,0.16400744759512165,0.48611111111111116
Jeff Dowtin Jr.,PHI,0.3076923076923077,0.38681318681318677,0.3215946843853821,0.4938246608625228,0.20934790955200358,0.4305555555555555
Kyshawn George,WAS,0.3076923076923077,0.34285714285714286,0.15016611295681062,0.8271917392184653,0.3027681660899654,0.4305555555555555
Vlatko Čančar,DEN,0.1978021978021978,0.23956043956043954,0.3780730897009967,0.1481069042316258,0.08773606950906039,0.5694444444444444
Nolan Traore,BKN,0.31868131868131866,,,,,0.4166666666666667
Corey Kispert,ATL,0.37362637362637363,0.37142857142857144,0.2079734219269103,0.7407369912937842,0.3058207813256912,0.33333333333333337
Jalen McDaniels,WAS,0.26373626373626374,0.0,0.3893687707641196,0.037052034824863335,0.009665838166252416,0.47222222222222227
JD Davison,HOU,0.2857142857142857,0.5010989010989011,0.37142857142857144,0.1851589390564892,0.06282794808064071,0.4444444444444445
RayJ Dennis,ATL,0.17582417582417584,0.4659340659340659,0.4192691029900332,0.12340554768171694,0.10544550726820817,0.5833333333333334
Trey Jemison III,NYK,0.25274725274725274,0.26593406593406593,0.3780730897009967,0.4567726260376595,0.10988531810055378,0.48611111111111116
Tidjane Salaün,CHA,0.1868131868131868,0.32967032967032966,0.17674418604651163,0.7283863130188297,0.22295866703488904,0.5694444444444444
AJ Johnson,WAS,0.25274725274725274,0.3802197802197802,0.28903654485049834,0.34571775663089693,0.22331419211686615,0.48611111111111116
Pat Connaughton,CHA,0.26373626373626374,0.33186813186813185,0.3813953488372093,0.4938246608625228,0.18435818160998516,0.45833333333333337
David Roddy,HOU,0.2857142857142857,0.34945054945054943,0.3395348837209302,0.39501923466288724,0.1599256860234491,0.4305555555555555
Bruno Fernando,TOR,0.26373626373626374,0.39999999999999997,0.3754152823920266,0.19750961733144362,0.14328183634680053,0.45833333333333337
DeAndre Jordan,NOP,0.21978021978021978,0.27692307692307694,0.3588039867109635,0.678983599919012,0.18951946975973488,0.513888888888889
Johnny Juzang,MIN,0.29670329670329676,0.3824175824175824,0.15282392026578073,0.7777890261186474,0.2519159072079536,0.4166666666666667
Reece Beekman,BKN,0.21978021978021978,0.2681318681318681,0.3122923588039867,0.43207126948775054,0.11223112093037528,0.513888888888889
Javonte Cooke,POR,0.1978021978021978,,,,,0.5416666666666667
Kyle Anderson,UTA,0.1208791208791209,0.33406593406593404,0.3754152823920266,0.7407369912937842,0.23578306871120647,0.6250000000000001
P.J. Tucker,NYK,0.27472527472527475,0.12967032967032965,0.3754152823920266,0.024701356549908893,0.115990057995029,0.4305555555555555
Kobe Bufkin,LAL,0.17582417582417584,0.4461538461538462,0.37475083056478403,0.11115610447458998,0.17011875172604254,0.5555555555555556
Buddy Hield,GSW,0.3076923076923077,0.4307692307692308,0.48372093023255813,1.0,0.3090710691696809,0.3888888888888889
Jordan Poole,NOP,0.2857142857142857,0.6175824175824176,0.019269102990033222,0.8271917392184653,0.5134265802427019,0.4166666666666667
Reggie Jackson,PHI,0.21978021978021978,0.37362637362637363,0.37740863787375417,0.37031787811297834,0.14031055402624476,0.5
Jordan Clarkson,NYK,0.26373626373626374,0.5912087912087912,0.25448504983388703,0.444421947762705,0.4232069683602409,0.4444444444444445
Shake Milton,LAL,0.21978021978021978,0.35604395604395606,0.3116279069767442,0.6913342781939664,0.1729676303434643,0.5
Duop Reath,POR,0.31868131868131866,0.35604395604395606,0.35348837209302325,0.5555780522372951,0.13532173432753383,0.375
Markieff Morris,LAL,0.2417582417582418,0.443956043956044,0.37142857142857144,0.17280826078153472,0.1288778422166989,0.47222222222222227
Rob Dillingham,MIN,0.1978021978021978,0.4725274725274725,0.4026578073089701,0.5926300870621584,0.13216554227324734,0.5277777777777778
Isaac Jones,DET,0.26373626373626374,0.33406593406593404,0.3475083056478405,0.48147398258756835,0.09762496547914941,0.4444444444444445
Ryan Kalkbrenner,CHA,0.1868131868131868,,,,,0.5416666666666667
Bennedict Mathurin,IND,0.2857142857142857,0.4879120879120879,0.45249169435215947,0.8764932172504555,0.4325462579397956,0.4027777777777778
Jaden Hardy,DAL,0.2417582417582418,0.5362637362637362,0.346843853820598,0.6913342781939664,0.20925691749395584,0.45833333333333337
Andre Jackson Jr.,MIL,0.2857142857142857,0.25274725274725274,0.3681063122923588,0.8148410609435107,0.139938254048729,0.4027777777777778
Caleb Martin,DAL,0.14285714285714285,0.3142857142857142,0.28704318936877077,0.5432273739623406,0.2753689895363466,0.5833333333333334
Keon Johnson,BKN,0.26373626373626374,0.4659340659340659,0.10897009966777409,0.9629479651751367,0.3198291261592888,0.4305555555555555
Bronny James,LAL,0.23076923076923073,0.43736263736263736,0.34285714285714286,0.3210164000809881,0.07231478924381438,0.47222222222222227
Tyus Jones,ORL,0.3076923076923077,0.3516483516483516,0.3289036544850498,0.9876493217250456,0.34367424591119705,0.3611111111111111
Klay Thompson,DAL,0.21978021978021978,0.4703296703296703,0.33754152823920264,0.8764932172504555,0.3726717604099543,0.47222222222222227
Kessler Edwards,DAL,0.32967032967032966,0.24175824175824176,0.2850498338870432,0.48147398258756835,0.16818558409279202,0.33333333333333337
Tre Mann,CHA,0.3516483516483517,0.5494505494505494,0.35348837209302325,0.1481069042316258,0.3658147982920145,0.3055555555555555
DaQuan Jeffries,CHA,0.3406593406593406,0.2989010989010989,0.20664451827242525,0.5679287305122495,0.21347106418234055,0.3194444444444445
Ayo Dosunmu,CHI,0.32967032967032966,0.35824175824175825,0.2345514950166113,0.5555780522372951,0.38957530348330394,0.33333333333333337
Ariel Hukporti,NYK,0.16483516483516483,0.24835164835164836,0.3481727574750831,0.2963150435310792,0.0811930405965203,0.5416666666666667
Terrence Shannon Jr.,MIN,0.29670329670329676,0.3648351648351648,0.3973421926910299,0.38266855638793285,0.12928058547362606,0.375
Kevin McCullar Jr.,NYK,0.2417582417582418,0.2593406593406593,0.38870431893687707,0.037052034824863335,0.08699254349627175,0.4444444444444445
Amari Williams,BOS,0.1978021978021978,,,,,0.5
Torrey Craig,BOS,0.2087912087912088,0.3054945054945055,0.3574750830564784,0.30866572180603363,0.15614046268561596,0.47222222222222227
Andre Drummond,PHI,0.2417582417582418,0.40219780219780216,0.22724252491694352,0.48147398258756835,0.3088235294117647,0.4305555555555555
Charles Bassey,MEM,0.23076923076923073,0.36043956043956044,0.3043189368770764,0.43207126948775054,0.18633588020497716,0.4444444444444445
Julian Strawther,DEN,0.2417582417582418,0.3802197802197802,0.34285714285714286,0.7901397043936019,0.2411998385486372,0.4305555555555555
Yves Missi,NOP,0.29670329670329676,0.30989010989010984,0.04850498338870432,0.88884389552541,0.37551119232180613,0.3611111111111111
Danny Wolf,BKN,0.10989010989010989,,,,,0.5972222222222222
Deandre Ayton,LAL,0.2857142857142857,0.432967032967033,0.2823920265780731,0.48147398258756835,0.506006628003314,0.375
Bismack Biyombo,SAS,0.2857142857142857,0.2725274725274725,0.32358803986710966,0.3333670783559425,0.23819386909693455,0.375
Patrick Williams,CHI,0.17582417582417584,0.3626373626373626,0.2691029900332226,0.765438347843693,0.282610696860904,0.5
Alex Len,LAL,0.2087912087912088,0.221978021978022,0.28837209302325584,0.5555780522372951,0.09119508182942497,0.45833333333333337
Maxwell Lewis,BKN,0.1978021978021978,0.36043956043956044,0.34485049833887044,0.3333670783559425,0.13256006628003314,0.47222222222222227
Tyrese Proctor,CLE,0.2417582417582418,,,,,0.4166666666666667
Cooper Flagg,DAL,0.15384615384615385,,,,,0.5277777777777778
Derik Queen,NOP,0.39560439560439564,,,,,0.22222222222222218
Drew Eubanks,SAC,0.17582417582417584,0.3274725274725275,0.306312292358804,0.7407369912937842,0.18064025425455335,0.48611111111111116
Zeke Nnaji,DEN,0.15384615384615385,0.2615384615384615,0.37475083056478403,0.6913342781939664,0.11734666686046794,0.513888888888889
Jamal Cain,ORL,0.2857142857142857,0.36703296703296706,0.3023255813953488,0.444421947762705,0.16353553221821657,0.34722222222222227
Amir Coffey,MIL,0.16483516483516483,0.32967032967032966,0.3461794019933555,0.8764932172504555,0.25131179232256284,0.48611111111111116
Tristan Thompson,CLE,0.13186813186813184,0.2703296703296703,0.3335548172757475,0.48147398258756835,0.10922397127865231,0.5277777777777778
Josh Richardson,MIA,0.1868131868131868,0.2945054945054945,0.36943521594684386,0.0864547479246811,0.13773819386909694,0.45833333333333337
Ziaire Williams,BKN,0.21978021978021978,0.3934065934065934,0.1707641196013289,0.765438347843693,0.3148301574150787,0.4166666666666667
Taylor Hendricks,UTA,0.2087912087912088,0.24835164835164836,0.3754152823920266,0.024701356549908893,0.24486790021172788,0.4305555555555555
Malaki Branham,WAS,0.23076923076923073,0.512087912087912,0.3681063122923588,0.5679287305122495,0.1246276155052971,0.3888888888888889
Precious Achiuwa,SAC,0.17582417582417584,0.3142857142857142,0.3581395348837209,0.6913342781939664,0.26962601200598846,0.45833333333333337
Wendell Moore Jr.,DET,0.16483516483516483,0.2923076923076923,0.3009966777408638,0.43207126948775054,0.15304243763232994,0.47222222222222227
Jay Huff,IND,0.0,0.42637362637362636,0.40664451827242526,0.7777890261186474,0.19452499309582988,0.6805555555555557
Jaylen Martin,WAS,0.2417582417582418,0.34065934065934067,0.3029900332225914,0.1851589390564892,0.1643192488262911,0.375
Keion Brooks Jr.,NOP,0.25274725274725274,0.37142857142857144,0.293687707641196,0.16045758250658027,0.3051643192488263,0.3611111111111111
Elfrid Payton,NOP,0.14285714285714285,0.33186813186813185,0.2910299003322259,0.28396436525612473,0.24647887323943662,0.5
Jeremiah Robinson-Earl,DAL,0.37362637362637363,0.3076923076923077,0.1700996677740864,0.8024903826685563,0.2390098164746052,0.19444444444444445
Gary Trent Jr.,MIL,0.4175824175824176,0.36923076923076925,0.43654485049833885,0.9011945738003644,0.290758861595647,0.1388888888888889
Hunter Tyson,DEN,0.06593406593406595,0.32087912087912085,0.32491694352159467,0.6173314436120673,0.08869827964325747,0.5833333333333334
Ja'Kobe Walter,TOR,0.2087912087912088,0.3934065934065934,0.33488372093023255,0.6295808868191941,0.2576317634312663,0.4027777777777778
Damion Baugh,CHA,0.21978021978021978,0.4087912087912088,0.2777408637873754,0.17280826078153472,0.25904446285556476,0.3888888888888889
Terry Rozier,MIA,0.1978021978021978,0.42857142857142855,0.2963455149501661,0.7777890261186474,0.31927471692902515,0.4166666666666667
Bruce Brown,DEN,0.27472527472527475,0.37142857142857144,0.2398671096345515,0.4938246608625228,0.27960205037013086,0.3055555555555555
Jae Crowder,SAC,0.15384615384615385,0.24835164835164836,0.3780730897009967,0.09880542619963555,0.10310227377335911,0.45833333333333337
Doug McDermott,SAC,0.3076923076923077,0.32967032967032966,0.4079734219269103,0.5061753391374773,0.0810089293933536,0.2638888888888889
Garrett Temple,TOR,0.15384615384615385,0.2835164835164835,0.37142857142857144,0.3333670783559425,0.08423087544877104,0.45833333333333337
Ace Bailey,UTA,0.32967032967032966,,,,,0.2361111111111111
Jeff Green,HOU,0.27472527472527475,0.31648351648351647,0.3647840531561462,0.38266855638793285,0.1516328362330848,0.29166666666666663
Jonathan Mogbo,TOR,0.1208791208791209,0.31868131868131866,0.22990033222591363,0.765438347843693,0.26542698456534414,0.48611111111111116
James Wiseman,IND,0.25274725274725274,1.0,0.387375415282392,0.0,0.13532173432753383,0.3194444444444445
Jordan Hawkins,NOP,0.26373626373626374,0.4483516483516483,0.17940199335548174,0.678983599919012,0.28410660038663355,0.3055555555555555
Brice Sensabaugh,UTA,0.37362637362637363,0.45714285714285713,0.20066445182724252,0.8642437740433286,0.2828959395700355,0.16666666666666666
Keyonte George,UTA,0.43956043956043955,0.5208791208791208,0.04983388704318937,0.8148410609435107,0.4694423491490353,0.06944444444444445
Taj Gibson,CHA,0.054945054945054944,0.29010989010989013,0.30764119601328904,0.444421947762705,0.1306194346790867,0.5555555555555556
Bradley Beal,LAC,0.23076923076923073,0.48131868131868133,0.20863787375415282,0.6419315650941486,0.4599479972695961,0.3194444444444445
Rayan Rupert,POR,0.1208791208791209,0.34285714285714286,0.332890365448505,0.6295808868191941,0.08922312153463768,0.45833333333333337
Brooks Barnhizer,OKC,0.1208791208791209,,,,,0.45833333333333337
Olivier-Maxence Prosper,MEM,0.10989010989010989,0.34725274725274724,0.3209302325581395,0.6295808868191941,0.14312875746181464,0.45833333333333337
Bojan Bogdanović,BKN,0.2087912087912088,,,,,0.33333333333333337
Tristan Vukcevic,WAS,0.16483516483516483,0.5538461538461539,0.30697674418604654,0.4197205912127961,0.2711958022645678,0.3888888888888889
Nigel Hayes-Davis,PHX,0.10989010989010989,,,,,0.45833333333333337
Nick Richards,PHX,0.29670329670329676,0.37142857142857144,0.23388704318936876,0.6913342781939664,0.35000508728324536,0.22222222222222218
Kobe Brown,LAC,0.1868131868131868,0.2945054945054945,0.3548172757475083,0.48147398258756835,0.07974316487158244,0.3611111111111111
Tyrese Martin,BKN,0.1978021978021978,0.3934065934065934,0.2186046511627907,0.7283863130188297,0.2683881064162754,0.34722222222222227
Jericho Sims,MIL,0.054945054945054944,0.16263736263736261,0.40664451827242526,0.6419315650941486,0.11817854965531258,0.513888888888889
Drake Powell,BKN,0.1208791208791209,,,,,0.4166666666666667
KJ Simpson,CHA,0.17582417582417584,0.41318681318681316,0.2053156146179402,0.43207126948775054,0.26151462149805155,0.33333333333333337
Nic Claxton,BKN,0.0989010989010989,0.3648351648351648,0.059800664451827246,0.8518930957683742,0.40624136978735165,0.4305555555555555
Maxime Raynaud,SAC,0.16483516483516483,,,,,0.3194444444444445
Kyle Kuzma,MIL,0.13186813186813184,0.512087912087912,0.11162790697674418,0.7901397043936019,0.41488751513606525,0.3611111111111111
Russell Westbrook,SAC,0.21978021978021978,0.5054945054945055,0.3740863787375415,0.9135452520753188,0.443855288594311,0.22222222222222218
Jarace Walker,IND,0.043956043956043946,0.3626373626373626,0.2930232558139535,0.9135452520753188,0.2064623032311516,0.4166666666666667
Cody Williams,UTA,0.16483516483516483,0.2681318681318681,0.1647840531561462,0.6049807653371128,0.15349351008008838,0.2638888888888889
Nick Smith Jr.,LAL,0.1208791208791209,0.4505494505494505,0.12558139534883722,0.7283863130188297,0.2593666574611065,0.3055555555555555
Justin Edwards,PHI,0.3516483516483517,0.3626373626373626,0.20398671096345514,0.530876695687386,0.2961261329115513,0.0
Will Riley,WAS,0.043956043956043946,,,,,0.3888888888888889
Jeremiah Fears,NOP,0.1868131868131868,,,,,0.18055555555555555
Isaiah Collier,UTA,0.1978021978021978,0.4087912087912088,0.12225913621262459,0.8642437740433286,0.31856424378916415,0.1388888888888889
Carlton Carrington,WAS,0.13186813186813184,,,,,0.18055555555555555
